,10.49,20.49,30.49,40.49,50.49,60.49,70.49,80.49,90.49,100.49,110.49,120.49,130.49,140.49,150.49,160.49,170.49,180.49,190.49,200.49,210.49,220.49,230.49,240.49,250.49,260.49,270.49,280.49,290.49,300.49,310.49,320.49,330.49,340.49,350.49,360.49,370.49,380.49,390.49,400.49,410.49,420.49,430.49,440.49,450.49,460.49,470.49,480.49,490.49,500.49,510.49,520.49,530.49,540.49,550.49,560.49,570.49,580.49,590.49,600.49,610.49,620.49,630.49,640.49,650.49,660.49,670.49,680.49,690.49,700.49,710.49,720.49,730.49,740.49,750.49,760.49,770.49,780.49,790.49,800.49,810.49,820.49,830.49,840.49,850.49,860.49,870.49,880.49,890.49,900.49,910.49,920.49,930.49,940.49,950.49,960.49,970.49,980.49,990.49,1000.49,1010.49,1020.49,1030.49,1040.49,1050.49,1060.49,1070.49,1080.49,1090.49,1100.49,1110.49,1120.49,1130.49,1140.49,1150.49,1160.49,1170.49,1180.49,1190.49,1200.49,1210.49,1220.49,1230.49,1240.49,1250.49,1260.49,1270.49,1280.49,1290.49,1300.49,1310.49,1320.49,1330.49,1340.49,1350.49,1360.49,1370.49,1380.49,1390.49,1400.49,1410.49,1420.49,1430.49,1440.49,1450.49,1460.49,1470.49,1480.49,1490.49,1500.49,1510.49,1520.49,1530.49,1540.49,1550.49,1560.49,1570.49,1580.49,1590.49,1600.49,1610.49,1620.49,1630.49,1640.49,1650.49,1660.49,1670.49,1680.49,1690.49,1700.49,1710.49,1720.49,1730.49,1740.49,1750.49,1760.49,1770.49,1780.49,1790.49,1800.49,1810.49,1820.49,1830.49,1840.49,1850.49,1860.49,1870.49,1880.49,1890.49,1900.49,1910.49,1920.49,1930.49,1940.49,1950.49,1960.49,1970.49,1980.49,1990.49,2000.49,2010.49,2020.49,2030.49,2040.49,2050.49,2060.49,2070.49,2080.49,2090.49,2100.49,MBIC tobramycin
L26_CONTR_AA2-1,0.765837741370876,0.843122881720152,0.923537133111624,0.937769961165452,0.996248025986036,0.963791547658168,0.960389520459444,0.934804190291316,0.881811491638544,0.808876829341472,0.727499315449724,0.637168302702444,0.5191997475104361,0.3711677546911368,0.2145200311394828,0.09802680775235881,0.054659030421068004,0.0440819267388568,0.03911808944336724,0.03497942924136212,0.03120147627022472,0.027716063953177637,0.02488422564167612,0.02251963772532464,0.02002161113100444,0.01773689308901056,0.015585264995932439,0.01031724587777208,0.009319950450357559,0.00876437420525112,0.008064188818410199,0.00742602979178152,0.0069046839894081604,0.006408159769922759,0.0059331635185315605,0.00535238350205872,0.00491821502942428,0.00444077966646324,0.0038490986710356242,0.0032271730801636156,0.003361711605944356,0.003253074323897176,0.003146734496841316,0.002802489449776752,0.002788504132422524,0.002410126947787676,0.0023189760141980277,0.0019473037150174479,0.0016314383027865001,0.001389841746715868,0.0012291761971641119,0.000975781046940972,0.0006023251132583119,0.000625494543413848,0.00024014801948108082,0.00011629601713070679,-0.0001982695359864316,-0.000453086947560492,-0.00062068256721918,-0.0009901146639559521,-0.001574808776548928,-0.002167642340224664,-0.0024209687983233323,-0.002771566868556208,-0.0030202318389603603,-0.00313460111135644,-0.003269827576795984,-0.0032986668081747997,-0.003461314448742692,-0.003755153127456644,-0.0038543865466254598,-0.003915883967891124,-0.0041268162737910005,-0.00423529096917732,-0.00447322261121952,-0.0044937451784832,-0.00450508652947244,-0.00475458474335768,-0.004828534036327,-0.00484052332151212,-0.00510186406717132,-0.00514961465795652,-0.00528405384070256,-0.00532508568156808,-0.00521772153496032,-0.005531050482045521,-0.00556974117627952,-0.00578773456374136,-0.0059110180450842,-0.00591757095564968,-0.00592941922740912,-0.0060245538911102,-0.00598228438501044,-0.00610871091608364,-0.00646279538788548,-0.00622714173482008,-0.0064311569230828,-0.0064397900227798795,-0.00642930381200652,-0.006461760588425,-0.00628912014998612,-0.006204135001828761,-0.00596454660701636,-0.00582869279878748,-0.00574509538422264,-0.005774504754026,-0.0056420990735401196,-0.00585231894679468,-0.0057528361207138,-0.00591783546895656,-0.00574521194027996,-0.00585781560291252,-0.00597414101311728,-0.00595225747334472,-0.00590371102293708,-0.00606397698174072,-0.00605621739956744,-0.00620828260702032,-0.00609591478254988,-0.00630414997803768,-0.00623897361667584,-0.00633753141479848,-0.00656871122442836,-0.00642739289094388,-0.00662023291348992,-0.006643648303412479,-0.00664442358806656,-0.0066311428923672405,-0.00672543945959344,-0.00653393024009208,-0.007062317866894961,-0.00691750287832816,-0.00682277189365888,-0.007073050669912239,-0.0070608294670164,-0.0071180579399047995,-0.0074394779413270405,0.0,0.0,0.0,0.0,0.0,0.0,0.0,0.0,0.0,0.0,0.0,0.0,0.0,0.0,0.0,0.0,0.0,0.0,0.0,0.0,0.0,0.0,0.0,0.0,0.0,0.0,0.0,0.0,0.0,0.0,0.0,0.0,0.0,0.0,0.0,0.0,0.0,0.0,0.0,0.0,0.0,0.0,0.0,0.0,0.0,0.0,0.0,0.0,0.0,0.0,0.0,0.0,0.0,0.0,0.0,0.0,0.0,0.0,0.0,0.0,0.0,0.0,0.0,0.0,0.0,0.0,0.0,0.0,0.0,0.0,0.0,0.0,0.0,4.0
L26_CONTR_AA2-1,0.720424137693508,0.7968287344998001,0.880756611166284,0.920088864348364,0.964038689170664,0.972914621300932,0.958555169194488,0.9277426239316721,0.871628983223452,0.786884499916412,0.678391920794428,0.5286785403221881,0.3402507553565332,0.16082848984260723,0.0759331361776532,0.0437577369833676,0.0242827920161132,0.015252865638449879,0.011223389859277599,0.00865774274419992,0.00605033251376308,0.0040533361857344,0.002464467410782844,0.001247990135671156,0.0001094516322825272,-0.000684974922174528,-0.0016017362033192279,-0.0022970121220006,-0.002799970366198836,-0.003285652638875044,-0.003539131314871448,-0.00380701409407508,-0.0040040789168654806,-0.0042606329772782395,-0.00420136577607236,-0.00425458035141212,-0.0040500457283133996,-0.00404701926061288,-0.003722523143530136,-0.003588801496304268,-0.003436217632528492,-0.002914288797110548,-0.002704522987515224,-0.00231351970161412,-0.002065674426568808,-0.001646311128620924,-0.001542038903912648,-0.0010829737588056321,-0.0008477133951751399,-0.000825492474779008,-0.000427444612751088,-0.0001709125418653196,-0.0001988065764729912,1.348325031690644e-05,0.0002177859266187696,0.00035654631515885324,0.00042797416830936804,0.0005401244148056439,0.000626624003298112,0.000716963962036688,0.000803223816071176,0.001051951263855924,0.0010898651213916638,0.001300170658762448,0.00124577213392956,0.001369653191030108,0.001087153424095616,0.001433453794363012,0.001579301061778252,0.001594648681814192,0.002019745922194788,0.002104142987387348,0.002260530176904692,0.002332708822708716,0.00248400256311794,0.002725189548700324,0.002863610624804484,0.0027909133600598837,0.002768438007500332,0.0028771104240010482,0.00280873642287854,0.0029672137301108917,0.003132698079399648,0.0031827107767885636,0.003203745874287604,0.003184751865249528,0.0034434291810963684,0.003386001109505968,0.0034553398227820963,0.003385242255169732,0.003517615621350932,0.003457749352704668,0.003681027035076228,0.0035835212008997882,0.003625903064176652,0.0035890953752983797,0.0036155311281660597,0.00365188753322382,0.003456821778091784,0.0036911615127085723,0.003700637088738308,0.003696855723922424,0.003630629776780964,0.003597937188255768,0.003590635610499804,0.003661843636885012,0.0037494063840965,0.0036593234810169202,0.003673629936280004,0.003572777941284972,0.0037152766786612717,0.003699070403687972,0.00362538645978886,0.0036677409926168443,0.003707727114311716,0.003655476560150752,0.003868172351291292,0.003578348204939016,0.003756243702613404,0.0035687902343328,0.003676404597585528,0.003396048794505416,0.0036383083218671478,0.003498305958468672,0.0034911139095342558,0.003303755498499908,0.0034297796599661997,0.003417403892350928,0.003195013253135132,0.0030712848037022238,0.003419277463834652,0.0033367797394505357,0.00332890622773618,0.002980399941475984,0.003473088133120044,0.00319550561825764,0.0030976211396188643,0.0,0.0,0.0,0.0,0.0,0.0,0.0,0.0,0.0,0.0,0.0,0.0,0.0,0.0,0.0,0.0,0.0,0.0,0.0,0.0,0.0,0.0,0.0,0.0,0.0,0.0,0.0,0.0,0.0,0.0,0.0,0.0,0.0,0.0,0.0,0.0,0.0,0.0,0.0,0.0,0.0,0.0,0.0,0.0,0.0,0.0,0.0,0.0,0.0,0.0,0.0,0.0,0.0,0.0,0.0,0.0,0.0,0.0,0.0,0.0,0.0,0.0,0.0,0.0,0.0,0.0,0.0,0.0,0.0,0.0,0.0,0.0,0.0,4.0
L27_CONTR_AA2-1,0.546652649527084,0.591439499748068,0.677165438316692,0.764660261199676,0.8407891118641799,0.894330323081408,0.960938640133284,0.997076805710072,0.9755904843622081,0.94268092983524,0.88245712495258,0.800296755786808,0.699885491214436,0.578038500901828,0.415748601091724,0.2353110361092684,0.0976383144611712,0.0472403771350028,0.036739076086092635,0.03197640313224312,0.027764896794572242,0.02482689344685072,0.02215854451252176,0.019904128052877362,0.01758828157097356,0.015801297245951522,0.014240669776611,0.01258300844879108,0.01112880791191464,0.00997811137360592,0.00895133730790852,0.00810531508913664,0.00728479385878972,0.006967213359358041,0.0058743088057538,0.00485899023960764,0.00431529067478252,0.0036236311598082122,0.003070023041832564,0.0026053004024970358,0.0024632605138918723,0.001924795595535328,0.001564568372722192,0.00129027327718372,0.00115305713784894,0.00118860293683562,0.001021747404043408,0.000735681176050224,0.000705859519620604,0.000631433342736728,0.000463309315164376,0.000591880386737084,0.00035720029041396876,0.0002723552733311872,0.000258132008809054,0.00027227246424395155,-4.6119141433364e-05,-0.0002150471169387696,-0.00040115587618249596,-0.000577946189742144,-0.000771389852125216,-0.000907720143788588,-0.000954931117644908,-0.0011225822347960398,-0.001319457993106612,-0.00138984989751154,-0.0016127604643253839,-0.001879162023511396,-0.0019344473391146159,-0.002183733746693656,-0.002317186599095776,-0.0025324029282133157,-0.0024755186491466283,-0.002748881668985212,-0.0026759104416165,-0.003023661517800852,-0.002949786759920968,-0.003052317933075508,-0.00330930390810608,-0.003506570844757784,-0.0036327368551731637,-0.003775327551716712,-0.003929699966268376,-0.0041610730847966,-0.004061859644936,-0.00439126318836428,-0.0044135219135914,-0.00442862068637516,-0.00465149583468648,-0.00463566908230172,-0.004706862073010279,-0.005055445945432439,-0.00509498212838208,-0.00506840113282556,-0.00516786402740804,-0.00530145874538556,-0.00552160797234184,-0.00566720160938176,-0.00571263996848368,-0.00569746981452024,-0.0059970890435337995,-0.00592981073815324,-0.005958742665940479,-0.00615633325204752,-0.0060884890411091195,-0.00622087272858144,-0.0063210897581768,-0.0065258554761909605,-0.00654881008241488,-0.00666359918573332,-0.0067728883719852,-0.0067857866371254,-0.00654481053283672,-0.00675625551804652,-0.00713117834360008,-0.00699251478331776,-0.00718283850834032,-0.007105171824560439,-0.00717885377827272,-0.0074192280183712,-0.00731457373363976,-0.00760487909389108,-0.007666540502180841,-0.00775891411462696,-0.00792242328210412,-0.00795446959781296,-0.00802049705105016,-0.0082358454970536,-0.008131167531266801,-0.008311314276633841,-0.0082411583631224,-0.00825758716676472,-0.00844969975959188,-0.008704928243981759,-0.008465404977283679,-0.00874225707917244,-0.008741891318524401,0.0,0.0,0.0,0.0,0.0,0.0,0.0,0.0,0.0,0.0,0.0,0.0,0.0,0.0,0.0,0.0,0.0,0.0,0.0,0.0,0.0,0.0,0.0,0.0,0.0,0.0,0.0,0.0,0.0,0.0,0.0,0.0,0.0,0.0,0.0,0.0,0.0,0.0,0.0,0.0,0.0,0.0,0.0,0.0,0.0,0.0,0.0,0.0,0.0,0.0,0.0,0.0,0.0,0.0,0.0,0.0,0.0,0.0,0.0,0.0,0.0,0.0,0.0,0.0,0.0,0.0,0.0,0.0,0.0,0.0,0.0,0.0,0.0,4.0
L27_CONTR_AA2-1,0.597303896588608,0.635580268731484,0.711861581630424,0.792927523340184,0.868170846831656,0.920896010069088,0.983641173914024,1.025478368068496,1.008091026591748,0.966005270578056,0.89503621311504,0.8003501524919839,0.663036843259428,0.47369233491527596,0.2616418901671796,0.10238330850909681,0.0541459165931904,0.0555432988660056,0.0410849206778096,0.03546003373707448,0.0320259674914958,0.028791395084221398,0.02643029058230868,0.02417952287860168,0.02236427143617092,0.02071550591567172,0.01921405809214504,0.01784923199042832,0.01647874583529976,0.01535167767435504,0.01440031255935164,0.01354796715473368,0.01252614282503044,0.0118281121789242,0.01096395044527616,0.01028676770989736,0.00970552541276552,0.00907975200692432,0.00861512750671684,0.00676112926783208,0.005977453104873321,0.00543374842469356,0.00487153330688424,0.00449904720609248,0.0041315554975124395,0.003806016075413776,0.003447838269688436,0.00295983091426368,0.002531154011177052,0.002209114533295864,0.001830171192889068,0.00131698106166412,0.0008455615113909,0.0005059245823501481,0.00028854457881741116,-6.84583315698124e-05,-0.00065176014638504,-0.001316471241848968,-0.001637728627105572,-0.001770135796390024,-0.002201022046927616,-0.00262119735554462,-0.002887166614013008,-0.0032656850590538997,-0.00419765858495828,-0.0047891866547911995,-0.0053823147556458,-0.00559651602285512,-0.00568763664563156,-0.0059529356616586,-0.00627822770980084,-0.00644012375724736,-0.006661979269613519,-0.00672520298991392,-0.00693656240096472,-0.00724910667183828,-0.00749117501116336,-0.00750238290792904,-0.007686269406241599,-0.007786382694651281,-0.008008716728147399,-0.00828753668624816,-0.008281613769958639,-0.008551381474266281,-0.00876255615446744,-0.00872965725567108,-0.0087934609654524,-0.009157606176893322,-0.009467026596817361,-0.00943621197020532,-0.00950344313379104,-0.00976416798731364,-0.0096786017548934,-0.01002218311102696,-0.01009726243690696,-0.01031442414194136,-0.0103308305253566,-0.01043078378377472,-0.01051610873438268,-0.01061482108635872,-0.010765066129905639,-0.01087803479212224,-0.01087692396606856,-0.01107306820501316,-0.011092788307155842,-0.01129644768262912,-0.01137020331767784,-0.011369199834227,-0.01148193175576684,-0.011588151691999199,-0.01170412178714928,-0.011858065952796,-0.011914089731092639,-0.01209089037974256,-0.01221855483465332,-0.01226331534362008,-0.01251955437284096,-0.012439133999709,-0.01269246577407236,-0.012556100467832041,-0.012966534868252961,-0.01282195345343084,-0.01298894906237844,-0.013164539382745399,-0.013447163318703399,-0.013301978135360921,-0.013336123494113719,-0.01363507938131376,-0.0134965169244322,-0.01367738932271868,-0.013750483884734481,-0.013791203344048,-0.013731778431429,-0.01418896920967312,-0.01434518533154588,-0.014287351768669961,-0.01430643497170624,0.0,0.0,0.0,0.0,0.0,0.0,0.0,0.0,0.0,0.0,0.0,0.0,0.0,0.0,0.0,0.0,0.0,0.0,0.0,0.0,0.0,0.0,0.0,0.0,0.0,0.0,0.0,0.0,0.0,0.0,0.0,0.0,0.0,0.0,0.0,0.0,0.0,0.0,0.0,0.0,0.0,0.0,0.0,0.0,0.0,0.0,0.0,0.0,0.0,0.0,0.0,0.0,0.0,0.0,0.0,0.0,0.0,0.0,0.0,0.0,0.0,0.0,0.0,0.0,0.0,0.0,0.0,0.0,0.0,0.0,0.0,0.0,0.0,4.0
L28_CONTR_AA2-1,0.5309168913322,0.5824772212354721,0.677944284332404,0.77625793580752,0.859800064569724,0.933582005398224,1.016620484836608,1.052177480479368,1.035463630440724,0.9407681381897841,0.752169829789308,0.515604454105136,0.2722410406777476,0.10340857641421719,0.0588963667334984,0.0393406940977086,0.02617473880360252,0.01783555844773736,0.01272492669306896,0.009948913543040882,0.00827188115957676,0.00665884970598548,0.00531147587076976,0.00441825746977368,0.0035837514184095436,0.002802551801985644,0.00223855956909432,0.001674388192859436,0.001023581941482264,0.000850565004793312,0.0003725789973322624,-5.32040565461456e-05,-0.0001471355386367956,-0.00045864397774048797,-0.00046715022962956,-0.000734395802642544,-0.000714608832833732,-0.000964639441454188,-0.001027753757492472,-0.000884035519504212,-0.000964876031514064,-0.001036969167953824,-0.001079915188659096,-0.001021497812398592,-0.000826043485263464,-0.0010351489081244201,-0.000632303323502876,-0.00076278900271222,-0.000737924706317356,-0.000704763777038004,-0.000509660748487048,-0.0002338317760745856,4.30326079759904e-05,6.15826162721672e-05,6.37886253695172e-06,0.0002706800779840736,0.000368966360082708,0.00039297995525034915,0.00043097917751201996,0.000673200739948496,0.0006659960605370801,0.000662009763698908,0.000573835999804868,0.000410166461766028,0.00053935690795968,0.000617038653394516,0.000496812037019172,0.000792965455785276,0.000698901593335464,0.000618624711346508,0.000688167549110072,0.000913681194821564,0.000940077734612312,0.0011497317040236761,0.00102255755934098,0.001064850139201776,0.001249429734165836,0.001214159979374168,0.0012023545245844441,0.001133165501947296,0.00121817375161246,0.0009188847818706199,0.001265221147264952,0.001307461897878788,0.0010552802497969,0.001232420014048644,0.0011651586304161198,0.0012754227741681079,0.0012339068249704079,0.00134593150481038,0.001261059472274536,0.001139781744359516,0.001160447563433548,0.001273068170640896,0.001314715286454492,0.001265845153999692,0.001380390834747988,0.001212957063987772,0.0013720550525559122,0.0014691805019831801,0.0012675497062407319,0.0015278071255516682,0.001406368316106024,0.0014529237266441598,0.001262263374742396,0.001411262725087884,0.0013818895803430799,0.001333191209764864,0.0013228968392272919,0.0012983308189418198,0.00142379718131148,0.001565548996829328,0.001269802921249512,0.00155946426194246,0.0015321595013320678,0.001408614975579676,0.0015341513859593841,0.001518238715401144,0.001433624593910268,0.0015964499588177238,0.0013807861233493478,0.001432779232589108,0.001564573782256248,0.001608471022489532,0.001352710711844308,0.001448807655739524,0.00138254452598694,0.00143240155501014,0.001400344805539424,0.0011153154719020998,0.001330018193265528,0.001432627264679976,0.0013063346416408682,0.001368469907807312,0.001232054523817268,0.0014393927121373559,0.001359928766645488,0.0,0.0,0.0,0.0,0.0,0.0,0.0,0.0,0.0,0.0,0.0,0.0,0.0,0.0,0.0,0.0,0.0,0.0,0.0,0.0,0.0,0.0,0.0,0.0,0.0,0.0,0.0,0.0,0.0,0.0,0.0,0.0,0.0,0.0,0.0,0.0,0.0,0.0,0.0,0.0,0.0,0.0,0.0,0.0,0.0,0.0,0.0,0.0,0.0,0.0,0.0,0.0,0.0,0.0,0.0,0.0,0.0,0.0,0.0,0.0,0.0,0.0,0.0,0.0,0.0,0.0,0.0,0.0,0.0,0.0,0.0,0.0,0.0,4.0
L28_CONTR_AA2-1,0.565939645406168,0.6062265504618201,0.69022183554316,0.780739651675284,0.845338949134448,0.8971244023037479,0.9506919252738041,0.962865072045572,0.920843134905192,0.844386029157428,0.729015319660356,0.558845671409564,0.3598341914696952,0.1570320691823168,0.052472983140128396,0.02615855749956928,0.0128580524782304,0.00659512856056872,0.002942768378989484,0.00127196587782316,-0.0001475773032032252,-0.00167292750543898,-0.002825066796573188,-0.003660887063459632,-0.00441348575368764,-0.0045881438417593595,-0.00494416369992972,-0.00485264182571408,-0.005109534791928241,-0.0048615367678382405,-0.00479689401752172,-0.004719118598208121,-0.00458542339806276,-0.00427383220479,-0.00405079265374436,-0.003815672256502752,-0.003569614382344076,-0.003446757877971036,-0.003076598907509172,-0.002840619408541824,-0.002818488563513328,-0.0025436440355110917,-0.002409997186938204,-0.0022950472071570764,-0.0019451680606230159,-0.001677058109941232,-0.001597006872340164,-0.00132363917571244,-0.0010628896139414361,-0.0009377489970173721,-0.000778639948269652,-0.00053627254433632,-0.00027432176725451156,-0.0001717279441804556,4.03735718662444e-06,0.000271253552355372,0.000531847006861324,0.000559866732804312,0.0010737520032149319,0.0011350927693578282,0.000989788987884484,0.0012451823176586761,0.00119117427857802,0.00139705213309952,0.0014266844509905079,0.001556706931249068,0.00183460005840024,0.0020116891538284358,0.002042874739756896,0.002207021011828976,0.0023110045020496403,0.002173903698438464,0.002409905276423728,0.002521504974797684,0.002622458301715032,0.00267586197895092,0.002744654624911548,0.002611205812074188,0.002588629313527432,0.002860542825890532,0.002928600798186148,0.003016845265753276,0.0029568182696583477,0.0031880221543873,0.0032296313002603562,0.003179295145585956,0.003313430205644808,0.003196755238959456,0.00337222290190634,0.0033506523916959677,0.0036060882234842002,0.003376753753745112,0.003620509648487068,0.003340682424591276,0.0037008471319123683,0.003674454774936396,0.003562916964000656,0.003594241092746436,0.003807931154070152,0.0038307912707645363,0.003631018936323664,0.0038856997348888597,0.003743928658612724,0.003958786880267592,0.003819633089728644,0.0037620826809117883,0.00404192667492076,0.00401075093429292,0.00404927426078908,0.00409823019519304,0.00404945218504384,0.003991046515924244,0.0040862182487213594,0.00404801397643736,0.0041904500400624795,0.0042070561309552005,0.00414039915033012,0.00407446742062412,0.00426375206878656,0.0043100599841154,0.00440484128515936,0.00441574893959884,0.00441484546644016,0.00442494565288452,0.0043136809373587204,0.004487459398071,0.0043617969600651596,0.00439153305855944,0.004564333299015641,0.00450962049882308,0.0047611169801215205,0.004673631667074399,0.004774820713013319,0.00463758550287036,0.00458918263007212,0.00459573050809644,0.0047853643262698396,0.0,0.0,0.0,0.0,0.0,0.0,0.0,0.0,0.0,0.0,0.0,0.0,0.0,0.0,0.0,0.0,0.0,0.0,0.0,0.0,0.0,0.0,0.0,0.0,0.0,0.0,0.0,0.0,0.0,0.0,0.0,0.0,0.0,0.0,0.0,0.0,0.0,0.0,0.0,0.0,0.0,0.0,0.0,0.0,0.0,0.0,0.0,0.0,0.0,0.0,0.0,0.0,0.0,0.0,0.0,0.0,0.0,0.0,0.0,0.0,0.0,0.0,0.0,0.0,0.0,0.0,0.0,0.0,0.0,0.0,0.0,0.0,0.0,4.0
L29_CONTR_AA2-1,0.648804525241612,0.716971329593192,0.8249094362680119,0.9128935074372,0.9321858195454,0.99840203282066,0.988221864948968,0.972814937546548,0.93501137169356,0.8699712859164,0.783489903026488,0.6830334113917,0.562197417613344,0.404931056426344,0.2358770733975492,0.10335055852004081,0.0522727093036564,0.0392742166979966,0.033477468604284716,0.02957728930114228,0.02633999256076388,0.023466720908944,0.02082369011856968,0.01838008973518928,0.01603604673644416,0.01444428761140748,0.01304073211834212,0.011760656141300601,0.01065581901781904,0.00974074385718976,0.008827789245223639,0.00808061396279184,0.0074105089750164405,0.00691930466726768,0.0063639123100466795,0.00597394668078984,0.0054209784829389596,0.004897519514760681,0.004344355911788399,0.003913772688876912,0.003416983578903,0.0030359682918471398,0.002523734246239084,0.0021272941478349917,0.00203597454951062,0.002128336209134136,0.002081838716549684,0.001107419373251744,0.000498166689557456,1.5553984958682522e-05,-0.0001299008506895952,-0.000457611829686136,-0.000562468873505072,-0.000569337229126092,-0.000665753817178928,-0.000613001047928984,-0.0006868495893412239,-0.000616538318889808,-0.000556675677347672,-0.000626145828917524,-0.000513096555654996,-0.000590192325470448,-0.0005599710510874279,-0.000607729433079544,-0.000757833737616204,-0.0005398794756128041,-0.00052330254860058,-0.00075539332552242,-0.000538809935677404,-0.000592315866666412,-0.0006262504868900159,-0.000511953671474948,-0.000434021816247732,-0.00052916360190162,-0.000423173885012056,-0.000428409019181492,-0.00056736061434828,-0.0004583230124112,-0.0003977192736185604,-0.000464033016758164,-0.0005385929368710241,-0.0003798576248426944,-0.0002988556296440708,-0.000544620634895712,-0.000591267448734996,-0.000479281209590668,-0.000376407169152192,-0.00064653350587146,-0.0005024250428265879,-0.0006031731075762961,-0.00047871282228185204,-0.000509601130044728,-0.000704301268803392,-0.000585404512911972,-0.000732390761363692,-0.000589243865885232,-0.000722581964788536,-0.0006950424388890321,-0.00081948112756706,-0.000810385137393028,-0.000940539124694216,-0.000880405575830408,-0.001102149191070212,-0.001211508276198084,-0.0008073786298384719,-0.0009826559139738081,-0.001097630514837904,-0.000975354652728768,-0.001136617717807872,-0.001279187363632176,-0.0013495038250410081,-0.0012296756315843401,-0.0012349149197632481,-0.001294096460834828,-0.00114833591599752,-0.001362843169067584,-0.001162520976852156,-0.0013152884603213199,-0.001296312124246172,-0.001313545486856364,-0.001421680406221776,-0.0014248008497456922,-0.001354395820675796,-0.00161996565471026,-0.00149363575541078,-0.00156638066177998,-0.001790409165138712,-0.001477759062805176,-0.001542478112362748,-0.001689124721959292,-0.001807994068515852,-0.001694196180699312,-0.001631301911972884,-0.0019612969363768202,-0.001737710952519492,-0.001673950497740128,-0.002210178514686892,0.0,0.0,0.0,0.0,0.0,0.0,0.0,0.0,0.0,0.0,0.0,0.0,0.0,0.0,0.0,0.0,0.0,0.0,0.0,0.0,0.0,0.0,0.0,0.0,0.0,0.0,0.0,0.0,0.0,0.0,0.0,0.0,0.0,0.0,0.0,0.0,0.0,0.0,0.0,0.0,0.0,0.0,0.0,0.0,0.0,0.0,0.0,0.0,0.0,0.0,0.0,0.0,0.0,0.0,0.0,0.0,0.0,0.0,0.0,0.0,0.0,0.0,0.0,0.0,0.0,0.0,0.0,0.0,0.0,0.0,0.0,0.0,0.0,4.0
L29_CONTR_AA2-1,0.737184929431792,0.788115390838044,0.890855481322348,0.957383859557252,0.977929538261268,1.0377605053115682,1.0089408554016799,0.976721910727224,0.9184893960097881,0.839862644119292,0.736490460423836,0.6112528164044599,0.44703177946586,0.268149148890252,0.1219148026108592,0.0540240737516912,0.03904820128633932,0.032553654483747675,0.0287447972777054,0.02598407820955648,0.02302992772367436,0.02041779148018416,0.0176859618506604,0.01580984730468172,0.01410066190148472,0.01245066003190356,0.01118700894536964,0.010347563106485479,0.00920561546015276,0.0085003823828288,0.00770243609260508,0.007185555821269961,0.00644334509153032,0.0058325918629331605,0.00528449473052168,0.0049924064831736,0.00458495040562316,0.0043713185011326,0.003807451370592772,0.003410287165957016,0.003250747816404524,0.003070362909669572,0.0029077657101048283,0.0023651286412242757,0.002217853240376144,0.0018450778300396,0.001721101997472284,0.001357316605621336,0.0011441263612452079,0.0008116921418378839,0.0006240312574128199,0.000572314537907752,0.0002368174456590152,0.0002276579311443332,-1.33851451278374e-05,-8.90974698290388e-05,-0.00042572955192296004,-0.0003631646385861624,-0.000737394544447632,-0.001076847454687008,-0.0010606971495888,-0.001189806036485904,-0.001512296964266584,-0.001520154866218784,-0.001585005182379192,-0.001690455047362556,-0.001783872262345736,-0.001959447550958608,-0.001966305340157572,-0.001896401846655772,-0.002303871026688372,-0.002367317173903264,-0.00219583003675368,-0.002478834464046212,-0.002616681979510584,-0.0027807167470535517,-0.0028229942812378482,-0.00283728760890082,-0.002864175754792252,-0.0031273350261779237,-0.003150153556815468,-0.00326743326467066,-0.003297969190372852,-0.0035192656946883842,-0.0034282201851727557,-0.003599790506943188,-0.00376864717922928,-0.003582681740344816,-0.00387210134700822,-0.0038511338385615363,-0.003239819652957308,-0.003532235865128456,-0.0036017733338465237,-0.003692541298931852,-0.00412945702497296,-0.0047997757735612,-0.00495003189136684,-0.00543792789553644,-0.00552782712902896,-0.005787873411613399,-0.00584308781387496,-0.005706437662328119,-0.005817467107591481,-0.005839468542283359,-0.00586484285822324,-0.00590225417658276,-0.00576559717506444,-0.0058740018174552,-0.00549201511045764,-0.00554819559358548,-0.0055284565032888405,-0.005524268794238681,-0.00529065924978688,-0.00521260874877616,-0.00499721577886552,-0.005161667188743,-0.00491360550077812,-0.0051100590325528,-0.004862923660170319,-0.00490255797976932,-0.00481554020376056,-0.00479714097408232,-0.00488237074815068,-0.00450662693867876,-0.0046338555745938795,-0.0043678802092386405,-0.00462938470729896,-0.00451539587443336,-0.00450629633103144,-0.0044859535512575995,-0.00429193529485188,-0.00438530975343556,-0.0042324983053682,-0.00427915858333064,-0.00430495736323808,-0.00408941296074576,-0.0040793703427374,0.0,0.0,0.0,0.0,0.0,0.0,0.0,0.0,0.0,0.0,0.0,0.0,0.0,0.0,0.0,0.0,0.0,0.0,0.0,0.0,0.0,0.0,0.0,0.0,0.0,0.0,0.0,0.0,0.0,0.0,0.0,0.0,0.0,0.0,0.0,0.0,0.0,0.0,0.0,0.0,0.0,0.0,0.0,0.0,0.0,0.0,0.0,0.0,0.0,0.0,0.0,0.0,0.0,0.0,0.0,0.0,0.0,0.0,0.0,0.0,0.0,0.0,0.0,0.0,0.0,0.0,0.0,0.0,0.0,0.0,0.0,0.0,0.0,4.0
L30_TOB_AA2-1,0.453893000907428,0.46767180375272,0.53009133399358,0.596738264577248,0.6632513663665,0.751068920081,0.811708893684776,0.85399957516922,0.898983345854548,0.926245261706068,0.900479796486184,0.819070111740112,0.697643076883276,0.5663941210648961,0.3968845184063896,0.1989766168967868,0.058109621000962,0.027634937926139958,0.022337236940986,0.01862112264556112,0.01463291505913968,0.01118789757189888,0.00860528784307856,0.00706525216812332,0.00579212877682848,0.00453551385779084,0.003474783252924568,0.002892987319275,0.0026505841709822202,0.0027037787431360523,0.002740393229761464,0.0023948119355314363,0.002397488343488708,0.002227735602574572,0.0021812532403155923,0.0021541077099107683,0.00202241863235446,0.001849060409411888,0.0016791509606620002,0.0016942332832714279,0.001617983101005176,0.001395038077081268,0.001434101220687904,0.001339401240448856,0.001149258892337144,0.001115166949934796,0.001076417328490664,0.0009543279097390601,0.000804668189363568,0.0007530203671887879,0.000496298261835816,0.00043985427705726796,0.000419238315785492,0.0002910297494311712,0.00024215664143435682,0.00021990452287483519,4.77944562508576e-05,0.0002021446994690792,3.1291514108114603e-06,-0.00016376449008180118,-0.000820176613740148,-0.001074240988172256,-0.001293387686578152,-0.001427227750476256,-0.0018035373011410561,-0.0019178225356528639,-0.0020752108735736037,-0.001734241303726068,-0.00184100100639778,-0.001807346929404968,-0.001835012942514356,-0.001868429208640996,-0.0020277526596435237,-0.001823158256953992,-0.001975920324431876,-0.0019877034387546038,-0.0019665077008871722,-0.00195911767334456,-0.002022680824353568,-0.002074149900877888,-0.002161368964236444,-0.002137913404519032,-0.0022237341242280803,-0.002219073264263868,-0.0022630288636199597,-0.0022636241774062,-0.00223284128378296,-0.002281518298071624,-0.0025119136187632,-0.0025342776918279124,-0.002374678790273488,-0.002641252912186256,-0.002553265922683864,-0.002652984915984832,-0.00264899035739578,-0.0026141364018884682,-0.002711979069251132,-0.0028338209144569164,-0.0025689956445760277,-0.002839181769675748,-0.002927239416642812,-0.002766405919981684,-0.0027664076795499318,-0.002874689155330992,-0.00292869781711784,-0.002938214490066596,-0.002891090838974948,-0.002813502332629564,-0.002960332192153964,-0.003045119851541152,-0.00291531170030574,-0.0027760741272106803,-0.003035070751975548,-0.00301604521497034,-0.0030301463387789438,-0.003071756484496048,-0.003032345202352124,-0.0031863362114008644,-0.0031926991219903117,-0.003070436129974372,-0.003120258230508384,-0.003128982413865372,-0.0031999377942715317,-0.003248395497553964,-0.0033422410232205363,-0.003400505295450156,-0.0033149570168003,-0.003134055406971572,-0.00335240449237894,-0.0035584299624384797,-0.0034056493155411116,-0.00334901703303344,-0.003431443245076344,-0.003512386746663388,-0.003425796221590124,-0.003558579620947396,-0.003502567346003068,0.0,0.0,0.0,0.0,0.0,0.0,0.0,0.0,0.0,0.0,0.0,0.0,0.0,0.0,0.0,0.0,0.0,0.0,0.0,0.0,0.0,0.0,0.0,0.0,0.0,0.0,0.0,0.0,0.0,0.0,0.0,0.0,0.0,0.0,0.0,0.0,0.0,0.0,0.0,0.0,0.0,0.0,0.0,0.0,0.0,0.0,0.0,0.0,0.0,0.0,0.0,0.0,0.0,0.0,0.0,0.0,0.0,0.0,0.0,0.0,0.0,0.0,0.0,0.0,0.0,0.0,0.0,0.0,0.0,0.0,0.0,0.0,0.0,16.0
L30_TOB_AA2-1,0.45452260642466397,0.460785953998328,0.51799334856814,0.5870046708539639,0.669501716546376,0.759214333096652,0.8228328102742359,0.866003968275128,0.916999062044228,0.9465774518028081,0.9231017775376119,0.838039119461352,0.715019803354548,0.567825327720248,0.3852245733099548,0.1841076931702192,0.0463628436795636,0.01794727545936164,0.01263614747858896,0.008462365967337399,0.00476571205322884,0.002063560789439732,0.0002295359016319212,-0.001027027934363452,-0.00169246752453228,-0.002374437644025772,-0.0028742108709251123,-0.00324592496705646,-0.0037444180450454997,-0.0037814263444807,-0.003886935884021828,-0.0040062081284859595,-0.00421852140722868,-0.0041823605862458405,-0.00419390084998416,-0.0041593762783518,-0.003725273044499216,-0.00376392325386948,-0.003731902713735288,-0.00335100412613492,-0.0030553967282272,-0.002832733937654936,-0.002283215750810692,-0.001945571353623796,-0.00163479825039584,-0.0013858147283348921,-0.000854830069520048,-0.0006904684826273801,-0.000280553159084334,-0.0001023402790161664,6.64988488034592e-05,9.94752088075572e-05,0.0002695243497451752,0.000402560522398572,0.000538364811618804,0.000155782021717656,8.716884008989919e-05,-3.6980388869798242e-06,2.061435986336376e-05,0.0002211027963895452,0.0003024148196729164,0.00045928945855838797,0.0005366100159684279,0.000671249041506752,0.0010638766589594279,0.001134996401593676,0.0012814989248055,0.001293893134718504,0.001432452235110048,0.001285773669631796,0.001249716548713816,0.0012234200834114319,0.001260932537458136,0.001276524437949188,0.001455711976706568,0.001304351907652728,0.0013370380738312359,0.001312385453485772,0.0012485516750605921,0.0015347923220776361,0.001477145643771024,0.00141288120696044,0.0016463602262571319,0.0015610007038300878,0.0016830467153085959,0.001503095831651888,0.001635580237720496,0.0015653211169435921,0.001668560584996168,0.001745945673086268,0.0016537852897260561,0.0016073958742074,0.001669750175167876,0.0015971288837831079,0.0016200737084616482,0.002112983614196208,0.002041045166783944,0.0022331909863344598,0.0020926794832015682,0.002167910541048576,0.0021540336793149438,0.002213584933775616,0.002024204692156316,0.002316269719485652,0.002246837218502404,0.0021084613718321717,0.002185077511825876,0.002110986546648316,0.002179336642189388,0.002240039379379988,0.0022053406922793923,0.002163084774697868,0.002170933135135296,0.002193572086890796,0.002051146516208244,0.00211280498653838,0.0021905341982251876,0.0021092300366457,0.002184062453272344,0.001946739485861216,0.002013069646742864,0.002096313052595132,0.0019083890214536322,0.001931823333741072,0.0016970063189478439,0.001644807682468072,0.001413338406329004,0.001470991141860452,0.001715796049950516,0.001651559307302164,0.00160653252423482,0.001476802095097512,0.0018714123299407718,0.001397746503997148,0.00175918296163602,0.001418908877475392,0.001465152965735008,0.0,0.0,0.0,0.0,0.0,0.0,0.0,0.0,0.0,0.0,0.0,0.0,0.0,0.0,0.0,0.0,0.0,0.0,0.0,0.0,0.0,0.0,0.0,0.0,0.0,0.0,0.0,0.0,0.0,0.0,0.0,0.0,0.0,0.0,0.0,0.0,0.0,0.0,0.0,0.0,0.0,0.0,0.0,0.0,0.0,0.0,0.0,0.0,0.0,0.0,0.0,0.0,0.0,0.0,0.0,0.0,0.0,0.0,0.0,0.0,0.0,0.0,0.0,0.0,0.0,0.0,0.0,0.0,0.0,0.0,0.0,0.0,0.0,16.0
L31_TOB_AA2-1,0.52975033623874,0.532800476308924,0.599282018054376,0.670187672014396,0.749340469988244,0.8291302524955759,0.87190573700428,0.909980951870328,0.9451504249065119,0.925675862183672,0.869417251518144,0.780790193773588,0.647149823986964,0.47377489732374,0.27920468114647917,0.11356990419299,0.0426760766321212,0.030137324688350082,0.02485770148923588,0.020214962578040962,0.015695964215059522,0.01249504170905588,0.010115044195363,0.00878798164792404,0.00764434568003312,0.00683894498692008,0.00588179895718236,0.00528811806725916,0.00448164254492236,0.00408561597792544,0.003778016608974188,0.0032023422508086637,0.0026379096527378598,0.002618304813402948,0.001877367288634056,0.001370875248943544,0.001000083586582196,0.0007496775908491719,0.000673440337454664,0.00030401110693805723,0.0002501614878348204,0.00017259435515454318,-4.63327445514308e-05,-4.56246443561052e-05,-8.11003388347004e-05,0.00014127524375174118,2.269468239220936e-05,-4.84830040333296e-05,9.160599283512439e-05,0.0001021587587316124,0.000446824012203724,0.0003426410221780464,0.00045397250752826,0.0001876977476712112,0.00031511016877389,0.00035322920811401397,0.000259438814210528,0.0001907094383944672,0.00019334673359537442,-2.2291150278257158e-05,-0.000219375765340458,-0.0002378346612981164,-0.0003338593664202032,-0.00057795345981008,-0.0007567821721041001,-0.000709495783077064,-0.0008601927404133321,-0.00120099618160872,-0.0011245853955422001,-0.001407008666318256,-0.001489988068126592,-0.0017293727520920961,-0.001769639236309152,-0.00196749907696184,-0.001897043511991972,-0.002045577482014028,-0.002241791346748276,-0.002127797227331072,-0.002287696068430928,-0.002351345687933248,-0.002510874230252612,-0.002670414995160136,-0.0027866437269106438,-0.002915233654502788,-0.0030924964547046677,-0.003113692435080084,-0.0030352094093742,-0.003163477022755764,-0.003362967895320252,-0.003453459049561704,-0.0036099699361982437,-0.0035010182878541358,-0.0035708997906147163,-0.0036834922462171196,-0.0036874583789865,-0.00338199833645248,-0.00350517925836828,-0.003442343369252328,-0.003592381669598884,-0.003626232514350184,-0.003797648973335904,-0.00372300880094136,-0.0037698478843755517,-0.003840899106551376,-0.0039071345135106,-0.003852393867983348,-0.003999531433716196,-0.00395652566409002,-0.003968293072726608,-0.00401376409442428,-0.00405238525604612,-0.00420555193927996,-0.004210645162284399,-0.00450893554267992,-0.00450193251553484,-0.0044729833890508,-0.0045515445652236,-0.00437990489366724,-0.004670876639519881,-0.00467088316039224,-0.00478590195446696,-0.0049849465808088,-0.00501786059233432,-0.005088254887015599,-0.00540049859740384,-0.005242112805954,-0.00509295686812464,-0.0051594865678289605,-0.00530108743620184,-0.00514610080324352,-0.0055112000961408,-0.00541892527867668,-0.0055243435065832,-0.0056427081128816794,-0.005704616166236159,-0.00575611138969972,-0.0058501223833816,0.0,0.0,0.0,0.0,0.0,0.0,0.0,0.0,0.0,0.0,0.0,0.0,0.0,0.0,0.0,0.0,0.0,0.0,0.0,0.0,0.0,0.0,0.0,0.0,0.0,0.0,0.0,0.0,0.0,0.0,0.0,0.0,0.0,0.0,0.0,0.0,0.0,0.0,0.0,0.0,0.0,0.0,0.0,0.0,0.0,0.0,0.0,0.0,0.0,0.0,0.0,0.0,0.0,0.0,0.0,0.0,0.0,0.0,0.0,0.0,0.0,0.0,0.0,0.0,0.0,0.0,0.0,0.0,0.0,0.0,0.0,0.0,0.0,16.0
L31_TOB_AA2-1,0.592927025837732,0.6076410022945999,0.6723395658275,0.7436263158973639,0.8235284802798639,0.8945641379978121,0.931344513396836,0.977219776961892,1.002232177464244,0.9627145525572319,0.8894292830430001,0.783963711880724,0.6274218119517639,0.42452652687395603,0.2226076034294772,0.1008025561341592,0.0706814169591152,0.057481646410574,0.0486088813856544,0.042203979235210395,0.03667234428304161,0.03192748514137848,0.0285641070150002,0.025851561608261603,0.024120229020756882,0.02227601862193524,0.020617437942806682,0.01920221475633176,0.01761928297967988,0.01647056020554572,0.015294028046650279,0.01451602510582204,0.013664521064492959,0.01254767789742392,0.01189785067764668,0.011166774702275641,0.010279607359297399,0.00969406984247308,0.009752459002096961,0.007644726344167479,0.00683206607321616,0.00635928637257164,0.00563022097519608,0.00522168593183344,0.0046213466254888405,0.003935191017452176,0.0035874120700319996,0.0026500255343706,0.002301799819179076,0.001865885572812072,0.001642546084125112,0.001083756652883124,0.000558165887446776,0.000579784186509388,9.473971454095959e-05,-0.0002806949760756124,-0.001008198614068312,-0.001206674708011296,-0.00173440535126366,-0.001965921392224412,-0.00234200175532504,-0.00269873854874122,-0.00284521137534754,-0.003501105572328264,-0.003507021919111604,-0.004173789819422119,-0.00425563057472464,-0.00451331968399904,-0.004898916548517,-0.0051790528164308396,-0.0053238825444994805,-0.00561595139476984,-0.00585205648173932,-0.00618049994387968,-0.00660277751384268,-0.00656341046369864,-0.00695782455551768,-0.00721671846808908,-0.00731906501338264,-0.007407802676601879,-0.0076194211941988,-0.00792901173442916,-0.00818979795148896,-0.00823520948033772,-0.008630636647951639,-0.008765164946839439,-0.008880052131568601,-0.00889918840310164,-0.00937869590752596,-0.00953653457459344,-0.00973649238728092,-0.010215232189509439,-0.0103874590811202,-0.01053202346172256,-0.0104831714905858,-0.01069850026964524,-0.01079253012064308,-0.01080566127366756,-0.01085832196970156,-0.01086508952592068,-0.01078346509188396,-0.01079232037390644,-0.01063580094650352,-0.010856894541531879,-0.010636792602409401,-0.0106594913970858,-0.01050616427909888,-0.01042619393459908,-0.01055173622787628,-0.010545302660110521,-0.01067480158113236,-0.01070947828567724,-0.01066294080971028,-0.010935412824716,-0.01099361694755672,-0.0112530614689432,-0.01147814086457228,-0.011532000373188,-0.0117405520756822,-0.01173654036643444,-0.0120592798180738,-0.012335978282399,-0.01266815911655072,-0.0129228962746318,-0.01322390708727716,-0.013424382112026921,-0.0138108107290032,-0.014025316924648439,-0.01446313467602444,-0.01489243872868048,-0.01492930048481224,-0.01523933147458788,-0.015572749402347201,-0.01565591233973128,-0.015869971710652082,-0.01585658183956128,-0.016368361268095162,0.0,0.0,0.0,0.0,0.0,0.0,0.0,0.0,0.0,0.0,0.0,0.0,0.0,0.0,0.0,0.0,0.0,0.0,0.0,0.0,0.0,0.0,0.0,0.0,0.0,0.0,0.0,0.0,0.0,0.0,0.0,0.0,0.0,0.0,0.0,0.0,0.0,0.0,0.0,0.0,0.0,0.0,0.0,0.0,0.0,0.0,0.0,0.0,0.0,0.0,0.0,0.0,0.0,0.0,0.0,0.0,0.0,0.0,0.0,0.0,0.0,0.0,0.0,0.0,0.0,0.0,0.0,0.0,0.0,0.0,0.0,0.0,0.0,16.0
L32_TOB_AA2-1,0.43831029286716,0.45793173002456805,0.5272759482771,0.6014142526669161,0.689030000429524,0.7798242727906359,0.836895299381216,0.89233146345328,0.949433890552328,0.962232077105388,0.93641999653752,0.8625596986648599,0.768455405505264,0.658729695143692,0.53717208476162,0.3936911066248756,0.2375146869121388,0.10831074391098759,0.0482645843402832,0.03228858413506844,0.02412528263830788,0.01820351068795548,0.014057801037685561,0.011089108122084839,0.00883620015647976,0.0069656875137338,0.00591498706659568,0.0058443041024206005,0.00506660030286052,0.00491138360032524,0.0049086828955408005,0.0045921056725074004,0.004235894307448879,0.00410454940188312,0.0035924439913905403,0.0034170074504417842,0.002948391895150408,0.00269417030448128,0.002545787812818084,0.0025596462309332517,0.00219728599928332,0.001763830637913372,0.001441373901041956,0.00130780842599552,0.0012484617056021038,0.001055431002109932,0.000948233095147032,0.000634803859668516,0.000641238416236848,0.0004619257019999,0.0002036782903621256,7.15044494997904e-05,-4.75971202227044e-05,-3.9941834945516395e-05,-0.0003064950033742028,-0.0002465442426711628,-0.0002397549556377604,-0.0003218266106858364,-0.00039424864396149164,-0.000514559127232756,-0.0005003543855953159,-0.000469312587049428,-0.000644513495114588,-0.0007360196660756439,-0.000865973224747496,-0.000846371189872788,-0.0011142123370706401,-0.000944514985415904,-0.001109530517473208,-0.001214040248666836,-0.0011630747995936318,-0.001340503589155232,-0.0012379328894765,-0.001384301968462512,-0.001383795125441288,-0.0015341026891108121,-0.0013589323343817762,-0.001583065058767072,-0.001397743619031276,-0.001442869381236728,-0.001434932459800156,-0.001460410115157228,-0.001563820322155732,-0.00152215445423922,-0.001582120072900228,-0.001478901796330308,-0.001484874500675436,-0.0014409472999122922,-0.001518126600177504,-0.001466262849766768,-0.001547563657947012,-0.0014860211492897638,-0.0014069610335115561,-0.00130965351726538,-0.001139212747672212,-0.001115252120401256,-0.001251722145800604,-0.0013125205551831,-0.001169048083844624,-0.00105416776828556,-0.001019442634137628,-0.000983264776439892,-0.000979299737638556,-0.0008143447726662279,-0.000718936675914808,-0.000881404288127628,-0.001023928833811904,-0.000849531943811772,-0.00087786163109316,-0.000735904470217224,-0.000890564445862256,-0.0007287409480535039,-0.000870158702518816,-0.000712157085359848,-0.00057396192724132,-0.0007311563886489359,-0.00069104443112574,-0.000584622387376588,-0.000434703524080352,-0.000501653593969952,-0.000609633725614424,-0.0007398164524730319,-0.000578037694551028,-0.000500434552646136,-0.000585291903803844,-0.000602333736173244,-0.0005378627035287919,-0.00041853865093671597,-0.000483467915481512,-0.0006842771084908959,-0.000643640312238432,-0.000527326321081376,-0.00037760910227332164,-0.00036624138449762125,-0.0001846549263980432,-0.000364921094179008,-0.0002222464748993276,0.0,0.0,0.0,0.0,0.0,0.0,0.0,0.0,0.0,0.0,0.0,0.0,0.0,0.0,0.0,0.0,0.0,0.0,0.0,0.0,0.0,0.0,0.0,0.0,0.0,0.0,0.0,0.0,0.0,0.0,0.0,0.0,0.0,0.0,0.0,0.0,0.0,0.0,0.0,0.0,0.0,0.0,0.0,0.0,0.0,0.0,0.0,0.0,0.0,0.0,0.0,0.0,0.0,0.0,0.0,0.0,0.0,0.0,0.0,0.0,0.0,0.0,0.0,0.0,0.0,0.0,0.0,0.0,0.0,0.0,0.0,0.0,0.0,8.0
L32_TOB_AA2-1,0.46226852216972,0.488482412482636,0.55466242593766,0.624636398566348,0.709401198805076,0.797172679987824,0.84955985560408,0.902603279910364,0.956266127219916,0.970797405301056,0.9277951980329561,0.837496873723164,0.7132694090499679,0.5611636298621401,0.37203597286122997,0.1804992077097364,0.0768884343250064,0.0529452678369032,0.043768900303283204,0.03853568397755524,0.033693580819488284,0.02933111561877988,0.02536934532015688,0.0225942543520662,0.02028155272158424,0.01844349888463084,0.01690614680961736,0.0156952394637638,0.0144150867977188,0.013434276330051521,0.01212047642830784,0.01135128469264736,0.010593841904578679,0.00973975035579548,0.00915990877801752,0.00831820951522396,0.00772979306452168,0.007149804766817119,0.0066293149245434,0.00621609119832076,0.0056192730942686,0.00504575081598124,0.0046047652382456,0.00418069263442416,0.003881337498773604,0.0034343740681667197,0.003004957192271004,0.00256051261524986,0.002066590522658508,0.0020244968446933723,0.0015927880010205,0.001213491971069812,0.000823471745518828,0.000343186919399502,0.000248295134319362,-0.0003805221169195,-0.000702021325022264,-0.001018488242973956,-0.001326631062006488,-0.001605369607009324,-0.002117156316568712,-0.00247973203576732,-0.00275198659612634,-0.0031811532618841918,-0.00358851120794098,-0.003916771822819648,-0.0044418231008228806,-0.00472916373511,-0.00490117775558032,-0.00534448479399756,-0.0055741438489374795,-0.005980493812175,-0.00637090257770804,-0.00650550288811972,-0.0069845270195434,-0.007088851607161241,-0.0074441151603854,-0.00779693716228816,-0.00787524424762576,-0.00826142602109368,-0.00829053786823636,-0.008565647409143439,-0.0086575995838296,-0.00880603735761064,-0.009061706487912479,-0.009274526895110921,-0.00947025611934232,-0.009566029691917161,-0.01000000039654488,-0.01017781042248156,-0.010141799329740079,-0.01050025839377424,-0.01051972939622928,-0.01075357205827088,-0.010781494652474681,-0.0109505128137528,-0.0111519822367962,-0.011337561762116638,-0.011548608637139161,-0.01156611943938796,-0.01171524439922972,-0.011830041189002,-0.011963098182328921,-0.01217341266379008,-0.01229742284814412,-0.01220704454229284,-0.01238950605414308,-0.012346123996835679,-0.01264839991329076,-0.01275000299834004,-0.012871006281557679,-0.012705836844821601,-0.01290141293652128,-0.0130464253133558,-0.01321492723326948,-0.01327216841487696,-0.01342938728184144,-0.013303091832249321,-0.01344096316881384,-0.0136953468826068,-0.01379531175203808,-0.013805342112551279,-0.0140273401909672,-0.01389709240389296,-0.01425450715425964,-0.014321131704411799,-0.014298595614017121,-0.014315442904733681,-0.01440617121817364,-0.014640513461109199,-0.01456633941131544,-0.01477791195407428,-0.014715888906350439,-0.01472333647477568,-0.014947769754894199,-0.01483747856093936,-0.014962275313591601,0.0,0.0,0.0,0.0,0.0,0.0,0.0,0.0,0.0,0.0,0.0,0.0,0.0,0.0,0.0,0.0,0.0,0.0,0.0,0.0,0.0,0.0,0.0,0.0,0.0,0.0,0.0,0.0,0.0,0.0,0.0,0.0,0.0,0.0,0.0,0.0,0.0,0.0,0.0,0.0,0.0,0.0,0.0,0.0,0.0,0.0,0.0,0.0,0.0,0.0,0.0,0.0,0.0,0.0,0.0,0.0,0.0,0.0,0.0,0.0,0.0,0.0,0.0,0.0,0.0,0.0,0.0,0.0,0.0,0.0,0.0,0.0,0.0,8.0
L33_TOB_AA2-1,0.491475398543812,0.527688530777996,0.6005884243019239,0.682860833965668,0.773275491185336,0.844946752728944,0.912653748981128,0.97159317170142,1.012321535052416,1.002610979856596,0.958822859450464,0.883002652598576,0.788222694524668,0.667849645296792,0.512283333455964,0.32699402000208483,0.16599459986533321,0.07690428806493879,0.0512680331330952,0.0421012026522328,0.035563264276352716,0.02962042904796656,0.0242834108349134,0.0210086815899946,0.01196972135608144,0.00989189662006328,0.008858643934044959,0.0079454230388546,0.0072358437762736,0.00636717143719444,0.005373716954027241,0.0049093130634244,0.00441624398022404,0.00408036321307664,0.003777654959517696,0.003369921900344048,0.003010535390496016,0.002534602051812876,0.0021229154925738597,0.001735864688018244,0.001343986755006552,0.001400987092505072,0.001402764520951884,0.0011919918368898399,0.0012998131816913201,0.0016420872399051242,0.001379139539790912,0.000782211616215696,0.0002574513141753648,-4.076907996144e-05,-0.0002296885865982956,-0.000429097122285692,-0.000623538561179104,-0.000472653131421764,-0.00053237530491192,-0.0005489389959753361,-0.00040566228010779996,-0.000531309307972296,-0.00034517320938520763,-0.0002669060819624428,-0.000550838724237248,-0.0005228018727153479,-0.00028630781015423,-0.00030335154751187,-2.4971096827661037e-05,0.00024646091800405,0.0001389174073841048,0.00036390832218143683,0.00041156124557163596,0.00039499726695760117,0.0005315124372508761,0.000711541574153544,0.00045915992395644,0.0005373177186531199,0.0006141691480895641,0.000494503567525536,0.0006786288962356401,0.000700303704742352,0.000708649756451516,0.000632969183211804,0.0007706065808136599,0.000828564135924844,0.000700946577947608,0.000682420414748824,0.0006890361180161921,0.000731705136559544,0.0006151468402657399,0.0003502028243290836,0.000432993576623676,0.00045351637995516,0.000246158033863962,0.00028866064145002964,0.00013701976685500438,1.721049098580512e-05,6.41783654633532e-05,-1.5115255431789879e-05,-1.7401383414989443e-05,-7.71250434374392e-05,-0.0001733313551446316,-0.0002265195597823448,-0.00026036052225856236,-0.000353425033876242,-0.0003176861825967948,-0.00030731245224392,-0.000453334643671436,-0.000554165399768872,-0.000621606926014712,-0.000811666332162576,-0.00076654707158346,-0.000782406614975944,-0.000837017657237376,-0.0008380811203137481,-0.000978215670734388,-0.0011531675083653681,-0.001098260398358728,-0.001149532558954232,-0.0012834975157017122,-0.001295643574215884,-0.001242053694886304,-0.001447773511426436,-0.0014215562290547641,-0.001488143532353128,-0.00154492222589002,-0.001625856056817092,-0.001795939099856924,-0.00180013846102616,-0.0016051653833522599,-0.0016148580433828158,-0.00177289568542774,-0.001969209866716088,-0.001900450029100524,-0.001818858676878684,-0.002102985311783208,-0.00220712831587474,-0.002344583809439932,-0.0022941373627267917,-0.0022254792716423443,0.0,0.0,0.0,0.0,0.0,0.0,0.0,0.0,0.0,0.0,0.0,0.0,0.0,0.0,0.0,0.0,0.0,0.0,0.0,0.0,0.0,0.0,0.0,0.0,0.0,0.0,0.0,0.0,0.0,0.0,0.0,0.0,0.0,0.0,0.0,0.0,0.0,0.0,0.0,0.0,0.0,0.0,0.0,0.0,0.0,0.0,0.0,0.0,0.0,0.0,0.0,0.0,0.0,0.0,0.0,0.0,0.0,0.0,0.0,0.0,0.0,0.0,0.0,0.0,0.0,0.0,0.0,0.0,0.0,0.0,0.0,0.0,0.0,8.0
L33_TOB_AA2-1,0.3994399052089244,0.414507885348852,0.48605821638234,0.564752227381712,0.65303898030504,0.7395298974698961,0.800482359972544,0.8570136133558,0.9055887515625399,0.914769814248816,0.870093115840556,0.7865942929898719,0.653607657871872,0.472274215841612,0.2635317291235216,0.09338784231937121,0.03507724088121716,0.019648970314839278,0.01143700422617428,0.008391730850079441,0.00511161314478684,0.0020428377290236483,-0.001122767597875784,-0.002561642662201812,-0.0036112349010519,-0.00462598511472308,-0.00471045854455184,-0.00508050230443828,-0.00529087661958632,-0.00530097733322976,-0.00535380272832272,-0.00519846210181536,-0.004949703332524359,-0.00494965919756588,-0.0047335018625202395,-0.00438119977321136,-0.0042097183108346006,-0.004044807493585359,-0.00398064173904874,-0.003559610066598516,-0.0033097932284310476,-0.003141005115008188,-0.002875686371452272,-0.002563027968565752,-0.002352000426110396,-0.0018080752557636359,-0.001780008196808004,-0.0015068253914846562,-0.0010468275161475639,-0.000858827723356108,-0.00071228509081472,-0.000425757055907592,-0.0002476136889983988,-4.65477814164348e-05,0.0001144164884577488,0.0002375243593708316,0.000413329449206028,0.000603638937611788,0.000871517268965588,0.000829977916839432,0.00080699394042028,0.001348353723622324,0.001462229441067952,0.001503150075408504,0.001691748122148516,0.00166218916204668,0.0018951501826972238,0.002052862424819744,0.00224675180587384,0.002354043788412696,0.002634098824198848,0.002667303661996764,0.0027218365356514763,0.002775839496880464,0.0025873660348142923,0.003089551433586448,0.00316786795891046,0.0032003897748135797,0.003624635879434432,0.0035747119889163203,0.003662605599134632,0.003655087803050312,0.003777382593506056,0.003895590646337748,0.0040606234956965595,0.00419430798232448,0.00425335064685184,0.00437984688847052,0.0045144533867429995,0.0046263249999792,0.00532022761430572,0.00508364392136096,0.00517181967453848,0.0056187170145972,0.00503419826887328,0.0049420335802972,0.00480046626717956,0.0046698478897155594,0.0048977590210982,0.00470805793489248,0.00478096243683788,0.00496564673514096,0.0051781907868732,0.00524391419649832,0.00553658136256196,0.00574035850033616,0.00563626228239072,0.0059838318368964,0.00628767559235684,0.00622755319938472,0.00653814820553796,0.00666428497816748,0.00700767085995536,0.00723726339247912,0.0075169429353961195,0.007704369331101199,0.0077564677422726,0.008016826656585,0.00831297420579352,0.008494158456800401,0.00875219072321704,0.008970395633387479,0.0090366101057816,0.00929987245745064,0.00947694067755496,0.00961007566814468,0.009830944645809239,0.01000988840777216,0.01003212949937364,0.01022536829813976,0.01031383129576444,0.01081512497397428,0.01095860312048076,0.01095657131664584,0.010980481473388959,0.011328246070169159,0.01143274095179528,0.0,0.0,0.0,0.0,0.0,0.0,0.0,0.0,0.0,0.0,0.0,0.0,0.0,0.0,0.0,0.0,0.0,0.0,0.0,0.0,0.0,0.0,0.0,0.0,0.0,0.0,0.0,0.0,0.0,0.0,0.0,0.0,0.0,0.0,0.0,0.0,0.0,0.0,0.0,0.0,0.0,0.0,0.0,0.0,0.0,0.0,0.0,0.0,0.0,0.0,0.0,0.0,0.0,0.0,0.0,0.0,0.0,0.0,0.0,0.0,0.0,0.0,0.0,0.0,0.0,0.0,0.0,0.0,0.0,0.0,0.0,0.0,0.0,8.0
"L01_CONTR_""DK2""",0.81728222222376,0.886698191398196,0.917299226156992,0.94890640085472,1.002066285583688,1.013413848669948,0.9709602174767761,0.888599045611448,0.770805768185996,0.605654148491436,0.40394660859832,0.2011246412976692,0.09790757409503119,0.06906589220620199,0.0487568165324748,0.03396243575981076,0.02784830662396132,0.02536997386942316,0.02345147620390876,0.021626635975516,0.02046294069735572,0.01916272547539656,0.017823367008113,0.01661595363287704,0.015525703514903559,0.014545775689289121,0.01386459589185408,0.012979084498518841,0.0122560531327688,0.01129831682430288,0.010212591053465279,0.00935456648099968,0.00852567005444676,0.00781602121857936,0.00715082763855356,0.00646395619069084,0.0057354296999087605,0.00520805098012608,0.0046743338158414804,0.0043752306030478,0.003896126815139344,0.0034464491817655677,0.003185253969510844,0.002594200664373488,0.002509186778348544,0.002255763675536988,0.0018685930491157,0.0017916182447756399,0.001330255719154384,0.00098398143688188,0.000692171897763216,0.000527328882753876,0.00024242008454910242,0.000168070275507726,-0.00026707978487462643,-0.00041815289504954,-0.00075552521763538,-0.0008929666368438401,-0.0011460328310171118,-0.001505752578924404,-0.00160507172301222,-0.0020698072092342522,-0.002430713116318432,-0.0026212717002179723,-0.002742976016789868,-0.002901457243825548,-0.003186874965158936,-0.003281912552134468,-0.0034125590170118996,-0.003627547376413652,-0.0038604618537174964,-0.0037714558274715483,-0.004168679591070801,-0.004355541728534119,-0.00439005834912916,-0.0046563985827958,-0.00497284422298256,-0.00497402394298108,-0.00500214847933132,-0.00531224181366332,-0.00558100390414476,-0.005361233805344159,-0.00568352639425212,-0.0056827710293914,-0.00583680584711292,-0.00596894124084732,-0.00623039444078528,-0.00618963240988956,-0.006478739232415841,-0.00649584125751688,-0.0065152875985433996,-0.00666834526059448,-0.00662226776692268,-0.00651957049063136,-0.006751992559669,-0.006961960835500921,-0.006933392590580879,-0.00705798585643168,-0.00707862461467352,-0.007303783434821199,-0.0073631478055942,-0.006901476394796519,-0.00717968567662356,-0.0071053644047232,-0.00716724094880388,-0.00723358829223676,-0.0072890402121224395,-0.00736166555836976,-0.00744214096455504,-0.00767020817652248,-0.00779855662662928,-0.00800459318395032,-0.00802451933255516,-0.00780540009308448,-0.008077024771562798,-0.008196442233555762,-0.008058783694644519,-0.008053903943159,-0.00813603021401144,-0.00835446804433864,-0.00847218779176052,-0.00842480194790428,-0.0084480267114896,-0.008620170856540882,-0.00877971817816972,-0.0090632482059848,-0.0088730513873116,-0.009226716697084759,-0.008902924233497879,-0.00901503904940688,-0.008912035642731521,-0.00914581053781904,-0.00907809613514352,-0.009086125314892281,-0.009014870917207521,-0.00913643216772452,0.0,0.0,0.0,0.0,0.0,0.0,0.0,0.0,0.0,0.0,0.0,0.0,0.0,0.0,0.0,0.0,0.0,0.0,0.0,0.0,0.0,0.0,0.0,0.0,0.0,0.0,0.0,0.0,0.0,0.0,0.0,0.0,0.0,0.0,0.0,0.0,0.0,0.0,0.0,0.0,0.0,0.0,0.0,0.0,0.0,0.0,0.0,0.0,0.0,0.0,0.0,0.0,0.0,0.0,0.0,0.0,0.0,0.0,0.0,0.0,0.0,0.0,0.0,0.0,0.0,0.0,0.0,0.0,0.0,0.0,0.0,0.0,0.0,0.0,4.0
"L01_CONTR_""DK2""",0.817443180400956,0.887569598451268,0.901598198913012,0.956860502801652,1.005871350323952,1.013994985351212,0.976735147450264,0.9142139097140759,0.833858097883796,0.7215119064621759,0.57755533059984,0.40588318775653603,0.22858388354986842,0.10045748392122679,0.0521518700273328,0.03403695456280196,0.0273496511268564,0.02449998960908064,0.022317397238225643,0.020804701890211358,0.01897651496020496,0.017251336736500162,0.015604468402954479,0.013852201289900121,0.01235505423454608,0.01057984587983836,0.00931608511764652,0.00830494010171376,0.007269044829577641,0.00642022961349164,0.00554399183733936,0.0049237092820786,0.00419623318608388,0.003529662185986628,0.00310695931304292,0.0027746589010604083,0.0023475393551970402,0.00175070524753728,0.00164848917274982,0.001340380913593908,0.000856120244560452,0.000521942347754108,0.00029957380257951,0.000442239684620548,0.0001745278263277692,6.353946857623e-05,0.0001071207783810868,0.000133461947312308,-0.00017488008464466802,-0.0003166864831472576,-1.9664697222334202e-05,-5.48014506006624e-05,-8.55065658298448e-05,2.469135633350164e-05,-4.5941929647261596e-05,9.398466363055479e-06,-2.221771229079096e-06,-0.00019528088165655442,-5.3301658501251205e-05,-0.000180178031726974,-0.00021479233906719918,-1.655264286080132e-05,2.714688925758876e-05,-4.03523011961228e-06,5.58030638601536e-05,9.698433291037641e-05,9.84413381388732e-05,0.00046568825006346,0.0002887806991324928,0.0003700347180509312,0.0002487008462724604,0.0001623295656840724,0.000493473891419812,0.0005432324546846,-0.000156930731155032,0.0005954270991905039,0.0008995835856770919,0.001509765766324564,0.001688750949333028,0.0019186890721241282,0.0019519841445020082,0.001894721827572336,0.002075069987992024,0.001800955437366812,0.001752416041218436,0.001919339703215192,0.001806058623769192,0.001862343363341712,0.001677610528543816,0.001548129465961224,0.001454098629175304,0.0014612342773742079,0.001428286868310396,0.001117261560792008,0.001152872998109416,0.000852613941261608,0.000885107416877348,0.000899698770406836,0.0006799377154267439,0.000511719290056508,0.000735174651834204,0.000404363958736288,0.0003504174039497312,0.0002410064108313096,7.3550265446496e-05,-2.226332761846556e-05,-0.0002064572090819756,-6.81602114466924e-05,-7.512333930374441e-05,-0.00023398896667050482,-0.000274883312073946,-0.0003046641264102008,-0.0003160723610270548,-0.000659453204421252,-0.000507730970910696,-0.000680917875582416,-0.0007976194224725321,-0.0007670065752223961,-0.00083946250317994,-0.001245987369258108,-0.001010664292616792,-0.000857983639414304,-0.000721123150674728,-0.000754457810346416,-0.000988129277616884,0.0018034653525783359,0.0007344984128869961,-0.000488493139801316,-0.001162668780871976,-0.002072136701639752,-0.00294505121008226,-0.00330018666672292,-0.0038577614222361756,-0.00503753314652388,-0.00453557250799668,-0.004836373331997401,0.0,0.0,0.0,0.0,0.0,0.0,0.0,0.0,0.0,0.0,0.0,0.0,0.0,0.0,0.0,0.0,0.0,0.0,0.0,0.0,0.0,0.0,0.0,0.0,0.0,0.0,0.0,0.0,0.0,0.0,0.0,0.0,0.0,0.0,0.0,0.0,0.0,0.0,0.0,0.0,0.0,0.0,0.0,0.0,0.0,0.0,0.0,0.0,0.0,0.0,0.0,0.0,0.0,0.0,0.0,0.0,0.0,0.0,0.0,0.0,0.0,0.0,0.0,0.0,0.0,0.0,0.0,0.0,0.0,0.0,0.0,0.0,0.0,0.0,4.0
"L02_CONTR_""DK2""",0.76863088113062,0.8576182801546359,0.889950300820456,0.942698241305856,0.989469195885756,0.987312318273396,0.957257973642336,0.89808552263812,0.8354887824265159,0.74977760774774,0.6215217077185801,0.45445008348418003,0.2765832734918368,0.1269798821886216,0.062020169130944804,0.040901138815848,0.0279949576906834,0.0208788076778058,0.0177193094888218,0.0155525401140958,0.01405086098724536,0.01268882400911508,0.0111630661410952,0.00975240746153728,0.008476821944121759,0.00731780712504796,0.0061763101532032,0.00536838008976608,0.0045126441670872,0.0037716167559522277,0.003198140850182564,0.002789089250098388,0.002321654450952408,0.0020656667661654803,0.001856764255105328,0.00168335452551948,0.00135935776868708,0.001211086770644876,0.0010297763024193001,0.00082200344715328,0.000782654546031952,0.00063184947790164,0.000493813170968964,0.000556545823338652,0.0002917859551987076,0.00036734853342391483,0.00037527440847342044,0.00035459019614483725,0.0003601508438472872,0.000166778241429434,0.00019831335571396442,0.0001873503850467332,0.0002376970793439868,0.000218363737072636,0.0002164263527167112,7.84486387641168e-05,1.45290919945836e-05,5.0700444232878794e-05,-7.53082531103372e-05,-0.000416723626429668,-0.0006636402408569601,-0.000700445932094956,-0.000545615975359924,-0.000566515728488768,-0.000445872750393408,-0.000518826476628648,-0.000466736547984596,-0.000467169287416384,-0.00019180333789977,-0.00016103279486572361,-0.000351623831005734,-0.0001947285783639184,-0.0001414357093109852,-0.0001966105848724896,-0.000125436050885136,5.71037235048024e-05,6.35745479248712e-05,-4.582941543294e-05,-0.0001289925023416532,-6.32551388562696e-05,5.6225764399350394e-05,1.4771269624123441e-05,-0.0001265154625102112,3.656398959887904e-05,-9.69841693217904e-05,3.232548139540856e-05,9.898206892298041e-05,1.4650790437147639e-05,0.0007501722977038,0.000993792532703976,0.001163765938108696,0.001002663598093664,0.000811997654832484,0.000635208634528532,0.00044195475149020003,0.0001371951767222532,-5.25413452590296e-05,-0.000256312981971986,-0.000506530156835988,-0.00072374742544476,-0.00093868772795904,-0.000913400496068236,-0.0010466046763366438,-0.0012326814184730238,-0.001242503674236664,-0.001116463674029844,-0.001317986887658876,-0.00186098954657862,-0.00233645767764544,-0.002586117473294036,-0.002699509137868772,-0.0029610913619223843,-0.0032858820720242077,-0.0033609765770422923,-0.0033692249931680843,-0.003550191087936872,-0.00369124487280718,-0.0038428136027927116,-0.00376729426813894,-0.003871845280675728,-0.003858197089295988,-0.003827013715571188,-0.0039715768895399765,-0.00401781216509092,-0.00401260559513092,-0.003726637910295708,-0.003993151521525776,-0.0039866643019391525,-0.0039876640442908,-0.00404123716956296,-0.0039322873444858795,-0.0037977864541857242,-0.0040787799420426004,-0.003666181811606588,-0.00370282252821498,-0.003642500471163976,0.0,0.0,0.0,0.0,0.0,0.0,0.0,0.0,0.0,0.0,0.0,0.0,0.0,0.0,0.0,0.0,0.0,0.0,0.0,0.0,0.0,0.0,0.0,0.0,0.0,0.0,0.0,0.0,0.0,0.0,0.0,0.0,0.0,0.0,0.0,0.0,0.0,0.0,0.0,0.0,0.0,0.0,0.0,0.0,0.0,0.0,0.0,0.0,0.0,0.0,0.0,0.0,0.0,0.0,0.0,0.0,0.0,0.0,0.0,0.0,0.0,0.0,0.0,0.0,0.0,0.0,0.0,0.0,0.0,0.0,0.0,0.0,0.0,0.0,2.0
"L02_CONTR_""DK2""",0.84969068958152,0.867630620382164,0.876595287317984,0.923423599053404,0.950359589142012,0.940390741372956,0.887051593421748,0.81307922276344,0.715760230096652,0.57047952665962,0.376920937846338,0.18806056322519318,0.094632468185704,0.060708687101146803,0.0336219965581434,0.01620071719768464,0.00645288374213592,0.002775534624663096,0.001021948285436408,-0.0001740359030209708,-0.0012209580055559518,-0.002022447535088392,-0.002921286111527444,-0.003473474503890852,-0.003687530321028652,-0.00409029697851256,-0.003995236967014776,-0.0041682754027046,-0.00423515435994824,-0.00437317823857396,-0.00411185883064808,-0.003871898416783584,-0.0036542069359132763,-0.003439589790523984,-0.0033260212474509362,-0.003233058014918016,-0.003013529915383156,-0.002724560215619788,-0.002714604613751804,-0.002714183671656808,-0.002655563882289404,-0.0023559861112606877,-0.002235203858644444,-0.001963992833312604,-0.001600909825016964,-0.00150744168449694,-0.001294991500727424,-0.00103547698891974,-0.0008838748982961921,-0.000727315002353508,-0.00062404220869548,-0.000466119497725012,-0.00032280043825437635,-4.16864043250564e-05,1.7427547879491918e-05,0.0003227615282130404,0.000607663081315944,0.000719803603428188,0.0008801150074766,0.00101112137847826,0.001063380429986068,0.0013822435671748201,0.001560401970357,0.001842347490403784,0.0020446938809356723,0.00222150610917446,0.002137899921213728,0.0020236843450872,0.00200649270186732,0.0021220192091447082,0.002361875603476556,0.002444889949042296,0.0025869207042439283,0.002647250969113408,0.00296768775603654,0.002976640562137036,0.003162681835191972,0.00360136269102294,0.0035857783157171638,0.003750279773011956,0.00420729463982796,0.0042031239758964795,0.00435917094916864,0.00446105333268484,0.0047646366301126,0.0049861187926973595,0.00491986900341708,0.00538641075243732,0.0052059331641422,0.00557450430898644,0.0057648771846313205,0.00574524032437596,0.0059320158046415605,0.00621632031524892,0.0063130100549848,0.00648745191144664,0.0066839747254077595,0.006897737727725999,0.0071863036043964,0.00715131936749476,0.00739598656244212,0.00760763532452144,0.00783518787237344,0.00794668744734572,0.00811746155216252,0.008419425067566759,0.0085062860960218,0.00864633143007084,0.00892657828337624,0.008985642136003079,0.00925282788212776,0.00944994440483652,0.00940610141965068,0.00936429556781072,0.00965166732987956,0.0096980642854368,0.00973787956440728,0.00985089518661084,0.00996811812475544,0.00966753883488844,0.00970953341916856,0.00981522722120568,0.0098979147771086,0.00982012825452796,0.00978893858341356,0.01011722410245336,0.00969960271247272,0.00976594415952688,0.00993861165045644,0.01007692116500984,0.009942697050151598,0.0097720861699664,0.009972723274570081,0.0099832154062598,0.01005152855998628,0.00991223402865488,0.0,0.0,0.0,0.0,0.0,0.0,0.0,0.0,0.0,0.0,0.0,0.0,0.0,0.0,0.0,0.0,0.0,0.0,0.0,0.0,0.0,0.0,0.0,0.0,0.0,0.0,0.0,0.0,0.0,0.0,0.0,0.0,0.0,0.0,0.0,0.0,0.0,0.0,0.0,0.0,0.0,0.0,0.0,0.0,0.0,0.0,0.0,0.0,0.0,0.0,0.0,0.0,0.0,0.0,0.0,0.0,0.0,0.0,0.0,0.0,0.0,0.0,0.0,0.0,0.0,0.0,0.0,0.0,0.0,0.0,0.0,0.0,0.0,0.0,2.0
"L03_CONTR_""DK2""",0.540962121503212,0.5861876209453359,0.636805007130688,0.700036100011952,0.768677357346912,0.834856806399516,0.86584664911744,0.915513142823868,0.972940147646284,0.978184800623624,0.9233405174398279,0.8384380039196679,0.705028820518796,0.509732548553692,0.2865747826979192,0.103719273284404,0.0459312708999184,0.03561729408373836,0.03121845849150992,0.027868150301473802,0.024973453001166282,0.02229305537849296,0.02030415803891876,0.01777858090615828,0.01608558844055688,0.01477399861772784,0.01349813643888032,0.012609762157735039,0.01145826352113464,0.002568740858700284,0.006632740149411599,0.00840165090348084,0.00809602974087928,0.00757624501481836,0.00724788216727476,0.00647661445154188,0.0061807306764068,0.005590469740758001,0.00528995453987636,0.00477031223829648,0.004543533619922519,0.004085927499988,0.003625685324841716,0.00338837785299028,0.003211812935834656,0.0027745487397315078,0.00242445280636368,0.0020846121507901,0.001621741730395668,0.001490759889973968,0.001016228722006044,0.0005603473267381281,0.000458207491811124,-2.682355567455728e-07,-0.0003769160074094564,-0.000908302494249316,-0.000959123402053852,-0.001294254304831256,-0.0015737000095698921,-0.001869821645805772,-0.002093332658664592,-0.002427468184207892,-0.0028030118475215722,-0.0029703052278550637,-0.00316750691700922,-0.0034870739173095957,-0.003673479707050856,-0.00405443971705308,-0.004257381379868,-0.00446543999960628,-0.0047785143042878,-0.00495458759690608,-0.005251120813330359,-0.0054040643127118,-0.0055695492798341194,-0.0058726489646436005,-0.0061217093160244,-0.00664499020807644,-0.006898339967018359,-0.0071930687445096,-0.00749342258600224,-0.00774524638290648,-0.00797787498035264,-0.008236039288650361,-0.0083734804044876,-0.008540648871996041,-0.00857261641291796,-0.00862724334410452,-0.00897796704208672,-0.00903441313779908,-0.00931730880143252,-0.00944212541469048,-0.009567828449058681,-0.009722132959755759,-0.00977772814667664,-0.009989392806798319,-0.01012205145629748,-0.010376870497469479,-0.01038895724083628,-0.010575462098596678,-0.01056982652097348,-0.01058604449201548,-0.010961071588845319,-0.01100249851877612,-0.0111222656972918,-0.011212429587278598,-0.01119080144747708,-0.01142286981368776,-0.011384807180988719,-0.011459600052396081,-0.011451333000497159,-0.01166153177939084,-0.0117030883685806,-0.011634260884130481,-0.01180835646718268,-0.01182686850899308,-0.0120082208144264,-0.01225633610380424,-0.01219730127625388,-0.012322464801588641,-0.0124243826347158,-0.012517095328364359,-0.012372370667061199,-0.012597256802190919,-0.01270243158700972,-0.01305968336563712,-0.012789054551364878,-0.0130141322460604,-0.01308618446533768,-0.01310731167830712,-0.0130358668313306,-0.01320704286642756,-0.013299646960088401,-0.013413962704935839,-0.01356952410048888,-0.013689081131306761,0.0,0.0,0.0,0.0,0.0,0.0,0.0,0.0,0.0,0.0,0.0,0.0,0.0,0.0,0.0,0.0,0.0,0.0,0.0,0.0,0.0,0.0,0.0,0.0,0.0,0.0,0.0,0.0,0.0,0.0,0.0,0.0,0.0,0.0,0.0,0.0,0.0,0.0,0.0,0.0,0.0,0.0,0.0,0.0,0.0,0.0,0.0,0.0,0.0,0.0,0.0,0.0,0.0,0.0,0.0,0.0,0.0,0.0,0.0,0.0,0.0,0.0,0.0,0.0,0.0,0.0,0.0,0.0,0.0,0.0,0.0,0.0,0.0,0.0,4.0
"L03_CONTR_""DK2""",0.436990420880148,0.486626435204992,0.542039304273636,0.606689510107292,0.6805095563583761,0.759920987219676,0.797680893632696,0.850807433612556,0.926043578257372,0.9664684050631359,0.9241463975229239,0.882900080208724,0.7971832899603281,0.6535269182950321,0.44799646916346003,0.23446809194543,0.07245691835452721,0.02551691902840472,0.01903648224762292,0.01525949608965904,0.012172196620169719,0.00940784191256296,0.00726527708438764,0.00527647013767368,0.003674454833238752,0.0027814203443862883,0.001549613234705328,0.0008195771011768041,0.00017291056392229078,-0.0009420619525470319,-0.00108692866081346,-0.001346322402377556,-0.001590247078883652,-0.001677984065772056,-0.001960996160506084,-0.0018434867546979561,-0.00190560262726124,-0.00194733024155024,-0.002034837026737396,-0.0021503184373487796,-0.00192229795383706,-0.0018869865398732318,-0.0017404678772331681,-0.0016099957497556282,-0.001487075393111752,-0.001329996873286324,-0.0013229108101891001,-0.000973592088267704,-0.000824166448581648,-0.000841773920857896,-0.000590717868041616,-0.0003848270053230604,-0.0002085052557306504,5.58288232623372e-05,0.0001937435120858256,0.000214062064591834,0.0006574462221195641,0.0005005070805898641,0.00092827483902854,0.0009296968863024559,0.001035411585074228,0.001239444339477088,0.00151906064762932,0.001567876669270676,0.001664310993481032,0.001805637733325272,0.001930337577539492,0.002086404285370804,0.002331548054951076,0.002413240536500976,0.002758746543384088,0.002676128410024408,0.0029747254751843403,0.0029557570656585,0.002985564239922096,0.0031026902311030763,0.0030964482705689604,0.003039813425952684,0.00314075748396416,0.00336084010322576,0.0032974204293878882,0.0036198234424757838,0.003418571078984036,0.0035839172871693996,0.003784958840381152,0.003545595110933668,0.003883719727104268,0.0036947471663274557,0.003831432042038764,0.003773549113350524,0.0038090923594131317,0.00383049832157232,0.003729544673136072,0.0036890377632690157,0.003518009625183656,0.003496577590680296,0.0036934221499253243,0.003668571983018876,0.0039030679515399684,0.0036917729890635397,0.0038739867502152843,0.003804939514955944,0.003764995665455092,0.0034789161048254277,0.003559799644803748,0.003744264431170412,0.003620180043970316,0.003608085986871672,0.0037020262846526324,0.003654882824466852,0.0037279261298943517,0.003555187712268248,0.0036661653480210797,0.003852415799518396,0.0034463685792788562,0.003700820729916824,0.003582884967170296,0.003517873554638192,0.0034033736871971277,0.003472304907472396,0.0033637793033533996,0.0032537959908589997,0.003317593337202284,0.003272069791692876,0.0032063104757238,0.0031528864615406878,0.003078239288153272,0.0029972911012265883,0.0030172442107286963,0.003102227452775076,0.002831307073428256,0.002810922459797256,0.002859099411886556,0.002867664717865016,0.002824773243459692,0.002992234139167676,0.0,0.0,0.0,0.0,0.0,0.0,0.0,0.0,0.0,0.0,0.0,0.0,0.0,0.0,0.0,0.0,0.0,0.0,0.0,0.0,0.0,0.0,0.0,0.0,0.0,0.0,0.0,0.0,0.0,0.0,0.0,0.0,0.0,0.0,0.0,0.0,0.0,0.0,0.0,0.0,0.0,0.0,0.0,0.0,0.0,0.0,0.0,0.0,0.0,0.0,0.0,0.0,0.0,0.0,0.0,0.0,0.0,0.0,0.0,0.0,0.0,0.0,0.0,0.0,0.0,0.0,0.0,0.0,0.0,0.0,0.0,0.0,0.0,0.0,4.0
"L04_TOB_""DK2""",0.28066900744566,0.30964931544970475,0.341461115584114,0.38110182214933835,0.43062433898527597,0.482529495513956,0.5357029536244441,0.5941413982335559,0.657245952220916,0.693264656116272,0.720139723728452,0.768928374879896,0.82194268997914,0.816106326170284,0.79420948375102,0.782837899855788,0.7392963322420281,0.647408867372948,0.512053005498172,0.349666275617046,0.18247943158662078,0.057587841471773205,0.01761516224741208,0.013358844027530918,0.011123991113883359,0.0093454392692674,0.00778976706296976,0.00663924049586592,0.005596892458386481,0.00491788628845924,0.003873306615070188,0.003049442339423912,0.0024414793102254043,0.001916669221175244,0.001351523731124376,0.001047792387442732,0.000582669638234216,0.0002739326208416988,-0.0001569498190606232,-0.000449700506803472,-0.000582246338558052,-0.000954248745382116,-0.001045323263863104,4.0826382898681605e-05,0.000764376058177404,0.0010931255997254882,0.0011079547411055439,0.001113500962524716,0.001315277877198452,0.0010561318462670478,0.000827479672902836,0.000678086841749192,0.00044903390255421197,0.00027341652611764675,0.0002149735098068532,7.5159006309608e-05,-0.0001917605944350056,-0.0002134195327706408,-0.000456864999082364,-0.000766686482962332,-0.0007973676996590759,-0.0011353405815816599,-0.0013633804437005318,-0.00149281994330474,-0.001780274933238304,-0.0018521904724634439,-0.0020171107515537757,-0.002251628263045644,-0.002213031180287524,-0.002186582445209524,-0.002348714025441716,-0.0025879800446075678,-0.002769786577014168,-0.002545495605452096,-0.0027107756357450403,-0.00293659354214282,-0.003084019916202884,-0.003076280321342724,-0.003182117400824468,-0.003169740867572732,-0.0033336229308170958,-0.0033903541903262,-0.00352177170355272,-0.003407103743914172,-0.003519090238501716,-0.0035349200001793,-0.003690703318333456,-0.0038173611271972918,-0.00374520684044754,-0.0038556540398564797,-0.0037281322883834437,-0.00388739378954754,-0.003744602834804928,-0.003805678625410976,-0.0038596194960248483,-0.00400969767661444,-0.00407291877139928,-0.00406183302479136,-0.0041654419316908,-0.003982540201147188,-0.00423291752664396,-0.00400141964667588,-0.004207876036948399,-0.0043687709422648,-0.004100858332088959,-0.00434974813982984,-0.0042925208321081595,-0.00449273842172572,-0.004440189411447921,-0.00481401780835556,-0.004828651031236839,-0.004718869646659359,-0.0048607652929575605,-0.00486051530533072,-0.00497537389374532,-0.0047468770192478004,-0.00489331577884352,-0.00508902679685404,-0.0048189650396234,-0.0049573404139138,-0.00490103065952756,-0.00513268642750332,-0.0050904115607132,-0.00507717620889148,-0.005308183110637321,-0.005207421215233999,-0.00511411538132388,-0.00537501500415564,-0.0052079783357560794,-0.0053839266432275995,-0.00519701177842232,-0.00509747102446968,-0.00517006887685172,-0.0051449559659197995,-0.0052033497761192005,-0.0052441164081578,0.0,0.0,0.0,0.0,0.0,0.0,0.0,0.0,0.0,0.0,0.0,0.0,0.0,0.0,0.0,0.0,0.0,0.0,0.0,0.0,0.0,0.0,0.0,0.0,0.0,0.0,0.0,0.0,0.0,0.0,0.0,0.0,0.0,0.0,0.0,0.0,0.0,0.0,0.0,0.0,0.0,0.0,0.0,0.0,0.0,0.0,0.0,0.0,0.0,0.0,0.0,0.0,0.0,0.0,0.0,0.0,0.0,0.0,0.0,0.0,0.0,0.0,0.0,0.0,0.0,0.0,0.0,0.0,0.0,0.0,0.0,0.0,0.0,0.0,8.0
"L04_TOB_""DK2""",0.2374759801339556,0.271660854727028,0.3056924879569696,0.34609365840261197,0.396360972437322,0.44941145628014,0.501585222222488,0.55948820310946,0.624264632041872,0.665486151224284,0.688904231812816,0.690822030587788,0.777947277391736,0.79078632482108,0.7663797483282601,0.718696753152352,0.615877904652772,0.44862907270116,0.2557855676278252,0.08420977300105681,0.01336774532934524,0.001469738695745424,-0.00182256561149662,-0.003134332677987736,-0.0038496898168022442,-0.00477084524124808,-0.00513339208970476,-0.00548284062833304,-0.00576799903008504,-0.00561831701744072,-0.00569447786069332,-0.005502859518794241,-0.00541545522550532,-0.0053159397069792,-0.00485928432210288,-0.00478757824708676,-0.0045063224501352,-0.0041816156127236,-0.00402764385617164,-0.003702123387998488,-0.003761357134615648,-0.0034768993352669478,-0.00334970970281418,-0.002945053563648692,-0.002475138533606272,-0.002209270209372552,-0.001937014144505156,-0.001447864177998768,-0.001245788803392972,-0.000879073254806224,-0.0007340081246829399,-0.00045267304408012,-5.7771169048311997e-05,-7.95129569219144e-05,0.00020214535742443278,0.00060069886022872,0.0006214060492175199,0.000922912584644352,0.00089790117920392,0.0013354791665546439,0.0017696186996443838,0.002095472261540284,0.0023684633792141877,0.00239331421938224,0.002616200142794288,0.0027348052160906682,0.003265970531731312,0.0035280937801258723,0.0037055428855310678,0.003643892250937348,0.003965495670660132,0.00400508580167788,0.00401702109085808,0.004392871493006359,0.00464389162999388,0.004523945023871241,0.0045838066815254794,0.00481799275899232,0.00510349160926728,0.00511477372999296,0.004900347941006,0.00530751205140176,0.0052802361386232,0.0052486165137769596,0.005591831827832679,0.00569714991196748,0.00568450637629792,0.00578736627773336,0.005731982923587359,0.005838673312540721,0.0058058161199814,0.0058172907178504,0.005827368565100041,0.00592347284913276,0.00583313894210112,0.0060182543263872,0.00599946789722012,0.00597345641393372,0.00621333970406092,0.00618882965060788,0.00614301519000992,0.0060913562269092805,0.006174218325283919,0.00628341255789488,0.0063520067831866,0.00632950076814664,0.00633086960229564,0.00635793032003536,0.00633148369868924,0.00626676826939916,0.0064120559017820395,0.00644203328965932,0.00628857783656584,0.00623161340490316,0.0064158223358924404,0.006491284700490081,0.00643400735902132,0.00634670906167696,0.006288031829028801,0.00622043846184524,0.00640991680997652,0.00634274433586324,0.006394385439842561,0.0061456135053405995,0.00620304290643996,0.00629682331877372,0.00616370824998716,0.0061095171345128,0.00623615279384372,0.0064005152274306,0.0063164487128323996,0.0066256494827572395,0.00647636284310828,0.0062187079630252,0.0066534419432798,0.00640661946159176,0.0,0.0,0.0,0.0,0.0,0.0,0.0,0.0,0.0,0.0,0.0,0.0,0.0,0.0,0.0,0.0,0.0,0.0,0.0,0.0,0.0,0.0,0.0,0.0,0.0,0.0,0.0,0.0,0.0,0.0,0.0,0.0,0.0,0.0,0.0,0.0,0.0,0.0,0.0,0.0,0.0,0.0,0.0,0.0,0.0,0.0,0.0,0.0,0.0,0.0,0.0,0.0,0.0,0.0,0.0,0.0,0.0,0.0,0.0,0.0,0.0,0.0,0.0,0.0,0.0,0.0,0.0,0.0,0.0,0.0,0.0,0.0,0.0,0.0,8.0
"L05_TOB_""DK2""",0.2878503404232776,0.31252890560409996,0.341738725961884,0.37793979002109723,0.42242669474614003,0.469825332154688,0.520160214777932,0.575701756696492,0.6345360169152561,0.684704453470996,0.7155361601256,0.75089128953978,0.8029513627496561,0.835763111642524,0.8365364336563801,0.796879008241856,0.707959987828544,0.55372511166882,0.35597912962540157,0.15858213154537798,0.04172860690591,0.024216784490257718,0.02063314106403492,0.018049783842000722,0.01590226150350616,0.01407896709056396,0.012714123051774481,0.01139519061843736,0.0103191161609268,0.00912580124124492,0.00840731709561136,0.0075666420231446,0.00690286080246476,0.006068064585458601,0.00489061138764216,0.0034334453721661202,0.002759151163330392,0.002193726197912556,0.0017457378732577639,0.001425895900032764,0.00116818653905346,0.001096577108371712,0.00104597627266842,0.0009475222881997119,0.0007793933109431521,0.000935669359569752,0.000836540306733572,0.000771747458021132,0.0006189862258170959,0.00043277453653558,0.000534635871698372,0.000493528085730144,0.0003178348079248984,0.00038426517537919517,0.0003855232276583492,0.0003490337521196192,0.000196081540123018,8.51564321863152e-05,-0.000836463299152936,-0.0012726614512963079,-0.00126784912023948,-0.001026541675372772,-0.001409204964481684,-0.0013873871779609438,-0.00151988609065838,-0.001466937545501088,-0.001668158147278932,-0.001615265672141992,-0.001924481053055464,-0.002047390135072156,-0.001962195081269124,-0.0021282546434148123,-0.002360337522646516,-0.0024235237942558763,-0.002587327417958972,-0.00262278317044284,-0.002731211471882324,-0.003574332661917244,-0.00469357856977336,-0.00506074696146404,-0.00522465567295556,-0.00533336128663216,-0.00553227071383636,-0.0054781469044696005,-0.005661422429884959,-0.00573532481995148,-0.00559981616247548,-0.00587323477157464,-0.00575924340139152,-0.00538459434518604,-0.00535401759461996,-0.00551988617401288,-0.00539479012463652,-0.00553715913628008,-0.00550563579123156,-0.0055772043764736,-0.00566696896752416,-0.00534083481247312,-0.00571558364043744,-0.0056606326966346,-0.00573258473123444,-0.00579970650835536,-0.00570420740841056,-0.0056843469603976,-0.005709641159587399,-0.00571003429754664,-0.0057115885558128,-0.00558613724926168,-0.00584759632026404,-0.005715512685556,-0.005901145836374439,-0.005881671383896,-0.005819831125134159,-0.00592584604003056,-0.00585043206010872,-0.00566315998410708,-0.00567438434160228,-0.00585377372157776,-0.00578852048928148,-0.0057361641022956,-0.0059244134413289195,-0.00604059059531696,-0.00596232776294276,-0.00577494877620732,-0.0058081970716417994,-0.00585946384785212,-0.0059978536624652,-0.0059276749363584005,-0.0055748584937259605,-0.0056167006846874,-0.00537824961550236,-0.0054296872157034,-0.00538385116363404,-0.0053452563181298,-0.0054652378658623995,-0.00517522192219828,0.0,0.0,0.0,0.0,0.0,0.0,0.0,0.0,0.0,0.0,0.0,0.0,0.0,0.0,0.0,0.0,0.0,0.0,0.0,0.0,0.0,0.0,0.0,0.0,0.0,0.0,0.0,0.0,0.0,0.0,0.0,0.0,0.0,0.0,0.0,0.0,0.0,0.0,0.0,0.0,0.0,0.0,0.0,0.0,0.0,0.0,0.0,0.0,0.0,0.0,0.0,0.0,0.0,0.0,0.0,0.0,0.0,0.0,0.0,0.0,0.0,0.0,0.0,0.0,0.0,0.0,0.0,0.0,0.0,0.0,0.0,0.0,0.0,0.0,32.0
"L05_TOB_""DK2""",0.3027813695079048,0.32360763484733124,0.35105616996645644,0.38562272171939876,0.428479449565088,0.4780675733166,0.5246149407471641,0.5813537544678921,0.646773701753304,0.699010730007592,0.722750460663444,0.7810995596893759,0.836677174586756,0.87224288131974,0.849135969978816,0.79498064408448,0.691515807400284,0.5185428110408961,0.3154231238849412,0.1275762611832488,0.0445841634848692,0.030380781946665242,0.02476762859881232,0.02172898025845972,0.019495148886893483,0.01741642392167276,0.01560432006651952,0.014186745340734401,0.0132223795981122,0.011909811613265481,0.01103942754798328,0.010008355172939042,0.009330701890232121,0.00855030376465608,0.00809346640529088,0.00751874773193772,0.00712160075171124,0.00665447312705896,0.00596436169764432,0.0056742543523022005,0.004981861881382,0.00465407925297788,0.00429044284665632,0.00392590741484636,0.003691764710179088,0.003404921128132024,0.002724843949218056,0.00248977525998972,0.001967221587760976,0.001510705415118084,0.001032370853755144,0.000861726106035152,0.0003032673605333648,-0.0001139091873698292,-0.000429070114041272,-0.0009963632803739561,-0.0009959857810384481,-0.0011830692184118079,-0.001711604117280804,-0.001874679765680996,-0.0025071384806850242,-0.002862915199753792,-0.0031992183771316156,-0.0034453491396188437,-0.003786591359836556,-0.003991221840644944,-0.00416021207828368,-0.00426571297867816,-0.0044177980112086795,-0.004916918796864201,-0.00482011589394476,-0.00496431975427656,-0.00520096593642028,-0.0053105565678868,-0.00561180856978516,-0.0055249201188158,-0.00581218283438152,-0.005817636660037999,-0.00598317068296632,-0.00621648177353412,-0.006308196911313359,-0.006359547142307479,-0.00658916512081996,-0.00659788165607864,-0.00672057737286444,-0.00685216374974848,-0.00708265338283892,-0.00726564526114604,-0.0093129816325104,-0.01281167059533532,-0.0136028833379256,-0.013879029731569799,-0.014046015779813119,-0.01405637644830412,-0.014139586622425239,-0.01423565100085232,-0.01428844334110548,-0.01431482157517,-0.01429611777225432,-0.01422897432583804,-0.01451310482823476,-0.014397915377313159,-0.01439467720802792,-0.01451542903496272,-0.014415955720972679,-0.01429215580225668,-0.01437389810415456,-0.01434510817161104,-0.014502931919961121,-0.014624410788194719,-0.01464417494560928,-0.01459610017053088,-0.01471159189045388,-0.01459028564010364,-0.01474967263984396,-0.014863699404976961,-0.01494228179955948,-0.01495052310045204,-0.014918945963318001,-0.0151528461661434,-0.01531932599670488,-0.01522789616701296,-0.015261896203884,-0.0152998240763944,-0.01525395131919332,-0.015352909135659721,-0.015262057978950598,-0.015354868084317321,-0.01548766930836948,-0.0154485670805584,-0.01555061065712292,-0.015742390386565358,-0.015579521979772361,-0.01571460093973872,-0.01577336878050516,-0.015643567487085838,0.0,0.0,0.0,0.0,0.0,0.0,0.0,0.0,0.0,0.0,0.0,0.0,0.0,0.0,0.0,0.0,0.0,0.0,0.0,0.0,0.0,0.0,0.0,0.0,0.0,0.0,0.0,0.0,0.0,0.0,0.0,0.0,0.0,0.0,0.0,0.0,0.0,0.0,0.0,0.0,0.0,0.0,0.0,0.0,0.0,0.0,0.0,0.0,0.0,0.0,0.0,0.0,0.0,0.0,0.0,0.0,0.0,0.0,0.0,0.0,0.0,0.0,0.0,0.0,0.0,0.0,0.0,0.0,0.0,0.0,0.0,0.0,0.0,0.0,32.0
"L06_TOB_""DK2""",0.30735938792891077,0.34688910580816756,0.377388069828444,0.414985358571228,0.46108975751938,0.504188221002676,0.55886562644118,0.6181934250007161,0.683886985627808,0.735954599094932,0.762381768122452,0.820096082419396,0.87969651887696,0.895475674939564,0.873339970093544,0.8587439072528319,0.825439627635952,0.736408108541136,0.594053121807816,0.418922146075576,0.24240782892088159,0.1027431485730652,0.0475699016491688,0.03593119118116408,0.02921495665756444,0.019958318600057322,0.017844474901833402,0.01608656700002924,0.01470875946321268,0.01334735117760004,0.01230336758219936,0.01160407720262392,0.01048771453891608,0.00946322213050072,0.0086723586747756,0.0078733141924234,0.006926471864929279,0.0063898848241995595,0.00570430117631364,0.005227601294591121,0.004333537917178521,0.0037696698923998244,0.003545979092289308,0.00305487688185458,0.0027296906629073517,0.0023058550168648917,0.002055129223100268,0.001682529715321272,0.001145307408067892,0.001016834130204112,0.000439577012082832,0.0002500117744044348,-0.0001692168819754836,-0.000488830963215444,-0.000855705051832676,-0.00125378161152634,-0.001485897851049752,-0.0013601141932051719,-0.001442607573012632,-0.001705734288169664,-0.001801326644738468,-0.001473545384182076,-0.001553569222224952,-0.001137374843127652,-0.0008816294701118999,-0.0008811423909112161,-0.000926188699706392,-0.00054268948149464,-0.000718343668107528,-0.000562736718119368,-0.000491932144330388,-0.000499387678152844,-0.0006121961001178599,-0.000502246881354068,-0.000447291169472668,-0.0007666153160785721,-0.0009430544696583359,-0.00077687739686982,-0.0009452634053597641,-0.0010647796659634362,-0.000988583480049196,-0.0013422082593184841,-0.001239313290894008,-0.001128587709301448,-0.00119799735774112,-0.0010810011357548922,-0.0009353474697851279,-0.000983439784166344,-0.00131254750439932,-0.000967119784694376,-0.00090236915575564,-0.001114913012451296,-0.001018299524006256,-0.001220959574251828,-0.00131975634410292,-0.001192136209626372,-0.001427383604287564,-0.0015545944911585841,-0.00161500015549196,-0.0016666358885104,-0.001777387208439488,-0.001975517364278472,-0.001856195111290396,-0.001989093801110896,-0.0020502398900046482,-0.002165918511732588,-0.0022133432963338602,-0.00194917811919218,-0.002095778294951888,-0.002231287642019384,-0.00242651399460632,-0.00231467558531956,-0.002234366593105108,-0.0025505533974043877,-0.002277974008956092,-0.0025566511824820044,-0.002732358188774916,-0.0027438240288116963,-0.002648650510449324,-0.0027039165859881276,-0.00303306634234808,-0.002807841664141292,-0.00306744517912918,-0.002994697465323036,-0.003296840767853728,-0.00295499507089816,-0.003179764842023352,-0.003448972582542544,-0.003278402304461176,-0.00332010457876714,-0.00324767623485014,-0.003254114946200688,-0.003272104434540256,-0.003288050305350892,-0.003369337415262096,-0.003532835649494096,0.0,0.0,0.0,0.0,0.0,0.0,0.0,0.0,0.0,0.0,0.0,0.0,0.0,0.0,0.0,0.0,0.0,0.0,0.0,0.0,0.0,0.0,0.0,0.0,0.0,0.0,0.0,0.0,0.0,0.0,0.0,0.0,0.0,0.0,0.0,0.0,0.0,0.0,0.0,0.0,0.0,0.0,0.0,0.0,0.0,0.0,0.0,0.0,0.0,0.0,0.0,0.0,0.0,0.0,0.0,0.0,0.0,0.0,0.0,0.0,0.0,0.0,0.0,0.0,0.0,0.0,0.0,0.0,0.0,0.0,0.0,0.0,0.0,0.0,32.0
"L06_TOB_""DK2""",0.39127482567816124,0.3421985184517692,0.3583496259702928,0.3884976339070932,0.429983664721664,0.475488540635128,0.527593164906044,0.58788829015566,0.65039745158106,0.701521317675628,0.7220189337299401,0.7758708022289881,0.8346678782187601,0.859507672947264,0.838607265531524,0.820063543639812,0.771161223065784,0.6646258984850679,0.503888462018636,0.31945804222458957,0.1546510465952336,0.0673830851968832,0.018379160383800597,0.0150256575763142,0.01351725678846632,0.01194142101651196,0.011017502642656041,0.009720764473859401,0.0088065564324532,0.00808156315193736,0.00737403985120856,0.00680060370623812,0.0061469389328876,0.0053356209206590005,0.004951329521572559,0.00443792020802176,0.003792893827863412,0.003507333646788528,0.003018977007984368,0.002729535526328372,0.002548032303316548,0.002390081664122232,0.002076388667373192,0.002032368071444536,0.001734648079582144,0.001471237696517972,0.001332598651459364,0.00100603095208464,0.0007783036509145001,0.000411116787304672,0.000360096515335496,0.0002168839343747648,2.883758535109888e-06,-0.0001852524345105,-0.0002873865893927188,-0.0003786119093014752,-0.000502978764563108,-0.000685369467986656,-0.0006108985016008281,-0.0009127744682904561,-0.001224344590869056,-0.0011417639174648839,-0.001266684277029076,-0.001260390482124208,-0.001402063682103428,-0.001393052222462552,-0.00172078536163838,-0.001673997990993392,-0.0019526832768257001,-0.002145477227122624,-0.002233982758916512,-0.0022665160051303637,-0.002453575213735332,-0.00239139153767364,-0.00251683797707912,-0.002545446965599588,-0.00246390469547206,-0.002749872240317808,-0.002719114234666248,-0.003003720082107816,-0.0029885771342686002,-0.003061068897528064,-0.003051925165271936,-0.0033772753360610517,-0.003409512136344532,-0.0035264634578584843,-0.003386410902450696,-0.00354459787581028,-0.003595858733196196,-0.003569301343796984,-0.003583148629650004,-0.003650014037264688,-0.003877892479369948,-0.003753240502568736,-0.003794997708984472,-0.003721291261301512,-0.003743154658711416,-0.003885176406747636,-0.003694363609449124,-0.003877204116535124,-0.003890393817582508,-0.00403860141170904,-0.003864888388411676,-0.00417305443307244,-0.0038557738223800324,-0.00408114160311544,-0.004083865021107559,-0.0040292948292054,-0.00417178344794608,-0.00415698056390952,-0.00403494734371548,-0.00402092206638124,-0.0041360626174936,-0.00435198516031108,-0.004106008785828881,-0.00440114893009016,-0.00401527091259116,-0.00412117214681776,-0.00423858552276584,-0.004211341112111321,-0.00441867396675204,-0.00467311283005692,-0.004737903260252201,-0.004566581932898,-0.0046607591287850005,-0.00458041977056508,-0.004661851395777,-0.00471059140400152,-0.00466360901777616,-0.00452690763487584,-0.0048119860158036005,-0.00475639356368184,-0.00485131927127728,-0.00492468298419288,-0.00503802610619688,-0.00496152983516536,0.0,0.0,0.0,0.0,0.0,0.0,0.0,0.0,0.0,0.0,0.0,0.0,0.0,0.0,0.0,0.0,0.0,0.0,0.0,0.0,0.0,0.0,0.0,0.0,0.0,0.0,0.0,0.0,0.0,0.0,0.0,0.0,0.0,0.0,0.0,0.0,0.0,0.0,0.0,0.0,0.0,0.0,0.0,0.0,0.0,0.0,0.0,0.0,0.0,0.0,0.0,0.0,0.0,0.0,0.0,0.0,0.0,0.0,0.0,0.0,0.0,0.0,0.0,0.0,0.0,0.0,0.0,0.0,0.0,0.0,0.0,0.0,0.0,0.0,32.0
L01_CONTR_LES431,0.507088735875864,0.490714850409648,0.517128188355196,0.546229984494068,0.578994398597088,0.6157167858283521,0.657877984394388,0.697332634151956,0.72233970446608,0.747763550291676,0.790325323006124,0.8077666551127041,0.783559575634428,0.75475621330586,0.707831903972704,0.632093837537804,0.51975603870324,0.37397928036210076,0.221765816251544,0.1229505642197784,0.0909823326404888,0.07758328793545159,0.0659855449197964,0.055445508501681603,0.0446810770707716,0.03516155522786908,0.0283754009645278,0.02437169613783712,0.0221469452797732,0.020326663381326,0.01915918253810128,0.01775093817973096,0.01667147826609536,0.01515552114491296,0.0140676417123664,0.01302092538585688,0.01247279870262944,0.011702812999093681,0.01120224434830436,0.0104993096762622,0.00998076696879428,0.0095593758912408,0.00922204445275312,0.008734974612570839,0.00866783140075224,0.00841044173586788,0.00815662344428968,0.00793191260664548,0.00775882305975036,0.0073820665833162396,0.0009434115635125921,0.000914225462121152,0.000629903886505976,0.00054836286917018,0.00075503190446676,0.0009176323806807561,0.000698219051520708,0.0009201507922416759,0.000496713925993164,0.000462591349325836,0.000616585239795008,0.0005316121245462319,0.0006440652011949281,0.000651769978611624,0.000445391361240908,0.000512162022142884,0.000422891885012184,0.0003319831927204404,0.0003990000830599732,0.0003202994878215132,0.0002358010510600952,0.0001937783639999688,0.0001001682147295392,6.85605671941284e-05,0.0001414377421051572,-7.92036939823876e-05,-0.0001489355953361024,-0.0002573313656424832,-0.000433132938927084,-0.000583127480795892,-0.0005998421367134559,-0.00048693798493688,-0.000683355867759284,-0.000701400691717472,-0.000915280821545848,-0.001046392967256248,-0.0012030482706788079,-0.001356532609487068,-0.001417841918355044,-0.001668090062368008,-0.001766993852521676,-0.001804658310783912,-0.001720183126151528,-0.0018468399996171441,-0.002108045447734364,-0.0023437246886153277,-0.002393401925929116,-0.002625398306045968,-0.0025095997468005237,-0.002781867752543964,-0.002827131353376644,-0.003115773913403392,-0.0032005971249514918,-0.00340300816018418,-0.0036372088183906,-0.0038161765165454077,-0.003930038994598464,-0.0041371856822468404,-0.00414202010001232,-0.00429598173248628,-0.00438082157272808,-0.00457759793368768,-0.00489373532463768,-0.00475176531538948,-0.004697895468200081,-0.0048292204884308,-0.004701856775960039,-0.00501061482159588,-0.00488834996820976,-0.00497268418439776,-0.00502182568948844,-0.00485566219929704,-0.00479187514000216,-0.00474240939635236,-0.0046975081394760795,-0.00458957800022484,-0.00468406975452208,-0.004414931157569321,-0.0047323247132364,-0.00442549121653248,-0.00466224736652212,-0.004312354102221,-0.00424010432510052,-0.0043714783662274406,0.0,0.0,0.0,0.0,0.0,0.0,0.0,0.0,0.0,0.0,0.0,0.0,0.0,0.0,0.0,0.0,0.0,0.0,0.0,0.0,0.0,0.0,0.0,0.0,0.0,0.0,0.0,0.0,0.0,0.0,0.0,0.0,0.0,0.0,0.0,0.0,0.0,0.0,0.0,0.0,0.0,0.0,0.0,0.0,0.0,0.0,0.0,0.0,0.0,0.0,0.0,0.0,0.0,0.0,0.0,0.0,0.0,0.0,0.0,0.0,0.0,0.0,0.0,0.0,0.0,0.0,0.0,0.0,0.0,0.0,0.0,0.0,0.0,0.0,0.0,0.0,8.0
L01_CONTR_LES431,0.457422167463212,0.45871036893643996,0.48316044850872,0.512671996774356,0.546040787174504,0.581117011805304,0.61841934708154,0.657315868597452,0.681480965906548,0.7065324870456481,0.751515894053256,0.7925612402114519,0.786498598386872,0.778077859427832,0.7580159159262201,0.727363205842812,0.677925307208332,0.6028357092387,0.498848627257908,0.3708975085190388,0.2418854191244636,0.1501456902069792,0.110598161865148,0.0921466025505744,0.075355066696534,0.0587597713369848,0.0429803700854036,0.030888885209905438,0.02363315885286648,0.01959805767598648,0.01699588489804788,0.01487248894882964,0.01323237243929448,0.01181450477331364,0.01051044247286812,0.00940449252044416,0.00834943866428388,0.00758431129911256,0.00655283469542008,0.005782664121544759,0.0051016287475490005,0.00460689518341192,0.0043693034391542,0.0039041719100870883,0.003461834041536424,0.0032959775170873923,0.002941851318407984,0.002610430143174136,0.00245996812486834,0.002324234389807628,0.00204011929234586,0.001921239026262596,0.0018157049910223519,0.001559516061958096,0.001385805807224484,0.001476649832303208,0.0013547593369184082,0.00124522135082456,0.0011979338295609041,0.00101408082627756,0.0010228557135440678,0.00088421075167388,0.0008997006403154641,0.000806067971355516,0.000685409215571628,0.0007106181894186,0.000423294957968952,0.000549938375056064,0.00056212315474568,0.0001993062158421132,0.0001573421742833504,0.0001403592638589728,0.00011358733048279,-9.99967479447984e-05,-7.848954585685e-05,-0.00016599767942298798,-0.000386354233954872,-0.0005380013982901159,-0.00040369415332910404,-0.000765329670547072,-0.000779475281693856,-0.000927957610613504,-0.001038574546755728,-0.001310217555076164,-0.001357335782777336,-0.0012919824845705038,-0.001631112398409276,-0.0017460851079136842,-0.001850388654183724,-0.001954729661496304,-0.00214429150845192,-0.002240833991957996,-0.002218858639507032,-0.0024323688179508883,-0.0024039170225260598,-0.002762038154398304,-0.002744537372481644,-0.002736545402695084,-0.00312856913079798,-0.003235031888955688,-0.003291506046045512,-0.003598750964634104,-0.003543882972888788,-0.0037184384877767237,-0.00396340783778214,-0.00431224328416564,-0.00444801166405548,-0.00471209543772728,-0.0046429377746081595,-0.00481083171180652,-0.00498464354102236,-0.0052600038796736795,-0.00539595801570048,-0.0053047004141176,-0.00540821711758868,-0.0054435321908046395,-0.00531836303063988,-0.00532604464966788,-0.0055506601623178,-0.00545090154003916,-0.0054316089337788,-0.00522671495657704,-0.005487533663706081,-0.0055381802973025205,-0.0053939765573672,-0.00509886003759104,-0.00522305024919176,-0.0051677240032396805,-0.00503059823681816,-0.00517388675986344,-0.0049634651064086,-0.00507039774525744,-0.004972989064102,-0.004838148730889959,0.0,0.0,0.0,0.0,0.0,0.0,0.0,0.0,0.0,0.0,0.0,0.0,0.0,0.0,0.0,0.0,0.0,0.0,0.0,0.0,0.0,0.0,0.0,0.0,0.0,0.0,0.0,0.0,0.0,0.0,0.0,0.0,0.0,0.0,0.0,0.0,0.0,0.0,0.0,0.0,0.0,0.0,0.0,0.0,0.0,0.0,0.0,0.0,0.0,0.0,0.0,0.0,0.0,0.0,0.0,0.0,0.0,0.0,0.0,0.0,0.0,0.0,0.0,0.0,0.0,0.0,0.0,0.0,0.0,0.0,0.0,0.0,0.0,0.0,0.0,0.0,8.0
L02_CONTR_LES431,0.3038481370317184,0.28577780249562923,0.296488949105642,0.310783275645784,0.32676757065465,0.34454263094707843,0.3657117848529024,0.3867263281407172,0.406817896065648,0.427323152034472,0.453634118950548,0.48443998757256,0.5152537447866361,0.545396151221044,0.5723537106253039,0.599738706086124,0.627198439227616,0.648720524991684,0.660924770538192,0.6623512641732561,0.654530427945348,0.636591460923476,0.604909201378936,0.550397403136372,0.465059319890252,0.34535135701703884,0.20469981810240198,0.09655052354610881,0.050507244933176404,0.036167080059676525,0.02932895458139176,0.025172583292811277,0.021305830367129762,0.01848987819809944,0.0164289567429116,0.01472224630541964,0.01325605376202588,0.01169874497289484,0.01045513568952904,0.009455162061812359,0.00851002628989624,0.00757727839029744,0.0071430101565266,0.00629103152569916,0.00565562222987648,0.00516061975640712,0.00463774720249588,0.00416190667976208,0.0037816422686621637,0.00354759427909468,0.0033324938660082124,0.002956358952734628,0.0026486503905845237,0.002631476103633772,0.0023634109369139924,0.0020953552094865203,0.0021042387092136358,0.001825333408215996,0.0017771598362241322,0.0014490368324581,0.001476367579520152,0.001213433996711184,0.0008999082419944881,0.0011665056804174441,0.0008648163404622921,0.0007239200157965921,0.000722936458529824,0.0004977776716054201,0.000646265788462144,0.000456053239273824,0.0002760689737331396,3.746763997321916e-05,-0.0001584363445438996,7.560220082316681e-05,-0.00017107492652329202,-0.000524280943063912,-0.000599359462742052,-0.00068687777457652,-0.0008004170681292,-0.000781369880114868,-0.000950033194325424,-0.001023572927718064,-0.001270954183134632,-0.001290815442211064,-0.001282045979061504,-0.001534747297344908,-0.001678609831925036,-0.001809493263566888,-0.001981416181283348,-0.00218198317711996,-0.0021459546597499203,-0.002236477620684204,-0.0023391489817898158,-0.002417404016947696,-0.0026064973603728563,-0.0027059428462326437,-0.002904547958453664,-0.002998423682666084,-0.0029814707244551404,-0.003218132156553884,-0.003037045802712652,-0.0032890935630200324,-0.003426782525266036,-0.003663420272203108,-0.0037589125998405957,-0.003824929815336612,-0.004058376585422239,-0.00419974937436908,-0.004208382762703321,-0.00416903025834012,-0.00425010977991076,-0.00455087828111356,-0.00433970022772684,-0.00463653194690128,-0.0045720033914956396,-0.004584344094513641,-0.0046103729785064804,-0.00471785760318708,-0.00448004177889032,-0.00459020641052352,-0.00445952110532016,-0.00467371703168856,-0.004468976815421999,-0.0043950400859058,-0.004543118354391641,-0.00458879898945756,-0.0042825669100264,-0.00419544934516168,-0.00442754485703384,-0.0042568248289149195,-0.0041666036715981595,-0.00423215616004124,-0.003978104319421052,-0.00420458933274596,0.0,0.0,0.0,0.0,0.0,0.0,0.0,0.0,0.0,0.0,0.0,0.0,0.0,0.0,0.0,0.0,0.0,0.0,0.0,0.0,0.0,0.0,0.0,0.0,0.0,0.0,0.0,0.0,0.0,0.0,0.0,0.0,0.0,0.0,0.0,0.0,0.0,0.0,0.0,0.0,0.0,0.0,0.0,0.0,0.0,0.0,0.0,0.0,0.0,0.0,0.0,0.0,0.0,0.0,0.0,0.0,0.0,0.0,0.0,0.0,0.0,0.0,0.0,0.0,0.0,0.0,0.0,0.0,0.0,0.0,0.0,0.0,0.0,0.0,0.0,0.0,8.0
L02_CONTR_LES431,0.2974855262589344,0.2825918956871244,0.29314630235364003,0.3070151703483936,0.3228443752302492,0.33989614684707037,0.3606418000111788,0.381810887063054,0.402599573596988,0.424376968088416,0.451847593063832,0.484105026176568,0.518551822086584,0.552372482406424,0.582719239441028,0.6127538318571041,0.64329587361188,0.6685763295081959,0.68502701923632,0.691273838979536,0.686728403926256,0.6695248485402281,0.63563109071096,0.577550448314096,0.49002596193125203,0.37061152360976,0.23365310685453,0.1183555523305752,0.0590481951957044,0.03774908696307036,0.028337335309819,0.0232170282427392,0.0197542419038668,0.01722489613070128,0.01493284043207584,0.01298954896600568,0.01142929260556652,0.01015742215910956,0.00886736522441128,0.0077265493562108396,0.00694094510447448,0.00624930270626724,0.00560723271102516,0.0047700749793770005,0.00436391656392324,0.0038376102464914756,0.003395464049614696,0.0030807267838962277,0.002882035734575776,0.002476409572618144,0.002244075445470152,0.0020929583704130082,0.001855132474304828,0.001752821505612232,0.0015774141955751,0.00157611091462348,0.001167042604119096,0.001267292903468684,0.001202738065760128,0.000977137816842528,0.0008705004897550041,0.000983264202031856,0.000846495785073756,0.00066592317759544,0.0007234770178226199,0.000551586974989236,0.00044871289137262,0.0004903779578317559,0.00046122315648156796,0.00037309867066563364,0.000524815405340392,0.0002258440485037168,8.710557397334081e-05,-0.0003490616411449988,-0.00035606785281082283,-0.0002769834328639872,-0.0004349857812894,-0.0003837527666580552,-0.000631682036838944,-0.000598051384298136,-0.0007844412470094439,-0.000878248316637024,-0.0010154885916572281,-0.0011192583515863119,-0.001114835979234448,-0.0012657361587210402,-0.001414262903320592,-0.00163945440802552,-0.001654273295441888,-0.001717831275681596,-0.001717466582554664,-0.001966603459389748,-0.001991227434236124,-0.0021264089648968597,-0.002241867545437708,-0.002222147759083108,-0.002356496652008392,-0.002298953072699752,-0.0027485600213907,-0.0026471353318075043,-0.0029384852335433962,-0.0029386785135877723,-0.003094689153561784,-0.003383474499313452,-0.003284003983639036,-0.003597945984475316,-0.0038616223215620403,-0.003967012753936812,-0.00418221770763516,-0.004283377762741,-0.00430594066428876,-0.00462870117913616,-0.0046075849569256,-0.00463133416249188,-0.00486218948539424,-0.0046761198472384,-0.00463079157980064,-0.0048333391965114,-0.00465608210544516,-0.00475023547493804,-0.00478965310238836,-0.00470681154400844,-0.00478066935838292,-0.004792555095799319,-0.00463133460090188,-0.0045730737886980405,-0.00459645675264472,-0.00454724307914156,-0.00450687189491752,-0.0044383554192319995,-0.00432820887665668,-0.004250337866262439,-0.0042649675700534,-0.004127233051726359,0.0,0.0,0.0,0.0,0.0,0.0,0.0,0.0,0.0,0.0,0.0,0.0,0.0,0.0,0.0,0.0,0.0,0.0,0.0,0.0,0.0,0.0,0.0,0.0,0.0,0.0,0.0,0.0,0.0,0.0,0.0,0.0,0.0,0.0,0.0,0.0,0.0,0.0,0.0,0.0,0.0,0.0,0.0,0.0,0.0,0.0,0.0,0.0,0.0,0.0,0.0,0.0,0.0,0.0,0.0,0.0,0.0,0.0,0.0,0.0,0.0,0.0,0.0,0.0,0.0,0.0,0.0,0.0,0.0,0.0,0.0,0.0,0.0,0.0,0.0,0.0,8.0
L03_CONTR_LES431,0.3500213068432604,0.3061518940487872,0.32063329962789444,0.33857687642356765,0.35899035399078283,0.3813534057052368,0.40572863480624,0.43019333742262,0.454744434536532,0.480812331882732,0.509584074773976,0.541058238548252,0.575732648986948,0.610984531851244,0.6441106275249919,0.6730688118993,0.6965386012719119,0.71315765414692,0.7201943370705041,0.713710313129304,0.69028084970836,0.648511455587652,0.585966684126804,0.496809035385968,0.3784400946256452,0.24336409607305443,0.12592058165862519,0.0657308205676496,0.045465350379691995,0.03639565278575312,0.0312470342656266,0.02747841529292288,0.02455620557625556,0.02204448617603088,0.0199996871990062,0.0180868059378866,0.0164728179298892,0.01519906995328088,0.01370318695028252,0.012632138831305,0.01138041117459328,0.01067596816164928,0.00988726031851756,0.0092371099032928,0.008648401795360201,0.00786185114019376,0.0071953078648318,0.00662022080361764,0.006206070193781,0.0058068567236166,0.005447093488106441,0.005021743424888719,0.0047302872514304395,0.0044423123423372795,0.00407310478317496,0.0036709203049539642,0.00364016708238664,0.003146214677378468,0.002988869326981952,0.002823908040664824,0.002532675363880776,0.002241966777510332,0.0018891178573482682,0.001685199951588392,0.0016409852338256199,0.00131255997874424,0.0012350299904417882,0.00081740583829592,0.000805956705381952,0.00046274643027694,0.0003721121026939396,0.00022902509076377,-8.88069481821904e-05,-0.0003453095534928412,-0.000472856258801508,-0.000592390129493032,-0.001038119328195464,-0.001190768864251592,-0.0015321628688395239,-0.0014173694313157278,-0.0017072609639760278,-0.001808815485430696,-0.002055311377562472,-0.0025545754740385596,-0.002710834437152188,-0.002923797319647024,-0.00304098814675014,-0.003226816126351732,-0.00337700044071816,-0.003542766348505044,-0.0036323925697478118,-0.0039234930557712445,-0.00406146541629484,-0.0042654905658261995,-0.004531222890216,-0.00473006465413432,-0.00498862756248852,-0.00495419653420836,-0.00519128941783468,-0.00555949291795384,-0.00550443529836368,-0.005876140621181959,-0.00603619722099576,-0.006475752995875,-0.0066155334589248,-0.00682451787143928,-0.00691701209901748,-0.0071190623589949195,-0.00744273681103484,-0.007697661794487521,-0.00769746781963908,-0.00794854828824092,-0.00822354402290404,-0.008248880974516959,-0.00836185592793972,-0.00863216898795012,-0.008574305166888839,-0.008645137960226399,-0.008636529113780201,-0.00872989235708376,-0.00874444394320516,-0.00886833089005828,-0.00884269234559888,-0.00897405692436332,-0.00907890039800812,-0.0089493844933654,-0.0090982535532276,-0.00909879953495412,-0.00925964445257128,-0.009401505130956361,-0.00917896012406292,-0.0090715567438444,-0.00916119030465016,-0.009141225432433479,0.0,0.0,0.0,0.0,0.0,0.0,0.0,0.0,0.0,0.0,0.0,0.0,0.0,0.0,0.0,0.0,0.0,0.0,0.0,0.0,0.0,0.0,0.0,0.0,0.0,0.0,0.0,0.0,0.0,0.0,0.0,0.0,0.0,0.0,0.0,0.0,0.0,0.0,0.0,0.0,0.0,0.0,0.0,0.0,0.0,0.0,0.0,0.0,0.0,0.0,0.0,0.0,0.0,0.0,0.0,0.0,0.0,0.0,0.0,0.0,0.0,0.0,0.0,0.0,0.0,0.0,0.0,0.0,0.0,0.0,0.0,0.0,0.0,0.0,0.0,0.0,8.0
L03_CONTR_LES431,0.34561713780910364,0.3199136449016828,0.3329715403375188,0.34980310022688965,0.3693033644039468,0.3913675285680116,0.416134366330292,0.440603846963548,0.465174315935044,0.491560879362548,0.5212917388328561,0.5528369263302639,0.585764904300248,0.617019153125904,0.648178683673172,0.676438427655616,0.698850249549572,0.713356750338516,0.716051499749344,0.7031943671994639,0.673911434332408,0.627906358950548,0.564378945343676,0.476937313632364,0.3638896046568036,0.2355170194008068,0.1196509464538884,0.056245441631532,0.03914214081234944,0.03318358111131592,0.029469451974344883,0.02638518140011328,0.02388443081176668,0.02137763029550756,0.01943687582723684,0.01764968528023984,0.01605260245685188,0.0147010367688654,0.01335998064155788,0.01228575106891652,0.01139261138615732,0.01027879997648396,0.00955485161316184,0.00880061143413616,0.00823235107714296,0.00764162968792068,0.0070126964143659605,0.0064951514242111204,0.0061492498271878,0.0056848494006708,0.00527993639747836,0.0048723010804486,0.00467390715991808,0.00408338561534076,0.004042259085770919,0.003624849298567628,0.00326173779575684,0.0031424601930545282,0.002783729856191516,0.00255267132165358,0.002481452627556472,0.00207797818806076,0.001874772514979412,0.001792386183526592,0.0015556541638102681,0.001459783801132532,0.001357209343527892,0.000920982655541156,0.000622350983907536,0.000634215626204592,0.0001303654362303392,0.0002337522638735412,6.353146534140961e-05,-0.0003427470139658924,-0.000444054367041248,-0.00056817976902652,-0.0008999945456295119,-0.000958394317866632,-0.001462912480037704,-0.001533124462640576,-0.0015915828280558,-0.0019355244435643039,-0.002143915380469724,-0.0024823242831475078,-0.002735653586301724,-0.002669885509847444,-0.0028322871434752,-0.00324401920551392,-0.003228663057248724,-0.003497265848216916,-0.0037257608108244482,-0.003918500250787468,-0.00419149255893704,-0.00432223646405564,-0.0045698354031352,-0.00472511238351024,-0.00479901196710672,-0.0049770981105332,-0.00524481048950412,-0.00531762781516916,-0.0056678398174340805,-0.00596686122270884,-0.006178895984832239,-0.0064906948807521595,-0.00655587505068324,-0.006865435014693001,-0.00696425578478404,-0.00734034456633252,-0.0074780621258796,-0.007642447635088321,-0.0079503990742436,-0.00818383626064276,-0.00844882354271788,-0.00838249182410644,-0.00857184082246204,-0.00868200257976196,-0.00887808080221404,-0.009054015827148558,-0.00905412087335308,-0.008967502720686759,-0.00911762935457184,-0.009283094756759761,-0.00921028337351556,-0.00938483617268988,-0.009343240612622998,-0.0092980543019424,-0.00932215894300216,-0.0094890560685336,-0.00966031704778268,-0.0094956406019904,-0.00972270027041108,-0.00962908701508076,-0.00956865394063908,-0.00989787268873704,0.0,0.0,0.0,0.0,0.0,0.0,0.0,0.0,0.0,0.0,0.0,0.0,0.0,0.0,0.0,0.0,0.0,0.0,0.0,0.0,0.0,0.0,0.0,0.0,0.0,0.0,0.0,0.0,0.0,0.0,0.0,0.0,0.0,0.0,0.0,0.0,0.0,0.0,0.0,0.0,0.0,0.0,0.0,0.0,0.0,0.0,0.0,0.0,0.0,0.0,0.0,0.0,0.0,0.0,0.0,0.0,0.0,0.0,0.0,0.0,0.0,0.0,0.0,0.0,0.0,0.0,0.0,0.0,0.0,0.0,0.0,0.0,0.0,0.0,0.0,0.0,8.0
L04_CONTR_LES431,0.449454541922144,0.447625344221744,0.470883786654268,0.496812898178672,0.527849370183056,0.564758619015888,0.604802504298816,0.64448561524964,0.680977690379468,0.7246097743145561,0.765807724902292,0.7898498153179401,0.7871187258594959,0.768277515411588,0.73498367150836,0.690874165290212,0.6353432985984321,0.565666914115792,0.480726805891456,0.37602457975824843,0.2629587096416448,0.1595462226311952,0.09502412201078521,0.0665460926911816,0.049620180903891996,0.03452079066617852,0.022766926619439277,0.01563139055527524,0.01260123378084988,0.01066934973072476,0.00923713440828116,0.00831408875236384,0.0073382576453102,0.00638634966903736,0.00574484203043152,0.005439298912884839,0.00480774723619656,0.00429717418007476,0.003949759428978192,0.003521861350864636,0.0029257545060314637,0.002639446033884232,0.002476218612599092,0.001988684068448988,0.002010153782144288,0.001678987360991472,0.001577161871154552,0.001308085584919936,0.0010878090951225241,0.00135541284215338,0.001234039039823508,0.001097645608934276,0.0009270749831465081,0.000968235259782516,0.0009316721970273641,0.000889971813128612,0.000694638111970504,0.000738426760592184,0.00086205850140388,0.000737078164633332,0.000795504161388956,0.000664881972467772,0.000697105337596448,0.000630694411914256,0.000514222891616004,0.00040440142489766803,0.0002507557382608384,0.0003738052166386836,0.0002061059770854004,0.0003796353308602812,0.000302846475479232,0.000107315401870618,-4.32967278500628e-05,0.0001425440467494992,-0.0001179525198976104,-0.0002051239099443452,-0.000142777838896928,-0.0003159092936670308,-0.0003793883014592892,-0.00037028417834874763,-0.000735000109109932,-0.000828568809969308,-0.000769237314628436,-0.000938267119035772,-0.001052839129398112,-0.001081839810310616,-0.001297697220888532,-0.00144577588232804,-0.0014056461116613518,-0.00148594269583926,-0.0015007125728829002,-0.001747538975352956,-0.001851216539129344,-0.001984480814125904,-0.00204631248605746,-0.002270920055645752,-0.002298797196306192,-0.002430565476059744,-0.00246103321770456,-0.002711377005978996,-0.002822325298889372,-0.0029757324710410196,-0.00329865287542956,-0.003386431123803432,-0.003580900406506776,-0.0036602742517627598,-0.003932097507672912,-0.00413858599632188,-0.00420843299655876,-0.00432796097682372,-0.00431822833986772,-0.00441951894395176,-0.00474096891157616,-0.00490478947824984,-0.0048347606079468,-0.00486157883592616,-0.004941034442523281,-0.00510021238663772,-0.00502018552775848,-0.0049977415231165605,-0.0050288032780066,-0.005247807330100079,-0.00510836536110088,-0.00522274812305948,-0.00494642281107864,-0.005023953390288441,-0.00500074942714828,-0.00519132489459348,-0.00494040805006328,-0.00501374462865228,-0.00492087833155496,-0.00476751417150632,-0.004981415917182279,-0.004976614727869679,0.0,0.0,0.0,0.0,0.0,0.0,0.0,0.0,0.0,0.0,0.0,0.0,0.0,0.0,0.0,0.0,0.0,0.0,0.0,0.0,0.0,0.0,0.0,0.0,0.0,0.0,0.0,0.0,0.0,0.0,0.0,0.0,0.0,0.0,0.0,0.0,0.0,0.0,0.0,0.0,0.0,0.0,0.0,0.0,0.0,0.0,0.0,0.0,0.0,0.0,0.0,0.0,0.0,0.0,0.0,0.0,0.0,0.0,0.0,0.0,0.0,0.0,0.0,0.0,0.0,0.0,0.0,0.0,0.0,0.0,0.0,0.0,0.0,0.0,0.0,0.0,16.0
L04_CONTR_LES431,0.400406423062324,0.3925138818226036,0.41302944779422396,0.43899234092128,0.467327967287948,0.499894454151852,0.535185131418084,0.5730726927700079,0.610955889591404,0.6498562274676121,0.69198737061616,0.728512596084676,0.752656569421168,0.757046314573984,0.74212163721244,0.7084714321328079,0.656859275553108,0.588057057793388,0.502196023640648,0.40324557313413195,0.29865773439383003,0.20063440790196838,0.12672411957404958,0.0871933067499568,0.06863361490333039,0.0567581104953152,0.0478590462848296,0.041449417533842,0.03705196783151,0.03374044543800484,0.03084589144953424,0.0282042342417502,0.02558045500516912,0.01690172040313768,0.01409347309439172,0.012708352051256639,0.01152445348000912,0.0099157563555778,0.00880443357208688,0.00724129664173936,0.0059737914087395596,0.00562940659616056,0.00519438896421656,0.004833273284918321,0.00450664110417396,0.00404049507956468,0.003897558187175132,0.0031753584350238642,0.0029215604523266762,0.0030504843490247683,0.002776615807357996,0.002793975712898272,0.0024291196328100517,0.002208153268541924,0.002151070498833012,0.001967002183656576,0.00195411329048316,0.001837336785344416,0.001578416915360304,0.001603027293255032,0.0015605322187061238,0.0013470138227469359,0.001090273305555852,0.00102639814999268,0.000993477194601152,0.000745947708089164,0.0008620742062536439,0.000551978569544788,0.000538039618066348,0.0005471862020923079,0.00029107066823868123,0.000325746338662952,0.00011634026711002,5.6319919252574404e-05,1.142719262142116e-05,-0.000294430566118764,-0.000502970138690528,-0.000655639403669488,-0.000876129419948412,-0.000780070537791684,-0.0010736738283888,-0.00112630254404502,-0.001386486886814368,-0.0015648618271129758,-0.001555912243795136,-0.001714511895350668,-0.00196061526089452,-0.002430320391124252,-0.0024591786031328564,-0.00350647738574046,-0.0038540445819795163,-0.0037185104390177683,-0.00401268439550464,-0.00406725201643004,-0.00421446357527416,-0.00434541768807976,-0.004493726103805521,-0.004683629339341321,-0.0046416911679362394,-0.0048463003372406005,-0.00524657745508388,-0.0055786105755095605,-0.00557626852384012,-0.005890230522254359,-0.00612733811177748,-0.00636131856125456,-0.00660502990617352,-0.006677753602717359,-0.0069623592919286,-0.006921256130608401,-0.0072366204485194,-0.007333251760223,-0.00744351809507792,-0.007527195550948,-0.007650568209384241,-0.0077083424793466795,-0.00785200412246112,-0.00789279376764912,-0.00764054684319752,-0.00791874036998848,-0.00789409155140536,-0.00785385689318748,-0.007831566760352321,-0.00798056132639748,-0.00768011396215348,-0.00774727920962652,-0.0077725696493861195,-0.00777681630142508,-0.00777742441397644,-0.00750641668479944,-0.0076640335523784795,-0.00760446760716316,-0.0075687706177920405,-0.0075017211817842,0.0,0.0,0.0,0.0,0.0,0.0,0.0,0.0,0.0,0.0,0.0,0.0,0.0,0.0,0.0,0.0,0.0,0.0,0.0,0.0,0.0,0.0,0.0,0.0,0.0,0.0,0.0,0.0,0.0,0.0,0.0,0.0,0.0,0.0,0.0,0.0,0.0,0.0,0.0,0.0,0.0,0.0,0.0,0.0,0.0,0.0,0.0,0.0,0.0,0.0,0.0,0.0,0.0,0.0,0.0,0.0,0.0,0.0,0.0,0.0,0.0,0.0,0.0,0.0,0.0,0.0,0.0,0.0,0.0,0.0,0.0,0.0,0.0,0.0,0.0,0.0,16.0
L05_TOB_LES431,0.3393879033448472,0.3116347667285508,0.32133321444424884,0.3359800521868344,0.3526479730525812,0.3711173257821468,0.39301902993539445,0.415416474809812,0.43598404089794,0.457590095913524,0.482430964299144,0.509784364127648,0.536648960984044,0.562311637228496,0.5857842244073119,0.6084305538760919,0.630140639486072,0.64735287814104,0.657143644107104,0.659290976130976,0.6523985620007481,0.631687551679648,0.5913355971588,0.519625050493892,0.40621699484614,0.2585588378878836,0.11188955561678161,0.03837929520002416,0.0223178334713118,0.016739180294452923,0.0140540317346726,0.01217920956082188,0.0104208331387954,0.00932916112664004,0.00796858546966232,0.007045832800959919,0.00621610790971912,0.00546771015432964,0.0046796298368221205,0.004319687397100641,0.003739872320409196,0.003549231320828576,0.0029470328376809,0.002785671323667916,0.002554116471502744,0.0025615206865126357,0.0022297716923791082,0.002008108570469948,0.001908281727765144,0.001786836923063328,0.0014428189855056558,0.00145539740887424,0.001290345589720844,0.001264235004617244,0.0012393451260971,0.0010829668834205798,0.0011547070892080839,0.00092014762130688,0.000948312204211568,0.00100528838024354,0.0009258816562990479,0.0006926958289524479,0.0006337197103954159,0.000684392756058504,0.000675522081024884,0.00055384484394474,0.00044026194069820803,0.0003333853564933732,0.00018045034067703,0.000187016783001818,0.00019434505940067002,0.0001578872212304172,0.0001011789986119904,-7.15498076669272e-05,-1.853676903494632e-06,-0.0002602323566675156,-0.0003034963649234268,-0.000367433422385612,-0.000502395399064376,-0.000493877886726188,-0.0006902710115131319,-0.00086883777420898,-0.000775630691476112,-0.0011745377076388518,-0.00117089020039082,-0.001209316060175416,-0.001448934634213668,-0.00146338944659788,-0.001912304995855096,-0.001874361783877164,-0.002024485133433148,-0.002143988095655124,-0.002030089774335528,-0.002297356020747656,-0.002317344355530352,-0.002453929416667608,-0.002644815257832872,-0.002655742520217988,-0.0027404353148156118,-0.0029392724749583723,-0.00320350078377166,-0.003173081283127228,-0.003379763291268748,-0.0032973287083940843,-0.003694294972155412,-0.00383441301477644,-0.003878259521403208,-0.004020743285070559,-0.00426444150149144,-0.00442408438023328,-0.0045446130826228,-0.0045717486240728,-0.00479196836101928,-0.00480509643344856,-0.00475973571554156,-0.00494286708930656,-0.00488605982334448,-0.004930058190317679,-0.0048537770126423204,-0.00473100723687116,-0.00483193179485416,-0.00485618957613044,-0.0047064781844562,-0.00474182142624972,-0.0047457119041153205,-0.0045637194400212,-0.00464351563142644,-0.0046710772446838,-0.00464586439369704,-0.00471862126531568,-0.0045203011822238,-0.00447234560082196,-0.0043854008344872,-0.004474263960358681,0.0,0.0,0.0,0.0,0.0,0.0,0.0,0.0,0.0,0.0,0.0,0.0,0.0,0.0,0.0,0.0,0.0,0.0,0.0,0.0,0.0,0.0,0.0,0.0,0.0,0.0,0.0,0.0,0.0,0.0,0.0,0.0,0.0,0.0,0.0,0.0,0.0,0.0,0.0,0.0,0.0,0.0,0.0,0.0,0.0,0.0,0.0,0.0,0.0,0.0,0.0,0.0,0.0,0.0,0.0,0.0,0.0,0.0,0.0,0.0,0.0,0.0,0.0,0.0,0.0,0.0,0.0,0.0,0.0,0.0,0.0,0.0,0.0,0.0,0.0,0.0,16.0
L05_TOB_LES431,0.32148455681549676,0.31027990685891277,0.3194722045528672,0.3333241205897512,0.3496094332813808,0.36786022600600643,0.3882355071676492,0.409794319115416,0.4307544404575,0.45147486488871197,0.476170067026468,0.504053441162028,0.531722058856588,0.558679222501,0.583879741825368,0.6086719356740561,0.63233124007942,0.653583983556712,0.670405016012356,0.680192474191372,0.679977994771516,0.6699792160004959,0.64800782586356,0.6084202666585881,0.546247521767116,0.458939441550928,0.3462349662695976,0.219320453307918,0.10615879342129919,0.0454029483010528,0.02851412065858832,0.023372281275302397,0.02031870835131752,0.01794392904077132,0.015902862896032918,0.01406652786486264,0.01247615869261028,0.01109574255614044,0.010095815088537042,0.0088902644894528,0.00810090050144664,0.00721979294212188,0.00672587386603044,0.0059022746571067205,0.00539080600208344,0.00494373545945636,0.0044110477651252405,0.00409402704776112,0.00360995357085494,0.003329404148520396,0.0030652438881130922,0.0028403965482609998,0.002614347158237392,0.002387763011230004,0.002216254493133364,0.001939199316723592,0.001841337589967324,0.001601875969353916,0.0016826519704474202,0.0013747064369555159,0.001225205186941368,0.0010557810936751239,0.001060091810015224,0.00092266639449382,0.0007067853889017481,0.000892528240805648,0.000695751967725824,0.000604965887489596,0.0005229678614243079,0.0003766033558218732,0.00016178407722487962,6.02212720678788e-05,6.05882622838428e-05,-0.0002617137895813856,-0.0002537151633189664,-0.0003928369500021236,-0.0003951552883843964,-0.000479563622384724,-0.00078649830695592,-0.000787224904038448,-0.00093270885182872,-0.001002871618543872,-0.0011615869651610679,-0.0014105492052463998,-0.001517349958677308,-0.001750699693149116,-0.0016810495141342079,-0.0018871640195891638,-0.001903206466497548,-0.001944532604973932,-0.002119945948705048,-0.002271115276358356,-0.00248719079977376,-0.0026129865143578,-0.002505465496936864,-0.002725723781853356,-0.002934778149499392,-0.002939856093974624,-0.002853201111550796,-0.00320722950018776,-0.003306933366916508,-0.003565066501618492,-0.0035275013119907238,-0.003831955072152256,-0.00422842343277108,-0.00430543595336724,-0.00441380606805552,-0.004409786021686761,-0.00447629811015708,-0.00470736880894648,-0.004775662870132561,-0.00483920310020204,-0.00503957434661964,-0.00523400279578456,-0.00502640084140832,-0.00507579290236968,-0.0051895833189348,-0.00528626052833192,-0.00534139314346164,-0.00522498224586884,-0.00508624428796188,-0.00526291482490456,-0.00521593338205784,-0.005152915299114161,-0.00520843330007552,-0.0050969943070064,-0.00501216448354916,-0.0051898187226516795,-0.00504220810476308,-0.00483467682735548,-0.0049348915305275996,-0.0045525721148034,-0.0046748575381698,-0.00481924935182028,0.0,0.0,0.0,0.0,0.0,0.0,0.0,0.0,0.0,0.0,0.0,0.0,0.0,0.0,0.0,0.0,0.0,0.0,0.0,0.0,0.0,0.0,0.0,0.0,0.0,0.0,0.0,0.0,0.0,0.0,0.0,0.0,0.0,0.0,0.0,0.0,0.0,0.0,0.0,0.0,0.0,0.0,0.0,0.0,0.0,0.0,0.0,0.0,0.0,0.0,0.0,0.0,0.0,0.0,0.0,0.0,0.0,0.0,0.0,0.0,0.0,0.0,0.0,0.0,0.0,0.0,0.0,0.0,0.0,0.0,0.0,0.0,0.0,0.0,0.0,0.0,16.0
L06_TOB_LES431,0.3726345314648468,0.3548528060208952,0.3705960184861252,0.387637786688074,0.40525381420518,0.422101473346732,0.4342984729282,0.44822465847824,0.462152017115232,0.47493750715886,0.486095355145828,0.494641306964852,0.501183440231996,0.5044528352497,0.5049367263296041,0.501698225691128,0.49561071170563203,0.48698590652504403,0.475660948155616,0.45991096700064005,0.441728826241436,0.41974641822035197,0.3945131001963484,0.36468475906070963,0.3283435062262848,0.2859537117878728,0.2363710066872872,0.180681350299716,0.1218234432934544,0.0639602415663224,0.02905144924915052,0.0176852554278574,0.01404839525884112,0.0120269287034154,0.010468535039843,0.00917519463795408,0.00807543843186912,0.0072140277251078406,0.00617578728602644,0.00550959191221644,0.0048726944370054,0.00420310449756328,0.003670966154715544,0.0032722478023257244,0.002954678008033912,0.002605642924253724,0.002254706481699776,0.0021942824899453322,0.00193637383081484,0.001754455792060144,0.001493939045010128,0.001447526851075248,0.001261339428851684,0.0012162745053206161,0.00112639326112942,0.001038651333318996,0.000918857412117,0.000872996357992204,0.0008685363604751281,0.0008695784628272279,0.0006906213108101999,0.000672896115525652,0.00063509495638822,0.000509056787894572,0.0004883054702886839,0.000431821672159336,0.000387780965282222,0.0003962429764260152,0.0003290610780314268,0.00027053728540687836,0.00011749730720337761,0.00011487236946572201,-6.46665160222612e-05,0.0001407019982868236,1.20235540323898e-05,-0.0001844805909948672,-0.00024005202734752522,-0.000217830555709922,-0.00040719985397532797,-0.000488409247856852,-0.000506176642000832,-0.000728245091499344,-0.000653501957029248,-0.0007404195955072999,-0.000987265698615244,-0.00092655456903752,-0.000951741331456132,-0.0010446866095038042,-0.001283622726676056,-0.001345851416194168,-0.001216450520351684,-0.001406513849824768,-0.001469766496045644,-0.001554358135728,-0.00169584423691746,-0.0017436372616392599,-0.00193751250799638,-0.001786064791413384,-0.002071211050245032,-0.002060219482056252,-0.002240696366831696,-0.002321981368432536,-0.002276750716920216,-0.002456304054002384,-0.00258402260552658,-0.002752565564630256,-0.002809425933805672,-0.00283275866784698,-0.0030250771771552676,-0.00305789021316714,-0.003171195691483768,-0.003240418063385856,-0.003328308824332212,-0.00328881497118662,-0.0032694493226117878,-0.0032766813496457317,-0.003336981624234168,-0.003248856057765384,-0.003126895142423368,-0.003355689228184436,-0.0032738906329775,-0.003142923979012556,-0.002955282495222472,-0.003165943172702952,-0.002739675547042132,-0.0030206075774327117,-0.002942493151019252,-0.00285513405472748,-0.0028849247647061162,-0.002835716047463816,-0.0027816567940851236,-0.00274888418476566,-0.002720681981912412,-0.002662155942467428,0.0,0.0,0.0,0.0,0.0,0.0,0.0,0.0,0.0,0.0,0.0,0.0,0.0,0.0,0.0,0.0,0.0,0.0,0.0,0.0,0.0,0.0,0.0,0.0,0.0,0.0,0.0,0.0,0.0,0.0,0.0,0.0,0.0,0.0,0.0,0.0,0.0,0.0,0.0,0.0,0.0,0.0,0.0,0.0,0.0,0.0,0.0,0.0,0.0,0.0,0.0,0.0,0.0,0.0,0.0,0.0,0.0,0.0,0.0,0.0,0.0,0.0,0.0,0.0,0.0,0.0,0.0,0.0,0.0,0.0,0.0,0.0,0.0,0.0,0.0,0.0,32.0
L06_TOB_LES431,0.3196471777413736,0.3106339820538832,0.3235704190801036,0.3373893316265072,0.352238552034908,0.3677420720962492,0.385094741032022,0.3997074729789792,0.414806637521776,0.42944406567526,0.442975145210824,0.45665894396295603,0.46809238028517197,0.47695066855204,0.48506042694561197,0.49138252100852,0.49487558785060004,0.495693861142812,0.492165858542864,0.485637714956356,0.476158748407412,0.463366401064384,0.445996708351176,0.42359565550315603,0.3950356242502508,0.3602261556802256,0.3185999322897076,0.270142539821516,0.2173880596482608,0.1546401707232872,0.07644507273797,0.023156608849483562,0.00972963365115016,0.00697072749775424,0.00582133606150492,0.00475728405524692,0.00400011241942784,0.003183474254676044,0.0028180802111747363,0.0021108856251429156,0.0017398193003787359,0.0016252975664295879,0.001053358597135588,0.000990453004013468,0.0009074439293980359,0.000512932477215972,0.0006075348838978721,0.0005882220464175481,0.00028963557317765443,0.0003318421702952924,0.00041252478116105603,0.00046658029108141605,0.00027214131272697723,0.000422381520213048,0.0001772488167597448,0.00016745317389529722,0.00037416926191819724,0.0002067375441307712,0.0003334148387435188,0.0002677991980700192,0.0002137127740430652,0.0003432051563473156,0.0003197545330435816,0.0003119872029303108,0.00031750607814105803,0.000375833864456248,0.00046413459525274396,0.0001062859188051284,0.0001470858935192464,0.00020780335040066638,0.00026020520189044436,0.00031366523494608876,8.91810255749676e-05,0.0001299044591254096,0.00026011669533359524,4.3488873781256396e-05,-0.00029423015175515996,-0.00031838396541568396,-0.0001859538511764944,-0.0002495237889323672,-0.00035059097235434875,-0.000643390357741372,-0.00041594358025900003,-0.0006701878852004159,-0.000694150095095768,-0.000741467888281776,-0.001119926415620136,-0.001030021665892348,-0.000983141325095652,-0.00108071933610084,-0.001302407869242608,-0.001214577249485928,-0.001362742653018556,-0.0015280598937027,-0.0016294926379545561,-0.0017097084902447598,-0.0017852859824588681,-0.001739380807255244,-0.001967192680748092,-0.002055471520681568,-0.0022283321552636843,-0.0024914284987675203,-0.002588583767508696,-0.002727171161105784,-0.0029523465011087563,-0.0029766630391217038,-0.003188150577028348,-0.0032587754081946797,-0.003503481083901212,-0.0034959410930662962,-0.003794447049991268,-0.003987898856623508,-0.0038969201058197357,-0.003947364221459124,-0.0040262481142948,-0.00414109236880516,-0.00432156328122588,-0.00410763478535704,-0.0041325380620044,-0.00410209129723648,-0.00425252726104604,-0.0041488051763384805,-0.00406606148674444,-0.004053777634770639,-0.00410109260757112,-0.00411462810363584,-0.004118688226055,-0.003936616783431836,-0.003885731687153876,-0.00402978245923936,-0.003941821890920168,-0.003855788337109912,-0.0037686095712369003,-0.003874852883254616,0.0,0.0,0.0,0.0,0.0,0.0,0.0,0.0,0.0,0.0,0.0,0.0,0.0,0.0,0.0,0.0,0.0,0.0,0.0,0.0,0.0,0.0,0.0,0.0,0.0,0.0,0.0,0.0,0.0,0.0,0.0,0.0,0.0,0.0,0.0,0.0,0.0,0.0,0.0,0.0,0.0,0.0,0.0,0.0,0.0,0.0,0.0,0.0,0.0,0.0,0.0,0.0,0.0,0.0,0.0,0.0,0.0,0.0,0.0,0.0,0.0,0.0,0.0,0.0,0.0,0.0,0.0,0.0,0.0,0.0,0.0,0.0,0.0,0.0,0.0,0.0,32.0
L07_TOB_LES431,0.33427783408659323,0.2969471554485832,0.30551668903801077,0.31808327422188476,0.333605146302934,0.3505115645233548,0.3681329427529732,0.3870758968111964,0.406385403702384,0.42681761996198797,0.447819646412456,0.47125477148786804,0.4970475563462,0.523920763894348,0.549950846990912,0.573128982754256,0.597590220032472,0.620921767049988,0.640999824280964,0.656744057781252,0.665952421976892,0.665266112008156,0.652651709197644,0.62629142213052,0.58312107414296,0.5200632844542361,0.43568588832308003,0.33378229578503443,0.2244687864428204,0.1262868654751732,0.0633874883756492,0.03843231177613904,0.0308961067601618,0.02685863797992344,0.0238570735941842,0.02144494272018332,0.019287426316914397,0.01742147880857512,0.01603658493349568,0.01456666976960764,0.01339464779048884,0.01225512048071276,0.011238069950708921,0.01028191069381624,0.00954451337011508,0.00891526364920996,0.008234114551967639,0.0075955891408724,0.00689999677290932,0.00664686972250376,0.00605676144502464,0.00571968083945096,0.005205502078859081,0.00476054984262108,0.00452852439774088,0.0043314173052792,0.0036403798631427036,0.0034425229841829317,0.003181093210196412,0.0029945240432217362,0.002578713463120388,0.00221242541789778,0.002194848431268372,0.002049513050968488,0.001705296090549892,0.001438455368980744,0.0012969666510276121,0.0008366457847930399,0.0007545080760034239,0.0006265621569784799,0.000283925131455066,0.00023609802102949638,-1.380469861689256e-05,-0.000325902709495446,-0.00046826641772116403,-0.000698787417807608,-0.000932638239500332,-0.0012528108205035,-0.001323252068425632,-0.0017359739039440561,-0.0019366797226594561,-0.0022481177291240957,-0.002465478400628272,-0.002769872679005148,-0.002681864830252528,-0.002957511246124168,-0.0034476424476451123,-0.003311427622814124,-0.003639206962349288,-0.0038959170196947598,-0.003997865371266052,-0.00421126299453384,-0.00459409121640788,-0.004781038918940639,-0.004627286009855761,-0.00512689959457816,-0.00525234741961912,-0.00558165244345084,-0.00566659337113212,-0.00569977779125628,-0.006043390668672559,-0.0061666804614074,-0.006444111047777081,-0.00658674365725508,-0.0070530480694681996,-0.007270485569369441,-0.00761548413226584,-0.00789007331475216,-0.00804849656030664,-0.0081887579355444,-0.00843582879103324,-0.008684240692253679,-0.00865569636955996,-0.00888210791418584,-0.00883945042166244,-0.009294032249836279,-0.00924103432445412,-0.0093170159058194,-0.00936198826773364,-0.0095989524391762,-0.009633588412238799,-0.009648305809240719,-0.00964924016173208,-0.00979544561425936,-0.00981316234441444,-0.009817140844503641,-0.00999706182949088,-0.00984081461803524,-0.010192376407505,-0.01015481383240448,-0.010034705703968,-0.01009471607400576,-0.00998910725131196,-0.010116353147943959,0.0,0.0,0.0,0.0,0.0,0.0,0.0,0.0,0.0,0.0,0.0,0.0,0.0,0.0,0.0,0.0,0.0,0.0,0.0,0.0,0.0,0.0,0.0,0.0,0.0,0.0,0.0,0.0,0.0,0.0,0.0,0.0,0.0,0.0,0.0,0.0,0.0,0.0,0.0,0.0,0.0,0.0,0.0,0.0,0.0,0.0,0.0,0.0,0.0,0.0,0.0,0.0,0.0,0.0,0.0,0.0,0.0,0.0,0.0,0.0,0.0,0.0,0.0,0.0,0.0,0.0,0.0,0.0,0.0,0.0,0.0,0.0,0.0,0.0,0.0,0.0,16.0
L07_TOB_LES431,0.2860943381339228,0.2493700502005148,0.2580363045688884,0.2698308674259044,0.284291269613856,0.3003610001723132,0.3265250959681304,0.342498347547116,0.3610042152814372,0.380099853171146,0.3999920548113148,0.422470809076908,0.44754977691051195,0.472842842599476,0.496941895155496,0.517384995448556,0.5390365031621439,0.560430508897152,0.579025313842344,0.593612259333396,0.603282336569608,0.60470494623248,0.595167636908024,0.5729818353753761,0.536253516835868,0.482805264368952,0.41116707008546,0.3244707290399824,0.2301946432203728,0.14237524905003401,0.0797966138803332,0.0502344250843136,0.03757624472892832,0.03030927542745088,0.022292530178658163,0.016876087419387238,0.01445338069448736,0.01302130447435524,0.0119810192648546,0.01122791633831168,0.010295723587862802,0.00953530783409672,0.00872758084225296,0.00795677830460668,0.007311662378783321,0.006891262639696001,0.00634052878773728,0.00588169989339196,0.00554221653856032,0.0050528292108516,0.004682889792701881,0.00423997134530232,0.0041586397107741604,0.003599123813469056,0.0035480011096155517,0.0031489182902202637,0.002807457481895548,0.002468146390108952,0.0022418182376278558,0.002141107298295744,0.001983186665474924,0.0016110905039761361,0.001545782086321232,0.0013312058664172559,0.0011647058317010518,0.0009289554630911599,0.000882414971792768,0.000715721273463004,0.000453878989228368,0.0003908890072371088,8.97932990701744e-05,7.832069919004719e-05,-4.688105928857e-05,-0.000478753861698708,-0.00020575535376290922,-0.000496723283946232,-0.0006480089386168641,-0.000754858512354776,-0.001188516510261548,-0.0011412300091724601,-0.001163027979339132,-0.0016006083313750278,-0.001606051919433296,-0.001800051003496356,-0.0018704337666367921,-0.002194079797842432,-0.00233418385494494,-0.002495929529521964,-0.0025732852355117523,-0.002816347672636784,-0.002886380635607888,-0.002878742754880192,-0.002947265383744716,-0.003259152272456916,-0.003579196338383524,-0.003722967871261948,-0.003811365140306128,-0.003825491621911,-0.0040508733244476,-0.00411375820234952,-0.00428033193585032,-0.00447736825271016,-0.00472548545188652,-0.0047263169785132396,-0.00518302092460616,-0.00516337674101712,-0.00550486340165332,-0.00558655814246904,-0.0058783274021528805,-0.00602406514240304,-0.00598703724828984,-0.00620001278304332,-0.00634229447682632,-0.00634639059165344,-0.00637082433914384,-0.00659196749545388,-0.00664517032152292,-0.006692786632938321,-0.00689612659818996,-0.006873428355403601,-0.0069980670632960405,-0.0068062221309678,-0.00702876613328868,-0.007136935104391519,-0.0070494554384124,-0.00705397745308544,-0.00703168386850772,-0.00706318200285912,-0.00701245579966984,-0.00706593780958772,-0.00693641694864796,-0.00706525736871584,-0.00693039619613012,-0.007032536259419081,0.0,0.0,0.0,0.0,0.0,0.0,0.0,0.0,0.0,0.0,0.0,0.0,0.0,0.0,0.0,0.0,0.0,0.0,0.0,0.0,0.0,0.0,0.0,0.0,0.0,0.0,0.0,0.0,0.0,0.0,0.0,0.0,0.0,0.0,0.0,0.0,0.0,0.0,0.0,0.0,0.0,0.0,0.0,0.0,0.0,0.0,0.0,0.0,0.0,0.0,0.0,0.0,0.0,0.0,0.0,0.0,0.0,0.0,0.0,0.0,0.0,0.0,0.0,0.0,0.0,0.0,0.0,0.0,0.0,0.0,0.0,0.0,0.0,0.0,0.0,0.0,16.0
L08_TOB_LES431,0.3013099365803384,0.26916696012100644,0.2677692941532588,0.27010861815846365,0.2750962648182752,0.282321119135708,0.292444520335456,0.30304322081431123,0.31542185087342883,0.3298600960189168,0.3460369740728212,0.363189044122808,0.3804842483999908,0.398023702212188,0.417063211738428,0.43666847193931196,0.455626830151272,0.473411947081804,0.48952168727814,0.503642987615424,0.5159362777641,0.525544083183088,0.5362998729716639,0.5452826914668,0.5504437405892441,0.5494690168355241,0.5423380756603879,0.5274310167795839,0.5041895859155721,0.47202288864347997,0.431380793577084,0.38064527572137,0.3163055758866288,0.2398133095966348,0.160262502830078,0.09213087271238721,0.047472170663674394,0.02742699463609136,0.01991676067001976,0.016566043421219197,0.01468731102048356,0.013210876754481961,0.0118773131511236,0.01073831028823976,0.009577196736795881,0.0086981625990002,0.007965412697570241,0.00696734658294692,0.0064885374313361196,0.00580098753229056,0.00526191495347844,0.004975360420960161,0.00430904879578272,0.00402215015311888,0.003430192363471908,0.0031222238794146842,0.0028313760994493798,0.002529527991611684,0.0023365848196452758,0.001997906285808136,0.001749231650875112,0.00168802120457192,0.001324220406302988,0.001314211997454104,0.00092475486528572,0.000946207505093952,0.000671162671150536,0.0005828161430019039,0.00047843330228110797,0.0003063549438601556,0.0001764840721619248,3.441261817819024e-05,-0.00012533851934664762,-0.0002794513508406432,-0.0001998962316677236,-0.000567608481262032,-0.000740927147894364,-0.000731790341018176,-0.000894520475841988,-0.001100793060250508,-0.001173635510225608,-0.001218164121440124,-0.00146724760537838,-0.0016121140293288761,-0.001653918035244808,-0.00191541914224854,-0.0020076670622823237,-0.0022335542358432998,-0.001945349095998064,-0.0022670680015895563,-0.002523949542177916,-0.0024565235149017124,-0.002542050451788668,-0.0027669926779771837,-0.002683712693405952,-0.00294692209849144,-0.003274287476943864,-0.003252384801260316,-0.003360882779624712,-0.003514387408319292,-0.003465395856781568,-0.003631040207916572,-0.003975026133616956,-0.00405283855668216,-0.004306269642326521,-0.00450626261711752,-0.00490014982594216,-0.00484878864999804,-0.00491700290047216,-0.00516670800945448,-0.00506245381251452,-0.00525510980034272,-0.00547786055663936,-0.00558276092035496,-0.00556758738918564,-0.0054674163630284,-0.0055633979533486,-0.00570279467300864,-0.00568803232085228,-0.005690822180013,-0.005708698720567,-0.00567731235717084,-0.0057693497671074,-0.00570911749615336,-0.0056238330591049605,-0.00554766717847648,-0.0055822697595081195,-0.005629712710521239,-0.00554693254418708,-0.005358852145918519,-0.0054567041500342,-0.00564483565707248,-0.00567974896274788,-0.00534335012490932,0.0,0.0,0.0,0.0,0.0,0.0,0.0,0.0,0.0,0.0,0.0,0.0,0.0,0.0,0.0,0.0,0.0,0.0,0.0,0.0,0.0,0.0,0.0,0.0,0.0,0.0,0.0,0.0,0.0,0.0,0.0,0.0,0.0,0.0,0.0,0.0,0.0,0.0,0.0,0.0,0.0,0.0,0.0,0.0,0.0,0.0,0.0,0.0,0.0,0.0,0.0,0.0,0.0,0.0,0.0,0.0,0.0,0.0,0.0,0.0,0.0,0.0,0.0,0.0,0.0,0.0,0.0,0.0,0.0,0.0,0.0,0.0,0.0,0.0,0.0,0.0,16.0
L08_TOB_LES431,0.2661689896547864,0.2342580215885936,0.2338346893242288,0.2363860947203184,0.24128866301429241,0.24860570112413719,0.2561769110054136,0.2666074846885228,0.278544702365136,0.2922960417419992,0.3078237016720488,0.3243360769661856,0.3409279506889672,0.3579269506949216,0.37650022642767156,0.3957048919847636,0.414541833118264,0.431805253203908,0.448300825428328,0.462863255287796,0.475458583536348,0.486993676582524,0.499143929089296,0.51080961178268,0.519177189014844,0.5227719957155801,0.520565629505636,0.512039872485096,0.495414924133116,0.471003901584472,0.437793344585296,0.3941282834841524,0.3375790250603432,0.2672359328756952,0.18950739736768238,0.11622286314270239,0.0608590457799508,0.03145277581973432,0.020246684136822877,0.01574646401158824,0.01361296259214812,0.011895375515588719,0.010799475996679958,0.00938667233908188,0.00871242333185448,0.00770378995762748,0.00684839484157916,0.00615139184626964,0.00548630708884644,0.00512611332132412,0.00448552327342252,0.00403382172028776,0.0036051295526946282,0.00318402571122566,0.002847508495021012,0.0026729978760295,0.00221580233743256,0.002093181932191656,0.001737073938879628,0.0014059457723182,0.001486095444199884,0.001180708998234896,0.001041200802559688,0.001074861310859636,0.00070663005202708,0.000816319972421968,0.0005474109311558319,0.0004894696436744199,0.0002135127203214472,0.00021088132979983,0.00022178737236824,6.4420049362464404e-06,-0.00011936484586729001,-0.0002127828232503576,-0.0002277831148714976,-0.000528791926467732,-0.0006160608242390319,-0.000495873574499636,-0.00075252215424296,-0.000824167056522408,-0.000685218726891184,-0.000977421505385904,-0.001001607371364476,-0.0012736030450969519,-0.0014572586029450681,-0.00127393292477082,-0.001372246848159224,-0.00155668613947574,-0.001587574045605172,-0.001784115800381776,-0.00189776024531282,-0.001921770685189976,-0.002040753560182332,-0.002185860332504456,-0.0023956412345867524,-0.00243321973985052,-0.002495406994439516,-0.0026105775642367443,-0.0026425903858600243,-0.0029096653102010078,-0.0028067556585604837,-0.002986384354472208,-0.00325272866086732,-0.0032439084285377,-0.003496620205372648,-0.00374827298277286,-0.00383493260559198,-0.003604022664286272,-0.003848606707773928,-0.0042190585083438405,-0.00423017604729096,-0.00432416473477232,-0.004518030591244279,-0.0047190933392033995,-0.00454489128863616,-0.00435804952019632,-0.00454027995114796,-0.00469706167086308,-0.0045425107566048,-0.0047261281028155595,-0.00474848046751044,-0.00494600128479596,-0.00474899156085188,-0.0048210105164339595,-0.004757751643334,-0.00475876120528084,-0.00474552603622632,-0.00472554722280264,-0.004579211948157,-0.0043763075038214805,-0.0044409061022826005,-0.00456911882051352,-0.0045817581648422805,-0.00445591685089504,0.0,0.0,0.0,0.0,0.0,0.0,0.0,0.0,0.0,0.0,0.0,0.0,0.0,0.0,0.0,0.0,0.0,0.0,0.0,0.0,0.0,0.0,0.0,0.0,0.0,0.0,0.0,0.0,0.0,0.0,0.0,0.0,0.0,0.0,0.0,0.0,0.0,0.0,0.0,0.0,0.0,0.0,0.0,0.0,0.0,0.0,0.0,0.0,0.0,0.0,0.0,0.0,0.0,0.0,0.0,0.0,0.0,0.0,0.0,0.0,0.0,0.0,0.0,0.0,0.0,0.0,0.0,0.0,0.0,0.0,0.0,0.0,0.0,0.0,0.0,0.0,16.0
L01_CONTR_LESB58,0.6255134104756,0.612612742797476,0.6629781986949,0.7140250167521079,0.7626153236330561,0.799355408178196,0.8224787383514559,0.83868322336496,0.84517875278784,0.828356202208256,0.78974840724266,0.732025136046164,0.6533480424568799,0.547484358939364,0.41000628954998397,0.2560901295803576,0.1370383249491268,0.08761278237889679,0.0748962759842336,0.06850632132512201,0.0622054848963596,0.055557287102837596,0.0483245839860668,0.03982880347665524,0.03162293350719052,0.02405882439304196,0.01910519886088884,0.015834471759363238,0.013838659551988122,0.01206009364599832,0.01095841043775072,0.009457263226313361,0.008541114480150559,0.00771325081159792,0.00715564225548156,0.0063003204632846,0.00569769851098072,0.0050942459762252,0.0047282737647320805,0.004110198597606441,0.003891152862245724,0.003413012893523352,0.00322521356303342,0.002983706839590264,0.002961561503701376,0.0026402303153835282,0.002580806278544848,0.0023542725639065882,0.002064509615319984,0.0022063231137806837,0.002117710295287848,0.001827468737805828,0.001760037949600044,0.001533969946346544,0.001483252274645056,0.001555426608094084,0.001269834653513704,0.001357651736577768,0.0014074592053202719,0.0012491633193821201,0.0011766470098400399,0.001158962341898192,0.00094158482812952,0.000817954557430472,0.00087751769980332,0.000578323387007204,0.0004579398488141,0.00046696591606391603,0.0003417346420332516,0.0002079152219096648,8.10162602803316e-05,0.0001062723528438176,5.3500411230114e-05,5.76114913236452e-05,-0.0001418057162482524,-0.0002969944985105788,-0.00042170760904574,-0.000470923615278136,-0.000648914952126332,-0.000800797986792968,-0.000862569988797592,-0.0010973138959095,-0.001282536582249836,-0.001121978773655836,-0.00135368929604046,-0.0015155838795050361,-0.001657186193607552,-0.001574464441797256,-0.0017431385465306519,-0.001951448262617876,-0.001980988787185856,-0.002280994203754496,-0.002268661406030604,-0.002425951127686124,-0.002696074969631876,-0.0027665330046361077,-0.002791870626836,-0.002809420421005336,-0.003037182813089948,-0.003252192235518976,-0.003304967259926204,-0.003367988733481956,-0.003514846000266988,-0.003748064210674916,-0.003590382086691588,-0.003847714403841468,-0.003967710136314812,-0.00409950248546468,-0.00436822094063316,-0.0041987452771810796,-0.00438787082841212,-0.0042652418211559994,-0.004396531438650921,-0.00453143806272928,-0.004389286135899,-0.0044750754311534,-0.0044288378998552395,-0.00435967978611376,-0.0044962657031996,-0.00439885979908644,-0.00433404434267912,-0.00420031549341604,-0.00426952066163524,-0.00415385936015736,-0.00416976764757096,-0.0040644674952421194,-0.003861162414028084,-0.00407864885989136,-0.0040801720585792005,-0.0038839159281881122,-0.0038977683469001837,-0.003679023697292652,-0.0036016485597668,-0.003688676067652792,0.0,0.0,0.0,0.0,0.0,0.0,0.0,0.0,0.0,0.0,0.0,0.0,0.0,0.0,0.0,0.0,0.0,0.0,0.0,0.0,0.0,0.0,0.0,0.0,0.0,0.0,0.0,0.0,0.0,0.0,0.0,0.0,0.0,0.0,0.0,0.0,0.0,0.0,0.0,0.0,0.0,0.0,0.0,0.0,0.0,0.0,0.0,0.0,0.0,0.0,0.0,0.0,0.0,0.0,0.0,0.0,0.0,0.0,0.0,0.0,0.0,0.0,0.0,0.0,0.0,0.0,0.0,0.0,0.0,0.0,0.0,0.0,0.0,0.0,0.0,0.0,8.0
L01_CONTR_LESB58,0.632709993825536,0.660933895755236,0.715533952802372,0.77176387022224,0.827090695743872,0.86986733857158,0.880623938967436,0.8993734541431839,0.9054652906961881,0.886356178141496,0.844487103161648,0.784550675750972,0.7026644330141241,0.5915937861205519,0.445101394204416,0.2832365096145496,0.1620013351589336,0.1187320687151716,0.1069326045186876,0.09718603630641201,0.0857932170983156,0.0732362033851316,0.0614130387150364,0.0501811735128508,0.03973977221858092,0.03099342055574908,0.024060889833137398,0.01900327160652496,0.01544427612620784,0.01285784284632404,0.0110880092680588,0.00977319893091004,0.0086953541499822,0.00770125941145904,0.00671488059944892,0.0058838424042775206,0.00528093282454444,0.0046547569487511604,0.00421282236687108,0.003648006885053084,0.0033853470887835,0.00300229423514436,0.002541295183409968,0.002293657885346032,0.0020947262349090916,0.002027605663186056,0.001780259770711652,0.001632173675626272,0.0014659914522756202,0.001453637596929092,0.001293110296271316,0.001333231587334244,0.001347594763883352,0.00128338990399504,0.00115956180795712,0.00096990936060786,0.000964688659125796,0.000929115951940692,0.0009599570940022119,0.000806840254453112,0.000837969070632084,0.0008867619405486001,0.000675453434131924,0.0005938734034575241,0.000486147474607876,0.000468896462011844,0.0005656229088584241,0.0002800823874137344,0.00050145260069916,0.0003405217905827284,0.0001798849443448868,0.000105920156059232,6.81019008379484e-05,0.0001128257361226932,0.00013116254600506081,-0.0002223430023119572,-0.0002030031903504044,-0.00019895131403499161,-0.000412455334067512,-0.00040667994690590797,-0.000623965215433392,-0.000707779155936208,-0.000860824032605908,-0.001085452048827968,-0.001081133570880492,-0.0013112754358241081,-0.001408242000586604,-0.001409537093571196,-0.0016268936076092799,-0.00171816293583246,-0.001662870528618392,-0.001921948816168356,-0.002060176870634724,-0.001965406372990816,-0.001975564288030572,-0.0022100836557698077,-0.00235813894531192,-0.002276702819131408,-0.0026853199166774837,-0.002732213572698856,-0.0029258466393542763,-0.0031392969310066283,-0.0031555726818317197,-0.0033751399702167603,-0.00340859803688708,-0.003564232683156372,-0.003758939178913868,-0.0038201458517548603,-0.003955519599982504,-0.00412605454305644,-0.00412494357822072,-0.0043180320317948405,-0.004288544120747279,-0.00435733935132004,-0.004482541255775361,-0.00445824889255356,-0.00447994737856784,-0.00439382804584136,-0.00444483288600316,-0.0043659568844726,-0.00419537927433828,-0.00425682692299732,-0.0042914279832364805,-0.00430760045300088,-0.0041585209792253195,-0.0043075762907798,-0.00415385106450932,-0.003988893057750912,-0.0040439687988769995,-0.00389806105139212,-0.0039111350252546955,-0.0039047986261962,-0.003815554026843492,-0.0038403649313306356,0.0,0.0,0.0,0.0,0.0,0.0,0.0,0.0,0.0,0.0,0.0,0.0,0.0,0.0,0.0,0.0,0.0,0.0,0.0,0.0,0.0,0.0,0.0,0.0,0.0,0.0,0.0,0.0,0.0,0.0,0.0,0.0,0.0,0.0,0.0,0.0,0.0,0.0,0.0,0.0,0.0,0.0,0.0,0.0,0.0,0.0,0.0,0.0,0.0,0.0,0.0,0.0,0.0,0.0,0.0,0.0,0.0,0.0,0.0,0.0,0.0,0.0,0.0,0.0,0.0,0.0,0.0,0.0,0.0,0.0,0.0,0.0,0.0,0.0,0.0,0.0,8.0
L02_CONTR_LESB58,0.3766010978306124,0.3720454270205732,0.3871603793460704,0.40436326490502,0.423764932522324,0.445736880207672,0.47078846036515604,0.496845942171056,0.5280058448620519,0.562413995254128,0.60130671945494,0.649466751202176,0.700061517576336,0.747358410959128,0.789639685834176,0.7911026110339839,0.760672575112348,0.714639677402768,0.64064536731568,0.532052468763952,0.39857574256306877,0.26632277183664843,0.16565448234740482,0.1106047538001652,0.0851029262209176,0.0691105099847928,0.0553806786269228,0.0433045616138636,0.030920241317152323,0.024874790754712,0.021455344393656917,0.01913579224815912,0.0173284500887614,0.0155612522045494,0.01407994855205056,0.012491128237433919,0.011466924404445,0.010308461115797361,0.0092347266314946,0.00839453840134828,0.00780657801567104,0.00712015899297936,0.00639146066318772,0.0057547220805886,0.00527187826335188,0.004796490804841041,0.004388472848062081,0.0034734291532681756,0.003303363703244448,0.002933185913804648,0.002864115498441848,0.002612821923356008,0.0025126459568138963,0.002287965111536764,0.0021007864260962797,0.0018220722145235039,0.0017630831758216241,0.00168343281892146,0.001355459967101428,0.0013530587764295362,0.001321873945145424,0.001013737466455712,0.00080709419847978,0.001062353571257272,0.000584816550626912,0.0006708039344579601,0.000539346634474128,0.0005806364012363801,0.000432604678665048,0.000311340324645876,0.0002417929399219804,0.0001991533087990196,-0.00010632273318145399,1.0918373075258322e-05,-0.000170392994191742,-0.000379455018876286,-0.000450199874806568,-0.00059174000385658,-0.000662233978428456,-0.000674194251348912,-0.0006835000507807319,-0.001115476029129072,-0.001236901768877692,-0.00147421069163638,-0.001390073414963048,-0.0016029807656431042,-0.001710192418997528,-0.001916850425208104,-0.001864856903966464,-0.001937371883704276,-0.002142442269967584,-0.001935965495986316,-0.002026873617861836,-0.002295138411456728,-0.002402367436094032,-0.00248473579632276,-0.0028588615891974437,-0.00289164015890932,-0.003163065823074504,-0.003322498161986468,-0.003508389033434056,-0.003569425112051968,-0.0035975270762860162,-0.0038511562647832883,-0.003826673204619376,-0.0039861480827199595,-0.0043222974656938395,-0.00439380119065864,-0.00439883468150972,-0.004533351204930321,-0.00470656636353532,-0.00468854437539364,-0.00486791485925096,-0.00473377340298848,-0.00472778177404244,-0.0048288078782562395,-0.00468191609564468,-0.00465168196531312,-0.00479959675607624,-0.00484988155386472,-0.00481638197733744,-0.0048059613766244,-0.00455853652594696,-0.0044735034643534006,-0.004596606931637681,-0.0044185412935352,-0.004469697510844519,-0.004450752272100481,-0.00442960288389672,-0.00444597802174388,-0.004254666989560839,-0.00422407810303888,-0.00432846267352216,-0.004120616235050239,0.0,0.0,0.0,0.0,0.0,0.0,0.0,0.0,0.0,0.0,0.0,0.0,0.0,0.0,0.0,0.0,0.0,0.0,0.0,0.0,0.0,0.0,0.0,0.0,0.0,0.0,0.0,0.0,0.0,0.0,0.0,0.0,0.0,0.0,0.0,0.0,0.0,0.0,0.0,0.0,0.0,0.0,0.0,0.0,0.0,0.0,0.0,0.0,0.0,0.0,0.0,0.0,0.0,0.0,0.0,0.0,0.0,0.0,0.0,0.0,0.0,0.0,0.0,0.0,0.0,0.0,0.0,0.0,0.0,0.0,0.0,0.0,0.0,0.0,0.0,0.0,16.0
L02_CONTR_LESB58,0.38822133676311,0.373867500300584,0.3856964530347188,0.3994658892010064,0.416280371775536,0.43595637350582,0.45507001247772,0.47782894243800805,0.50777621116552,0.54176859388472,0.581049787278284,0.630192462460676,0.684627657862088,0.734613301770656,0.778942825779832,0.785869675425332,0.757697686212752,0.702949140410624,0.609496096846844,0.47057517981148,0.3057842956801632,0.1599199128641404,0.0819237967862164,0.060965042909290404,0.0521165261613468,0.0437824363326152,0.03468372566330516,0.02544574639293172,0.01781040457285972,0.012359314345899361,0.00903931046140444,0.00752397385800368,0.00639757259695744,0.00562471769749784,0.004939887844370839,0.00420554737135752,0.003669173358687604,0.003129878343845304,0.002743351668742604,0.002480948793242604,0.0021947239836518522,0.001845456433777656,0.001700376341693816,0.001666758852258896,0.0015752464094336879,0.0012335765054233721,0.0012500518582700519,0.001298503061555572,0.001046224038449828,0.0011170335750938201,0.0011500644295925,0.001039689410303376,0.001019847361545984,0.0009241829607432161,0.000898212531089376,0.000924215722279056,0.000799901292346324,0.000853971051277732,0.000746892272589604,0.0008645170166149,0.00060170496727196,0.0006081352887532359,0.000521654443878536,0.0006027333912045399,0.000767750758824912,0.000547608860160548,0.0005204065286107999,0.0003175783990837856,0.0003999960965685476,0.000413061523446568,0.00034367904761989484,6.694883227431241e-05,3.481833825710408e-05,-5.6989118057656003e-05,9.43500333630364e-06,-0.0001283758204578732,-0.0002485570407526944,-0.00011908190174426881,-0.000416247614302064,-0.000607225418498008,-0.00057474393746616,-0.0006344500054469,-0.000894985397843364,-0.00103137855149066,-0.001060855753229436,-0.001352872200266104,-0.0013348244188079279,-0.001530299269605536,-0.0017050998094129439,-0.00165566639266174,-0.001770966562790552,-0.001889501058948176,-0.001983076535052232,-0.002200576446963852,-0.0022522744450649917,-0.00236427172276156,-0.00254760041618092,-0.00262525068651392,-0.00272045450474494,-0.002838875035680324,-0.0030245978381430597,-0.00324701789673612,-0.0034360318772114523,-0.003404883350178308,-0.003794092875005444,-0.00401809017164952,-0.0042647078984516,-0.0041898518381794,-0.00435289724382908,-0.00447719474935864,-0.00465235825686656,-0.00455420635651724,-0.00470095140428324,-0.005032761823727599,-0.00501386359538072,-0.0051636428754492794,-0.0048511909131548,-0.00527086622501912,-0.00499919171519632,-0.0049727244607488405,-0.00531261978645188,-0.0050088018778858,-0.00510606971609784,-0.00521184996442264,-0.0052345611843485195,-0.004975065742581761,-0.00493194778160972,-0.0050250044423464,-0.005032356644998359,-0.0051407862673146,-0.00497059319374128,-0.0049641625096246405,-0.00485970634357928,-0.0048899823617748,0.0,0.0,0.0,0.0,0.0,0.0,0.0,0.0,0.0,0.0,0.0,0.0,0.0,0.0,0.0,0.0,0.0,0.0,0.0,0.0,0.0,0.0,0.0,0.0,0.0,0.0,0.0,0.0,0.0,0.0,0.0,0.0,0.0,0.0,0.0,0.0,0.0,0.0,0.0,0.0,0.0,0.0,0.0,0.0,0.0,0.0,0.0,0.0,0.0,0.0,0.0,0.0,0.0,0.0,0.0,0.0,0.0,0.0,0.0,0.0,0.0,0.0,0.0,0.0,0.0,0.0,0.0,0.0,0.0,0.0,0.0,0.0,0.0,0.0,0.0,0.0,16.0
L03_CONTR_LESB58,0.40947332158338,0.41012171964324395,0.425587201051288,0.445703369642456,0.46657234227933203,0.49301300338286397,0.521019649669892,0.550649032270916,0.5833338252996361,0.616322627456804,0.6456636872722159,0.682706679217876,0.726858085891124,0.763488133548604,0.789327610961004,0.7934686431211839,0.772548238052852,0.7283095193682,0.651948741533872,0.534173505942172,0.3799370695000824,0.2181641731772792,0.1021660275124976,0.056494520665864,0.043842132130247596,0.036837861463093924,0.03098690728969404,0.02578668865617868,0.02122038346938292,0.01781971176168672,0.015089956894578479,0.013435093094906399,0.01166840275687448,0.010330288677415719,0.00902115047204164,0.00805955959300412,0.007159315522608159,0.00642532492500848,0.00557956616819808,0.004977540501908561,0.00432836508707204,0.0038764116649569564,0.003226587194714632,0.0030278933220793556,0.002741440971913096,0.002281949491388552,0.002073035122139924,0.001861854839648532,0.0016528096124031279,0.00157538989189032,0.0013630896292066521,0.001379249358854952,0.001132992805458144,0.00116654297799652,0.001092031202635848,0.00095356620335476,0.000977587097691492,0.0007988195890430119,0.00072698049606174,0.000698921411701676,0.000617270667905096,0.000432208717440692,0.000503062559443596,0.000625779652376396,0.0005518201749135239,0.0003426777043218168,0.00034354629574343557,0.00042789120949904004,0.000343478287287044,0.0001875427115921592,0.0001808021907670732,0.0001229226276762984,-4.42828207144252e-05,-0.0001168964107489112,6.40248906311876e-05,-0.0002786603900317708,-9.89437200002956e-05,-0.0002002024712955044,-0.0003324658963774748,-0.000441882440350156,-0.0005431804016372121,-0.0006190635572266881,-0.00052937356673242,-0.000851146755153876,-0.000934988777057852,-0.001128014736214136,-0.000867243232663256,-0.001029838970149604,-0.001361658540548452,-0.001261380964949552,-0.001408522223732712,-0.001247016190474568,-0.001505238617279208,-0.001560596032813868,-0.00187321402894532,-0.001812961081427632,-0.00185600133186168,-0.001794315437105868,-0.002133123586026072,-0.00214917028555124,-0.002300152465717976,-0.002584428633980292,-0.002695570231084588,-0.002672692217370928,-0.002780683129655084,-0.003144321121796888,-0.0032046988817704277,-0.0033386161540927997,-0.003408039616684912,-0.003445708746444236,-0.003686192943101208,-0.0037759938879194798,-0.003706496098753564,-0.003676028380284308,-0.003860377916198204,-0.00404815613356008,-0.003931889323756136,-0.00393225101852928,-0.003994074363586644,-0.0040546957917372796,-0.003956851124356432,-0.0038918116323775763,-0.003944587549312744,-0.0040152245509398,-0.0037235057306224603,-0.003790877378091044,-0.003967840373516028,-0.003840342126056732,-0.0037274081119434677,-0.003728479510777524,-0.0037033826938791996,-0.003824521445918956,-0.003666819152481896,-0.0036011118213356277,0.0,0.0,0.0,0.0,0.0,0.0,0.0,0.0,0.0,0.0,0.0,0.0,0.0,0.0,0.0,0.0,0.0,0.0,0.0,0.0,0.0,0.0,0.0,0.0,0.0,0.0,0.0,0.0,0.0,0.0,0.0,0.0,0.0,0.0,0.0,0.0,0.0,0.0,0.0,0.0,0.0,0.0,0.0,0.0,0.0,0.0,0.0,0.0,0.0,0.0,0.0,0.0,0.0,0.0,0.0,0.0,0.0,0.0,0.0,0.0,0.0,0.0,0.0,0.0,0.0,0.0,0.0,0.0,0.0,0.0,0.0,0.0,0.0,0.0,0.0,0.0,8.0
L03_CONTR_LESB58,0.3965459405325148,0.39416546330102276,0.409287009533428,0.428815587069228,0.448649215638316,0.474250976130852,0.498984791773564,0.5260600274435521,0.557815830781668,0.590363878659284,0.619436276833224,0.654321009455228,0.6964568112068119,0.7317913863393399,0.75461609364326,0.75826009800948,0.738355726865532,0.694838651923428,0.6226942577658919,0.510937895825896,0.3624465109844608,0.2051733378065892,0.0948580074169428,0.052824598557838796,0.03963453825816012,0.032287694296217404,0.026828654858706242,0.02285840120468104,0.01971454020836652,0.0170873320930848,0.01512253260840552,0.01338112375320468,0.01184300998748504,0.010555783154220361,0.00930857915970252,0.00794148806281136,0.00710125923616992,0.0062006412281458805,0.00567378623542628,0.0047246047791796005,0.00431880620857384,0.003972402267459008,0.0033668506315632997,0.003197541202813416,0.00278319874155142,0.002636029522586556,0.002384394928255744,0.002053697484653028,0.001992974595977296,0.0018648525579478198,0.00165958570357116,0.001491661628911472,0.0014799722593136079,0.0013906291531075158,0.001417849281183076,0.00110239971318288,0.000960422563364956,0.000931226495776136,0.001016520118828264,0.00077666033850254,0.00077476832770522,0.000722431628220296,0.0006123832624087519,0.0005933506548052319,0.00050524393222742,0.000597697429967456,0.00043742197717631996,0.00029462253810978923,0.0002968209006022184,0.00012902129764868838,0.00022476860346231682,0.0001040043193360352,-5.22798906374564e-05,4.8277230526294795e-05,2.57601221311122e-05,-0.0002796930369093244,-0.00020743406814672442,-0.0003118772469687332,-0.00047407857112756403,-0.000430907967107244,-0.0005445239543112081,-0.0007084982794316081,-0.000848804736601752,-0.00101750794568378,-0.000955582597164756,-0.001079578101605624,-0.00112891505961784,-0.001373356716808004,-0.0014974656475933079,-0.0013576011707942279,-0.001368250452892636,-0.001522580546703512,-0.00151481689175422,-0.001831223446245108,-0.002037799572238208,-0.002123484854819968,-0.002000591714472108,-0.002308765902452032,-0.002422984391665804,-0.002463573884327244,-0.002557933051549524,-0.002779007163832952,-0.002910680691360488,-0.003051207886571036,-0.0031713287043341797,-0.003378491660542764,-0.003547598208697076,-0.003757028211589024,-0.003924060265545,-0.003802943124200988,-0.0039876403070238,-0.003947811144794168,-0.004233683885642401,-0.0043233350444307995,-0.00452818094925796,-0.00435731882489708,-0.00429947937973864,-0.00429687982759764,-0.00414852889609028,-0.0043174806357664,-0.004512359592178681,-0.0043626015989209595,-0.0043708900845212,-0.00437258608343716,-0.00448098826820352,-0.00447496932490928,-0.00445572497113272,-0.00421803186224596,-0.00417149803994228,-0.0042230701498173605,-0.00421182066399668,-0.00422759367577408,-0.004234873269744159,-0.00414079731176972,0.0,0.0,0.0,0.0,0.0,0.0,0.0,0.0,0.0,0.0,0.0,0.0,0.0,0.0,0.0,0.0,0.0,0.0,0.0,0.0,0.0,0.0,0.0,0.0,0.0,0.0,0.0,0.0,0.0,0.0,0.0,0.0,0.0,0.0,0.0,0.0,0.0,0.0,0.0,0.0,0.0,0.0,0.0,0.0,0.0,0.0,0.0,0.0,0.0,0.0,0.0,0.0,0.0,0.0,0.0,0.0,0.0,0.0,0.0,0.0,0.0,0.0,0.0,0.0,0.0,0.0,0.0,0.0,0.0,0.0,0.0,0.0,0.0,0.0,0.0,0.0,8.0
L04_CONTR_LESB58,0.3334972453089872,0.3294397219164724,0.3452242695744484,0.365978038590128,0.39365907612515716,0.42566127490264,0.45859061134590795,0.495341739812244,0.539206935888044,0.5851779029841959,0.635039544239832,0.692032907109292,0.7495631747388359,0.80817480716172,0.838128929207936,0.858836422014016,0.843573842639384,0.795336089758296,0.725216332431056,0.6292793483570001,0.505612379024424,0.36565359920110724,0.2314802325493252,0.1263102371077296,0.0650754131419244,0.0405794288599996,0.030802629209397837,0.025810325169495642,0.0223675971437708,0.019820428013912123,0.0174999580482284,0.0154600406048612,0.01380177701608816,0.0121984505481932,0.010810565429320039,0.00944368713759928,0.008504157693477721,0.007382415409374001,0.00650346434997748,0.005701233105099681,0.00516137876607392,0.0046969228973408,0.00405819519795664,0.003700037199300176,0.003304796489100236,0.0030470066206981883,0.00276003992076924,0.00259897575080356,0.002254001210764176,0.001999462461292128,0.001959015697560516,0.001822038184867284,0.001497717630881296,0.00166153223959196,0.001391044579079556,0.00108721065107238,0.0010963051453972401,0.0008822664928442639,0.000760674207674304,0.00067872415092784,0.000643250961514296,0.000680842077175384,0.0006177732124544521,0.000490569935381392,0.0002941280892286528,0.000405505335632452,0.0003884902627626844,0.00040733272251963597,0.0003932846110296768,0.0002014055349242432,-1.131655211890444e-05,0.00016981116413627281,-0.00011968088036584559,-4.48834948557252e-05,6.07248728528228e-06,-4.4129407666286e-06,-0.0002617322251839048,-0.00032383278769878437,-0.000480969789778076,-0.0005946538921162081,-0.000524552715096212,-0.000573092099411572,-0.000619923679191456,-0.0006931442940141919,-0.0009126375882470041,-0.001021808080600976,-0.0009529294607284121,-0.0010533141919542319,-0.001167347321549668,-0.001299797711390484,-0.00120296269787992,-0.00142955937538234,-0.001649539812309928,-0.00161992621751658,-0.001557502955970568,-0.001753438814058228,-0.001866027503505752,-0.001937134470820904,-0.001884092144822432,-0.002036809346975844,-0.002162615565967712,-0.002451458913700752,-0.00241307683004734,-0.0026653269188722678,-0.0028817205714396442,-0.002970419745168016,-0.0032292637242052843,-0.0032844314867302602,-0.003475221502110328,-0.00336289674253378,-0.003471970982686976,-0.003691087601775092,-0.003534551888033084,-0.0038304610652284163,-0.0038894520828254764,-0.003753768736876112,-0.003961018571878972,-0.00385978497415772,-0.003899094960942028,-0.003991289608041136,-0.0039891635785328314,-0.003699633262933032,-0.003820584995535616,-0.003939566496640452,-0.0040496630704019996,-0.00387031377598318,-0.00383560573876424,-0.003838346529149128,-0.0037487268319464683,-0.00376270397097852,-0.00378940551041722,-0.003604602077972308,-0.003781121211680424,-0.003738053147372176,0.0,0.0,0.0,0.0,0.0,0.0,0.0,0.0,0.0,0.0,0.0,0.0,0.0,0.0,0.0,0.0,0.0,0.0,0.0,0.0,0.0,0.0,0.0,0.0,0.0,0.0,0.0,0.0,0.0,0.0,0.0,0.0,0.0,0.0,0.0,0.0,0.0,0.0,0.0,0.0,0.0,0.0,0.0,0.0,0.0,0.0,0.0,0.0,0.0,0.0,0.0,0.0,0.0,0.0,0.0,0.0,0.0,0.0,0.0,0.0,0.0,0.0,0.0,0.0,0.0,0.0,0.0,0.0,0.0,0.0,0.0,0.0,0.0,0.0,0.0,0.0,4.0
L04_CONTR_LESB58,0.35063750394801796,0.3411752895762816,0.363816033105876,0.3925762713999436,0.42873466758246004,0.46923197678447204,0.510128084029628,0.5574604411695879,0.607401560763488,0.659452677258776,0.711177289025376,0.758714830695004,0.7969188030894521,0.80520148304782,0.791974571586412,0.7540482875385881,0.6748702353968601,0.554484792021044,0.39936382367727163,0.23895270534322,0.1175819781488268,0.0683133058743252,0.051445919917525604,0.039629294316059556,0.02956811474259764,0.02173031413889928,0.01632597090946808,0.012380439385727079,0.01027359954844796,0.0090030769017752,0.0077331173116166,0.0066680516705112,0.00581185450291228,0.004982075498759161,0.00404541634157892,0.003259602636105696,0.002717893920751388,0.002050750695707296,0.001802918310688784,0.0015416108471688358,0.001106386951495016,0.00103653185904352,0.0008977114752182,0.0008321396779132319,0.000531203907530068,0.00048901456295872,0.000719610187579204,0.000606964770198036,0.00036237640143379243,0.0006613918725309679,0.00044451908618482397,0.000458719215445336,0.0003974826555313432,0.000533168594166176,0.000458553650299956,0.000440055709167116,0.000407592509997996,0.000547484079579864,0.00039739735813978797,0.0003630630021882356,0.00050480108454168,0.0003451584406490748,0.00040537889975840403,0.00028607480342811244,0.000424285535972872,0.0003607899784508692,0.0003907789248888384,0.0001658970603821812,0.00025461248418070045,0.0002990143204366008,0.0002941192573985608,0.00014623908962359562,7.99584831893424e-05,-4.4302829686169605e-05,-6.72214939503456e-06,-1.699398663503572e-05,-0.00012502177607668,-0.000223854637816618,-0.0001655912739471192,-0.0001243864291046716,-0.000416117117785056,-0.000476970793374144,-0.000434857408384292,-0.000628529005478124,-0.0006129967679305959,-0.000738067717022804,-0.000959394092432784,-0.0008920827869520361,-0.000944755419096004,-0.000974055659212328,-0.0012308756156085721,-0.001550753001123572,-0.001500033078552332,-0.001611674748463076,-0.001707374707097956,-0.001620592484559592,-0.001535997747583284,-0.0019547690893572042,-0.0019815222878887878,-0.0020533501724525676,-0.002193005582224056,-0.0024686354651089044,-0.002506263941570476,-0.002691690220136936,-0.00288196599534182,-0.0031298045430741797,-0.00323440307684894,-0.0034350042494469962,-0.00350879522698546,-0.00361502800321052,-0.003864372414647948,-0.003802883901847884,-0.00400735832539104,-0.00412217012203352,-0.004285628667482919,-0.0042290549029916,-0.00429924639771732,-0.004559166678701,-0.00438420895433,-0.00462500667043568,-0.0043086285364087595,-0.0043375875586881595,-0.004459758004103039,-0.00447471962072908,-0.0046246036887948,-0.0045741950495228395,-0.00459277299068796,-0.00455552321619224,-0.00454032013555824,-0.0044809099908488395,-0.0046156767166852,-0.0044361931454434,-0.00466277854866464,-0.0047884492599666005,0.0,0.0,0.0,0.0,0.0,0.0,0.0,0.0,0.0,0.0,0.0,0.0,0.0,0.0,0.0,0.0,0.0,0.0,0.0,0.0,0.0,0.0,0.0,0.0,0.0,0.0,0.0,0.0,0.0,0.0,0.0,0.0,0.0,0.0,0.0,0.0,0.0,0.0,0.0,0.0,0.0,0.0,0.0,0.0,0.0,0.0,0.0,0.0,0.0,0.0,0.0,0.0,0.0,0.0,0.0,0.0,0.0,0.0,0.0,0.0,0.0,0.0,0.0,0.0,0.0,0.0,0.0,0.0,0.0,0.0,0.0,0.0,0.0,0.0,0.0,0.0,4.0
L05_TOB_LESB58,0.368198607147934,0.3335780765783636,0.344862701107752,0.35998783043684723,0.377428887849458,0.3968390729687044,0.416636746292488,0.43757801742714403,0.46468736907938396,0.494841136959804,0.527927116539292,0.561047107779488,0.5916024384573639,0.61988445737314,0.646950269748716,0.676649176040228,0.704449165111164,0.7219487644189481,0.7193400562853,0.691080087944312,0.636332724497952,0.558498922052716,0.457252767474288,0.3353154636232596,0.2094663525046864,0.10780847399533719,0.0541725120607792,0.03508549175432772,0.02795447569436444,0.02399371876261008,0.02114289938621812,0.018675635926247883,0.01674750351823888,0.01479023781268684,0.01335232905647008,0.01190237661948952,0.01061912681889548,0.00945906955338776,0.008376977893423121,0.007241121983976521,0.00616906710523828,0.00548640150863992,0.0052843668645286,0.00511749418756484,0.00487540500761804,0.0045775040423888,0.004460174159651839,0.00400387439082976,0.003699797051357512,0.003783119470652888,0.0031468300349794397,0.002993478652015544,0.00273728068946938,0.0026080923530214244,0.002258125920775676,0.002502555638637504,0.002115462179000256,0.001976085410187532,0.0019709187069260037,0.001808736028252376,0.0016476771271169638,0.00138800464489832,0.001340554290317716,0.001318678012823848,0.001312806468763004,0.001144031103147512,0.001056797498675732,0.000465161475487184,7.6448454065298e-05,0.00022433766895695682,5.330682431246e-05,-7.78986920505208e-05,-0.0001613180423244816,-0.0001221882969252696,-0.0003795852305041824,-0.0003822536333797484,-0.0005917265080599881,-0.000716230649352584,-0.000816963936084904,-0.000838914980810104,-0.001049181006124268,-0.00110470049193942,-0.001333856551149824,-0.0014588168470885642,-0.001751778196901352,-0.0019885683885856,-0.00214870479638878,-0.002015319933488012,-0.002236661862579584,-0.002396020033340952,-0.002578321352962448,-0.0026544576252836077,-0.002880539564203596,-0.003050192657296192,-0.003142747248355908,-0.0031680539648334277,-0.003315214331297024,-0.0036505361535858717,-0.003615910269974692,-0.0039008255325424282,-0.003974725128612636,-0.00410112376552432,-0.0042472698750992,-0.004407820218360959,-0.00467021243264324,-0.0046834763891027194,-0.00483921553549608,-0.00507363184293512,-0.0050457806091854,-0.005092058662614481,-0.00529564425646484,-0.00515880710983488,-0.005372745245212761,-0.00570956725876636,-0.0055428261760704,-0.00550699369443292,-0.00546294545364164,-0.00560996242781844,-0.0056033818856572794,-0.0053812955998134805,-0.005465137159954361,-0.00538665376483272,-0.00545211924944636,-0.00540479193480524,-0.005293342407572,-0.0051713026204510395,-0.00523802035783,-0.00505046768490276,-0.00510243724655664,-0.00508695970205296,-0.00489313551290924,-0.00470897956987452,-0.00483283647641412,-0.00474420500696304,0.0,0.0,0.0,0.0,0.0,0.0,0.0,0.0,0.0,0.0,0.0,0.0,0.0,0.0,0.0,0.0,0.0,0.0,0.0,0.0,0.0,0.0,0.0,0.0,0.0,0.0,0.0,0.0,0.0,0.0,0.0,0.0,0.0,0.0,0.0,0.0,0.0,0.0,0.0,0.0,0.0,0.0,0.0,0.0,0.0,0.0,0.0,0.0,0.0,0.0,0.0,0.0,0.0,0.0,0.0,0.0,0.0,0.0,0.0,0.0,0.0,0.0,0.0,0.0,0.0,0.0,0.0,0.0,0.0,0.0,0.0,0.0,0.0,0.0,0.0,0.0,16.0
L05_TOB_LESB58,0.35036501669989,0.3298063270061012,0.3400363929744936,0.3525925427661464,0.3692116276531748,0.389607270401514,0.410970727722256,0.43485220306582,0.463827615061496,0.495831701679756,0.53148699414284,0.5690172282754641,0.605172560831124,0.6367983538761119,0.672103341038656,0.708820991171048,0.739942184882648,0.755933549757968,0.7472728629216719,0.707686867610872,0.6436364080563399,0.561098333945956,0.459737532753256,0.3418046683776324,0.2270004244335672,0.13724696979292922,0.0826224393556652,0.055363278802874,0.0403490656713636,0.03120044706305776,0.02607732988634424,0.02214791807134852,0.01928885080583512,0.01672178225839388,0.01469442230472968,0.01315589094285024,0.01165069101288492,0.01025782795162612,0.00673753240260636,0.004724847391148481,0.0041663993655424005,0.003775761646963432,0.003316954840898872,0.003032814925537788,0.002584159367499344,0.00248871631590506,0.002529233609729088,0.002209778024393276,0.001974928650605876,0.001699482994553584,0.001622707128946132,0.001585278354644764,0.00162719919035368,0.00131503829296684,0.0013038283774835999,0.001287627842232796,0.001116656116895884,0.001058230281933416,0.000965749645952248,0.000957519094354668,0.000958206414484408,0.00081439765543802,0.000807936415917924,0.0009511885788211279,0.000618185668548052,0.000545869884678284,0.000575078579333996,0.000477628976711088,0.0003003186088731572,0.000439441727021396,0.0001904882045727204,-3.420366612422288e-06,-3.608280097784908e-05,7.96647285213892e-05,-0.0001117614333001992,-0.0002015401223080744,-0.00026377779949629,-0.00032843576379642045,-0.000531028070296644,-0.000678819959378592,-0.000846361544575524,-0.0007502588658248121,-0.0009260980495492,-0.001100985682786328,-0.00120441790951384,-0.0013154693608235439,-0.0013723166199057718,-0.001538848245647032,-0.001693376066182408,-0.0017522954420986282,-0.002040910201194564,-0.002049764409431776,-0.0022155676065459483,-0.002348381572022876,-0.002318156280458044,-0.002528455747680328,-0.002311377298202884,-0.002657136787293752,-0.0027284938666785837,-0.00296693657265652,-0.003205803445378848,-0.0031878160964518122,-0.00332374098278142,-0.0034916956339537163,-0.0036999715746274158,-0.0038091971417152,-0.00402688877708432,-0.00417856646915752,-0.00419346247856008,-0.00427911134213652,-0.00428750010025732,-0.00453839021976624,-0.00461013339757816,-0.00486525235710864,-0.00453973101213372,-0.0049390597930528,-0.00452754258836444,-0.00448015145330504,-0.0046101951482269594,-0.00469566924863848,-0.00466600302112376,-0.00459791563311112,-0.00458877672002364,-0.00439388141029432,-0.00450171529100356,-0.00442880583416404,-0.00428985519646008,-0.004267340802544,-0.00417483090740184,-0.00415109833934384,-0.0039554867452337725,-0.003904567895190076,-0.00375006024646298,-0.0039321576538547,0.0,0.0,0.0,0.0,0.0,0.0,0.0,0.0,0.0,0.0,0.0,0.0,0.0,0.0,0.0,0.0,0.0,0.0,0.0,0.0,0.0,0.0,0.0,0.0,0.0,0.0,0.0,0.0,0.0,0.0,0.0,0.0,0.0,0.0,0.0,0.0,0.0,0.0,0.0,0.0,0.0,0.0,0.0,0.0,0.0,0.0,0.0,0.0,0.0,0.0,0.0,0.0,0.0,0.0,0.0,0.0,0.0,0.0,0.0,0.0,0.0,0.0,0.0,0.0,0.0,0.0,0.0,0.0,0.0,0.0,0.0,0.0,0.0,0.0,0.0,0.0,16.0
L06_TOB_LESB58,0.344781957040804,0.3175063319888676,0.3231997156226004,0.332644629129682,0.3449742840013552,0.36171372961301723,0.38060754672597963,0.398643924828638,0.42041904086144,0.44482300350820797,0.47532739834884,0.504654664540468,0.528773661788984,0.55506321074734,0.587989447549868,0.62325005485134,0.657249104372996,0.6873889147760479,0.7103495069627,0.720731088419216,0.7178915976143241,0.6975734043142681,0.655788366113492,0.5898334948344239,0.500682484992688,0.39178470542507277,0.2728774014174336,0.1630707999639996,0.08321721743571961,0.0433240414123104,0.029301899911118357,0.02427803125895008,0.02106116048027816,0.0185505473683722,0.0165133067140582,0.01452338544061624,0.0131426947288294,0.011606641920083718,0.01047614726377384,0.009243641637471321,0.0083284434488736,0.00752322032264292,0.00663391230546896,0.00586281409310416,0.0056146974074292805,0.0049614710066971995,0.004566887156842,0.003979618264606444,0.0037427968267257482,0.003584441517226452,0.0031398669442619597,0.0029551682111803998,0.00265594180644646,0.0026094666402530203,0.00219736367455096,0.0021075131800651443,0.001984694180738616,0.0016456643675634962,0.0016506697660075879,0.001424339009062552,0.0012385010517895361,0.001181607975875856,0.001013266045703808,0.0009597238510635319,0.000949921177811092,0.000690858414587896,0.000708969485966084,0.0006431679770979079,0.000354516533562846,0.0002850303806353648,0.0002308348331511588,0.0001757442155148428,-8.870963871121119e-05,-0.0001841350474548768,-0.0001480420669148292,-0.000402810410005364,-0.0003981238806542804,-0.0005321557181626561,-0.00068190847096792,-0.000860842792534736,-0.001019041558462584,-0.000976639050655324,-0.001287990238209188,-0.001362158695279512,-0.0015229634737184842,-0.001588090136656988,-0.001599308648732352,-0.0017665148617669359,-0.002149005278179728,-0.0021518251776569,-0.002233315441661508,-0.002338877953635836,-0.002388361804865172,-0.0028126514042279963,-0.002844711996654928,-0.002993166303853752,-0.003142233186437852,-0.003277687852673484,-0.003395329661525232,-0.0034988690583174,-0.003575490137843932,-0.003834330780904876,-0.003943521411215956,-0.004155608649244,-0.00425303078121924,-0.00455960289120768,-0.0046773184497872,-0.00487134193544472,-0.00475365372935344,-0.0050552181780557605,-0.00515968050356192,-0.00530639418212956,-0.00540152999219636,-0.00557837749009704,-0.005597202215798801,-0.00548496873601644,-0.00537017911730116,-0.0056953936624838004,-0.00557552519944404,-0.00555121705495848,-0.00557566228978028,-0.00568112211630592,-0.00544206812336756,-0.00551378755711424,-0.00539355881772004,-0.00529234757364328,-0.00543841780990304,-0.005258465829704,-0.00512009485891844,-0.0053218445335896,-0.0052043229300924,-0.0050965665003948005,-0.00491370493229932,-0.00498497097691992,0.0,0.0,0.0,0.0,0.0,0.0,0.0,0.0,0.0,0.0,0.0,0.0,0.0,0.0,0.0,0.0,0.0,0.0,0.0,0.0,0.0,0.0,0.0,0.0,0.0,0.0,0.0,0.0,0.0,0.0,0.0,0.0,0.0,0.0,0.0,0.0,0.0,0.0,0.0,0.0,0.0,0.0,0.0,0.0,0.0,0.0,0.0,0.0,0.0,0.0,0.0,0.0,0.0,0.0,0.0,0.0,0.0,0.0,0.0,0.0,0.0,0.0,0.0,0.0,0.0,0.0,0.0,0.0,0.0,0.0,0.0,0.0,0.0,0.0,0.0,0.0,32.0
L06_TOB_LESB58,0.3196268798099236,0.2850091465678472,0.2915582403570832,0.3016050590309028,0.3142432044995896,0.329530156438834,0.344664332235848,0.3608615985441296,0.38163634991571677,0.405168949597772,0.431024384087288,0.457814510248724,0.484562414440636,0.509232237785872,0.534784912949984,0.563197659121492,0.59355945681034,0.623045162507552,0.648165808719564,0.666863472512064,0.6744815738134881,0.67187638033416,0.655940738594236,0.622239008296208,0.5639363778182681,0.477109188075856,0.3655107169434016,0.2459911903640904,0.142305745666918,0.0704260562792776,0.03635504822891316,0.025127821844821242,0.021020693159907358,0.01840250455097968,0.016246769203096,0.0141976457470722,0.01263253386760876,0.011169388006228081,0.01002809864076416,0.00887126814478016,0.007922114163803961,0.00727061421760808,0.006393856169744,0.0058817753701996,0.0051867948563538,0.00462723707552688,0.00420328871608164,0.00384464195110392,0.003445541843246244,0.003315196391454576,0.0030769045576849157,0.002841744877908868,0.002517817045134028,0.002236675112134128,0.002168062028093356,0.001979883400358416,0.001775141069281836,0.001508538522950596,0.001505576828940148,0.00129547491096574,0.001298201688131132,0.001017866180254804,0.001030419020180188,0.00087505076962994,0.000761415915532448,0.000756819665713064,0.000601922108925064,0.000438995157062684,0.0003019091871953884,0.0003005492158025116,0.0001435330767295176,-0.0001140173198097144,6.450161435917159e-05,-0.00012110837133149919,-0.0002730646679546968,-0.00032061740205168435,-0.000417282942520964,-0.000429874719894812,-0.0005897325844320241,-0.00082958997646442,-0.000822046636626088,-0.001078998187199976,-0.001156733633521756,-0.001209260686058968,-0.00136733310408632,-0.001540884665200416,-0.00172605694638878,-0.0018103982270237838,-0.001914264727234024,-0.0019129978256738759,-0.0022343187846909558,-0.002096635061917664,-0.002222675890209604,-0.002359846967228116,-0.002690048300980868,-0.002470412484698624,-0.002761635308297632,-0.003022905363818372,-0.0028942697827257203,-0.003133907973494936,-0.003417394127079576,-0.0034278622323045843,-0.0035328690603381643,-0.0038350615922555444,-0.0039375576510044166,-0.0042131870690862005,-0.0044335816933989995,-0.0044718662246233205,-0.004587241745050519,-0.0046813563456567205,-0.00490725281275956,-0.004801350460928239,-0.00485285035960772,-0.004979180013944841,-0.00506418418384816,-0.00483240211029936,-0.0049329019986393595,-0.00509269048697188,-0.00505105317252068,-0.00505654860842024,-0.004974708692769,-0.0050571296203028,-0.00486798661829488,-0.004829823860422321,-0.00492739722116324,-0.00483769065449948,-0.00474604564712268,-0.004832580103923599,-0.00472839785090632,-0.004630008038781159,-0.00462703409728124,-0.00449399938086136,-0.00454019717308604,-0.0043749213348257595,0.0,0.0,0.0,0.0,0.0,0.0,0.0,0.0,0.0,0.0,0.0,0.0,0.0,0.0,0.0,0.0,0.0,0.0,0.0,0.0,0.0,0.0,0.0,0.0,0.0,0.0,0.0,0.0,0.0,0.0,0.0,0.0,0.0,0.0,0.0,0.0,0.0,0.0,0.0,0.0,0.0,0.0,0.0,0.0,0.0,0.0,0.0,0.0,0.0,0.0,0.0,0.0,0.0,0.0,0.0,0.0,0.0,0.0,0.0,0.0,0.0,0.0,0.0,0.0,0.0,0.0,0.0,0.0,0.0,0.0,0.0,0.0,0.0,0.0,0.0,0.0,32.0
L07_TOB_LESB58,0.3482428994861832,0.336948681026092,0.35437107012072405,0.373832189054978,0.3998746616998672,0.427063803016188,0.458697622638556,0.49168261553792797,0.528941706506428,0.569274556201904,0.609292708276084,0.650168121428724,0.694774305468736,0.73766593933392,0.7706726513146961,0.788678735014912,0.785033176052324,0.7526849144776441,0.686153773501572,0.582024460156084,0.442852020864344,0.2955660138229748,0.1805585544199936,0.120998985732568,0.0938532588251484,0.07423569311731601,0.0559442877239572,0.040970019237634,0.03058206038543504,0.02338667435913056,0.01856123279472104,0.01574122249404304,0.01373655938285008,0.01211945082877752,0.010793205568646479,0.00947758770815812,0.008204548894150239,0.00734223683884292,0.0065509160841372,0.0057275154298582,0.00514945435431932,0.0047319213392208,0.0042416133819800795,0.003732848403018396,0.0033348978576343484,0.002984230395633904,0.002839682544364312,0.002505372493910656,0.0024144158238920037,0.002070304712027068,0.001965419500397924,0.001940362332541048,0.001549756741243256,0.001559998248340204,0.001531279716509308,0.001325390817801724,0.001388918822800044,0.001018100207922612,0.000996777757967968,0.001040360651751764,0.00083611530190832,0.00086986381465122,0.0007661341567208439,0.000672356913298268,0.000534780703442224,0.0003040617545495168,0.000425669567675528,0.000492547153637132,0.00020762862856452398,0.0002942578703949604,0.00039109133243220637,6.602570823414e-05,-4.54699550847864e-05,2.053926040369724e-05,8.78809064767544e-06,-0.0001724794310148552,-0.000210150851626392,-0.000408852241862524,-0.0005690647462528559,-0.000611594921872108,-0.000640307889216492,-0.000644081073718168,-0.0009024330799236801,-0.00100449681547138,-0.001091264600023064,-0.001135693588865256,-0.0013387639447184601,-0.00140129555446234,-0.001551300177018792,-0.0017108398935465402,-0.001808460804910436,-0.0018561025423462362,-0.001855843030974736,-0.001996392853702148,-0.0022373139576623837,-0.002330969594879964,-0.002289641093225284,-0.002512717068806508,-0.0026155919991441,-0.002655016179456104,-0.0029959635784853316,-0.002957944434397092,-0.003126370494078516,-0.003320742824860036,-0.0034106995977369802,-0.003765239538921348,-0.003818173647881608,-0.003901192918213264,-0.0041310677174876,-0.00416070830369628,-0.00418160378858656,-0.004578211476775161,-0.0045926293985882405,-0.00455398454517664,-0.00460810454768248,-0.00455007277137364,-0.00468715759765728,-0.00463270269679684,-0.00459614008274072,-0.004695075615577761,-0.004702802877365959,-0.00466921373910704,-0.00464510184100664,-0.00456480446470284,-0.004730461770421601,-0.00463161685621992,-0.004516869868930199,-0.0044938998080129204,-0.0045026136779944,-0.00436615658467984,-0.00435630710570568,-0.004177952576058561,-0.00412639293068096,-0.00446027619814192,0.0,0.0,0.0,0.0,0.0,0.0,0.0,0.0,0.0,0.0,0.0,0.0,0.0,0.0,0.0,0.0,0.0,0.0,0.0,0.0,0.0,0.0,0.0,0.0,0.0,0.0,0.0,0.0,0.0,0.0,0.0,0.0,0.0,0.0,0.0,0.0,0.0,0.0,0.0,0.0,0.0,0.0,0.0,0.0,0.0,0.0,0.0,0.0,0.0,0.0,0.0,0.0,0.0,0.0,0.0,0.0,0.0,0.0,0.0,0.0,0.0,0.0,0.0,0.0,0.0,0.0,0.0,0.0,0.0,0.0,0.0,0.0,0.0,0.0,0.0,0.0,16.0
L07_TOB_LESB58,0.35384249647458477,0.3541031307324672,0.3738689100304548,0.3976271226366272,0.42559033999726,0.45640050670373605,0.49155262298584,0.5268811407256241,0.56694822036046,0.606791709697624,0.646954858712916,0.690279535319844,0.732449811198112,0.7646317739393159,0.780228380570564,0.773707529072392,0.7435473395011599,0.686738533860672,0.5985983831583199,0.478135099251548,0.3345341901062988,0.2026388170220984,0.12015640522019039,0.0853611485588312,0.0661556141373112,0.049773874060070805,0.03600909831379824,0.027559004231637558,0.02266148762595384,0.0191190202567876,0.01626858736917744,0.01426403316999744,0.01238153877110884,0.01061087174886488,0.00924776261278188,0.007686046943281,0.0067687780448317195,0.0058651091686815595,0.00524986121367332,0.00456090978496292,0.00403074768219884,0.003626269453220316,0.00308145955394596,0.002811223163395756,0.002581159347984288,0.002397392616507216,0.001888282407636068,0.0020041899906865523,0.001775489321855676,0.001652845430301968,0.0014864209819605361,0.001410040626002216,0.001421333529721476,0.001384546168859032,0.001133997848439168,0.001077856995363152,0.000973334058757392,0.000847316314743908,0.000814047501752608,0.000789790912258056,0.0007900339209323079,0.00067775323056812,0.000565641328318096,0.000691032622192584,0.000600827637093316,0.000487732472941692,0.00048008745114345205,0.0003992982350017956,0.000226807755035518,0.0002133220839277668,9.7707516496418e-05,9.29214401043792e-05,0.000172257786410808,8.49402583929968e-05,2.7761045880027957e-05,-0.0001483644538713872,-0.0001566792397372456,-0.00022470283584736,-0.0003850858000530056,-0.000419202247914988,-0.00069008503020616,-0.000658373264121648,-0.000881398592177044,-0.00097068601804586,-0.000925865249735444,-0.0011055439698239,-0.0011151660510534001,-0.001411944279888584,-0.001498832799764344,-0.001392886542344264,-0.001671477483283592,-0.001720177953908404,-0.0018495488418797642,-0.001976278641503572,-0.0020124554641819882,-0.002364933942438476,-0.002289817477547432,-0.00233882148100298,-0.002592311376032268,-0.00287884669660898,-0.0028024239898699677,-0.002871229202186204,-0.00312971023429666,-0.003154139129994148,-0.003455056521078408,-0.00367770262023586,-0.0036622603852026,-0.0040232301670983595,-0.004028495308936,-0.00433554574860516,-0.00436061236433136,-0.00457999952052052,-0.00462142034299332,-0.00465685005440728,-0.004648534217644201,-0.00468517787925332,-0.0047334098876508,-0.00462868819076672,-0.00480344391382,-0.0048934610711978,-0.00477303655498988,-0.00488472613881012,-0.0047481466092783205,-0.0048199884804932406,-0.0047938779017718,-0.00471168809370892,-0.00475533428707596,-0.0046921047192966395,-0.00467436892140684,-0.00456443054494388,-0.004646850061123441,-0.00463273460774852,-0.00446337724399908,-0.004522924985839,0.0,0.0,0.0,0.0,0.0,0.0,0.0,0.0,0.0,0.0,0.0,0.0,0.0,0.0,0.0,0.0,0.0,0.0,0.0,0.0,0.0,0.0,0.0,0.0,0.0,0.0,0.0,0.0,0.0,0.0,0.0,0.0,0.0,0.0,0.0,0.0,0.0,0.0,0.0,0.0,0.0,0.0,0.0,0.0,0.0,0.0,0.0,0.0,0.0,0.0,0.0,0.0,0.0,0.0,0.0,0.0,0.0,0.0,0.0,0.0,0.0,0.0,0.0,0.0,0.0,0.0,0.0,0.0,0.0,0.0,0.0,0.0,0.0,0.0,0.0,0.0,16.0
L08_TOB_LESB58,0.3008530338179044,0.2998489285723272,0.316846763777692,0.33649102312015083,0.3592412054777064,0.3829994480390224,0.406921458310392,0.43086241460214003,0.458759684847056,0.48747922920465997,0.515567045261328,0.545662694394168,0.57181925402714,0.5947732580030359,0.622468334110972,0.650840948810816,0.6759955946271761,0.694678617674788,0.70138829966722,0.686519346371924,0.64194093052852,0.566290233918436,0.462933729571228,0.336191454107992,0.2055459843274424,0.09929376469744039,0.0403231488642964,0.0223634046072898,0.01761199201327588,0.014888407850957,0.01279774541953864,0.0109335880988024,0.00934645163403852,0.008112618461747519,0.0065878658627774,0.0053622105895639195,0.00417554254405092,0.0034849963125356,0.003131745198873732,0.002541716637973204,0.0020855898024059283,0.001877125893647056,0.0016224924907968159,0.001462081244451904,0.001354211042380492,0.001154085129175568,0.0011095487453676401,0.00093004757126072,0.000893483618293792,0.000909389689974876,0.000777505265179684,0.0008086219507898839,0.000817245991209096,0.000725857631304012,0.000797010255436728,0.000670445790774976,0.0006464394793889719,0.0005173541048782399,0.0005395625448550439,0.000641558713052876,0.00048796575040017996,0.00033538908747820676,0.000557880099385936,0.0003559563580066712,0.00047962359051315203,0.000466666221526324,0.000498015672258652,0.000287528525825004,0.00028782269149007437,0.0003124816283916288,0.0002909820390543432,0.0001905517971409732,6.09254461580196e-05,0.00025757251574257725,-8.41782097012356e-05,1.9347771761395597e-05,-0.0002311458427405764,-0.00015607952220685962,-0.0003115279958361668,-0.000577156439749556,-0.00044970255691290003,-0.000491250069758576,-0.000660867102006828,-0.000915611122273092,-0.0009274768288830681,-0.000961002854659576,-0.001040252062251108,-0.001223972863986572,-0.0013363214397104199,-0.001349588097912992,-0.0015835743265378399,-0.001623920550336508,-0.0017259168710319558,-0.00182528398190418,-0.001932801735694924,-0.0020551018197412637,-0.002189692787192976,-0.002343289364500408,-0.002271594614329796,-0.002363012662344932,-0.0026710131211930997,-0.002835326711110696,-0.002904272219643296,-0.0030015322439767922,-0.003555605498019,-0.003502810609520592,-0.003555370887037932,-0.003777302781486188,-0.003803685332710472,-0.003982313604981024,-0.004305757497813241,-0.004420251616961601,-0.00444764270785744,-0.00450104103816944,-0.00455693827233884,-0.0045673468909865995,-0.0045581953123447205,-0.0045121071076016,-0.0046728580888644,-0.0048215362234523195,-0.00490917798008312,-0.00469983358264484,-0.00488921262426708,-0.0048361576168099996,-0.0048394873348456,-0.004894816435753,-0.00493016572717136,-0.0049909673068916,-0.004931190659514279,-0.00468894800938148,-0.00472128902807224,-0.00476571972181212,-0.004694897624675441,-0.0047777698130084005,0.0,0.0,0.0,0.0,0.0,0.0,0.0,0.0,0.0,0.0,0.0,0.0,0.0,0.0,0.0,0.0,0.0,0.0,0.0,0.0,0.0,0.0,0.0,0.0,0.0,0.0,0.0,0.0,0.0,0.0,0.0,0.0,0.0,0.0,0.0,0.0,0.0,0.0,0.0,0.0,0.0,0.0,0.0,0.0,0.0,0.0,0.0,0.0,0.0,0.0,0.0,0.0,0.0,0.0,0.0,0.0,0.0,0.0,0.0,0.0,0.0,0.0,0.0,0.0,0.0,0.0,0.0,0.0,0.0,0.0,0.0,0.0,0.0,0.0,0.0,0.0,32.0
L08_TOB_LESB58,0.315627382859554,0.294669767547868,0.31220714832811725,0.3316462292828964,0.352238018919578,0.3757759157923,0.3990359855343628,0.422503073139608,0.450275913700844,0.4799997794215,0.5077682735457639,0.53458120434334,0.559079600156964,0.584477465080128,0.6132812172987679,0.64361133365926,0.671192036584504,0.692272554053428,0.70259693481088,0.6928713028893879,0.65665689853862,0.5923561936648519,0.50519708807132,0.3990204422577436,0.2869840183364916,0.18761987676739078,0.1127380740581352,0.0675964498244724,0.04816810575171,0.03939350800369848,0.0335618125295334,0.02898773398082212,0.02445037909791456,0.020714687963141357,0.01742513357239964,0.01450066702652648,0.01248110573392116,0.010714291098661921,0.00946807194903356,0.00825230388012448,0.00748686159055112,0.0065955581510786,0.005968551458862241,0.005347214996160521,0.00488063198286684,0.00440129137997344,0.003985463999682052,0.00354626557273268,0.00318869797677982,0.002819854267559224,0.002735811746363932,0.002471756746293996,0.0022254701561399202,0.002064245002652056,0.0016655321794508439,0.0018241159608512441,0.00151966719375338,0.001394719517977048,0.001294931540522484,0.0011996011911974281,0.001141850906499356,0.000812492392230688,0.00082729400976244,0.000731185342321712,0.00071409619192,0.000448956430374188,0.000425110493661692,0.000400335537891568,0.000428841986052012,0.0001166003682516384,0.00023873048658855158,-1.260283856778836e-05,-0.0001210073077007404,-0.0001299535147681124,-0.0002879043062597932,-0.0002757020359376212,-0.00027139723568153916,-0.000422127039072716,-0.000586997033193676,-0.0005711279335853719,-0.0006010394303428041,-0.00088464325396598,-0.0009291275548679639,-0.0011417403318272278,-0.001214816471764912,-0.001167026563910732,-0.001359050792661476,-0.001461119210652968,-0.001505482821455036,-0.001759407644596124,-0.001943386871957792,-0.001683044893109516,-0.0019675713074435597,-0.0021627179876605638,-0.00208975647839722,-0.00235769261326866,-0.002200796369007072,-0.0025350035090738843,-0.0025665714249359,-0.0026921679375538437,-0.002781329623012572,-0.0028851346901782884,-0.003122059425639988,-0.003344757378126772,-0.003640820983628644,-0.003679792592650908,-0.003785668245719076,-0.00408559859219788,-0.00411332809355176,-0.00443430613662688,-0.0044743283581932,-0.004512696955138279,-0.00457638760064056,-0.0047203360801538795,-0.0049159239649522405,-0.00493785682555572,-0.00496587217413412,-0.00475932623790372,-0.00500664632378396,-0.0050494487405422,-0.00508653915148876,-0.00507377492800436,-0.00487429359580692,-0.00501326902014616,-0.0047911597030538405,-0.00501989434203404,-0.00479995976214816,-0.00481929437737696,-0.00490506594593752,-0.00493552720767444,-0.00503894861082872,-0.0047835915454006,-0.00472983500008852,-0.00478417100998676,0.0,0.0,0.0,0.0,0.0,0.0,0.0,0.0,0.0,0.0,0.0,0.0,0.0,0.0,0.0,0.0,0.0,0.0,0.0,0.0,0.0,0.0,0.0,0.0,0.0,0.0,0.0,0.0,0.0,0.0,0.0,0.0,0.0,0.0,0.0,0.0,0.0,0.0,0.0,0.0,0.0,0.0,0.0,0.0,0.0,0.0,0.0,0.0,0.0,0.0,0.0,0.0,0.0,0.0,0.0,0.0,0.0,0.0,0.0,0.0,0.0,0.0,0.0,0.0,0.0,0.0,0.0,0.0,0.0,0.0,0.0,0.0,0.0,0.0,0.0,0.0,32.0
L01_CONTR_IST27,0.46338646416414797,0.469005451064632,0.522676364237744,0.5828867473554921,0.656582696903556,0.745362387791744,0.8223423138129079,0.864681806487724,0.91155152517754,0.9673332737989679,0.979690640339104,0.9420945014237639,0.874943433175664,0.804801494704216,0.688763618341692,0.547105649126172,0.36935528792934835,0.19814787565374478,0.0822022768337336,0.0445313057137708,0.03104532482141084,0.024070882220999,0.01969463774425028,0.017043024011974238,0.01508903659494952,0.01336424183842032,0.012174949141997,0.01110042210131116,0.01012579565457596,0.00924768760066332,0.0083497348318308,0.00790987888319736,0.0074401659228612,0.00695231299609212,0.0066364208818445606,0.00635998342909628,0.00601684737138756,0.00555987745360676,0.00543684504036864,0.005235621126133721,0.00497895299521288,0.00425571204547224,0.0041975598842260795,0.003958002384064708,0.003813667635229208,0.00367960164829286,0.003562881382645976,0.0032942153903649397,0.0033819450112600917,0.0032727793748838197,0.002904872941875684,0.002816365763504784,0.0026558663857318677,0.00240499491739576,0.002359669476840728,0.002035056698092176,0.0018901759795099879,0.001864955592424656,0.001687102721944332,0.001665835014715264,0.001576597741670748,0.0012646543922486399,0.001234803674913128,0.000930801597482796,0.00075183386730122,0.000612363278101064,0.00025007951840311037,7.5428396950336e-05,-0.000145912729217916,-0.000457862725769572,-0.000667508421964312,-0.000984437699941432,-0.001042373713814448,-0.0012403897360073921,-0.001330099320853944,-0.001405049795253208,-0.001562065487133864,-0.0016142436816777,-0.001999158387218532,-0.0017592355702957042,-0.0019058928115943282,-0.002069504562296468,-0.0020299018730291878,-0.00204400033550128,-0.002140268207760552,-0.002083350687510884,-0.0021238776600750204,-0.001925497598950288,-0.002058731744412044,-0.0019146660479381601,-0.0018273775620595,-0.0019607650902159638,-0.001968132372962824,-0.0017909231114250199,-0.001962649163584468,-0.001663585550596748,-0.001722714482868996,-0.00164884290278134,-0.001686572154593556,-0.001683517389107856,-0.0015181010249014,-0.001589414182213968,-0.0014106929114779002,-0.001376241751227836,-0.0013953826711416359,-0.0013194708100141119,-0.001299239805552224,-0.00125846187960944,-0.00123508403760342,-0.001188856721749904,-0.0011068049845948,-0.0011058177019412322,-0.001052418405516812,-0.000974641833917876,-0.00090587370535912,-0.001015232168237992,-0.0009904538582789079,-0.000899738927398392,-0.000869547639712276,-0.0007465025075281801,-0.000632304977395132,-0.000775744122780324,-0.0007692723192116721,-0.000715383229311824,-0.0008336370372731,-0.001000667576374892,-0.000849046834768644,-0.0009346825357393281,-0.0008767879442165401,-0.000908592302953384,-0.0009406124610497399,-0.000638433119260864,-0.0008276058806630119,-0.000795349841914064,-0.0010152203171102442,-0.0006183235005637,-0.00046678521735016797,-0.0008314258181511799,-0.0006004704981593079,0.0,0.0,0.0,0.0,0.0,0.0,0.0,0.0,0.0,0.0,0.0,0.0,0.0,0.0,0.0,0.0,0.0,0.0,0.0,0.0,0.0,0.0,0.0,0.0,0.0,0.0,0.0,0.0,0.0,0.0,0.0,0.0,0.0,0.0,0.0,0.0,0.0,0.0,0.0,0.0,0.0,0.0,0.0,0.0,0.0,0.0,0.0,0.0,0.0,0.0,0.0,0.0,0.0,0.0,0.0,0.0,0.0,0.0,0.0,0.0,0.0,0.0,0.0,0.0,0.0,0.0,0.0,0.0,0.0,0.0,0.0,1.0
L01_CONTR_IST27,0.458379933174564,0.46851841006052397,0.521415570322028,0.5824993698736519,0.655483521081564,0.744416005151044,0.822705406907968,0.8676310125373761,0.9099058929277359,0.964049516177256,0.973338146863808,0.934049915236976,0.863512034971496,0.768347487689252,0.628737633965676,0.455093987093696,0.27351825351699843,0.1293641230705068,0.07068957865420801,0.05292369466967,0.0402840324098244,0.029793202398034718,0.02209439294020516,0.01828718990265644,0.01619473962043176,0.0145701497825282,0.01328809902285016,0.01198142251152616,0.0111327074773784,0.01011485785445416,0.00950476304899908,0.00901369319551956,0.00836887714931484,0.0077665006780308,0.007346689239901279,0.00692841309440644,0.006701045933784681,0.00658525609601868,0.00622956883394936,0.00577885437084192,0.005703906829954241,0.00526741180640556,0.0050562097194812,0.00480780141228784,0.00462804945912676,0.0043962428839408,0.00422971138584008,0.004111457487794201,0.00384463522746622,0.0038304965696353,0.003559144296709112,0.003513638535931524,0.003345984500250092,0.003154152413076468,0.002903448188486124,0.002641221732445892,0.0026095510212060117,0.00227004839666616,0.00219024921508334,0.0018718340965540282,0.0015979297051843479,0.00157951118601164,0.001242268554630756,0.0011885538930547681,0.000809373778490452,0.000492772630614004,0.00032431232656108,9.911699550519921e-05,-0.0001027826420605284,-0.0003516055828405072,-0.000742113976803724,-0.000837379132233104,-0.001189206320977112,-0.001376947182581848,-0.001465661554015088,-0.001538585288400756,-0.0018167208678958639,-0.002160134683416264,-0.002090542014861032,-0.0023266282517888878,-0.0023654515114872317,-0.002732328823768836,-0.0024681736204724917,-0.002739201123311048,-0.002685954436725396,-0.0028840261714040477,-0.002823408306027164,-0.0029521055153617958,-0.002836052033091912,-0.0029748013918491642,-0.002841441856959976,-0.002830562361525768,-0.0028448666306383477,-0.0029399912689143403,-0.0029406433230654517,-0.002935454230061192,-0.003048754843496876,-0.002963375912345208,-0.0030027104688695,-0.00303120686285328,-0.002976369459916124,-0.00294226873601734,-0.003168886209392832,-0.00304137644950818,-0.002923693323846636,-0.002875848088056964,-0.0029720461829189602,-0.0028761623729874237,-0.0027333530360092203,-0.002892987918828716,-0.002863753758197848,-0.00275288747201716,-0.002852796233503836,-0.0029285130111623803,-0.002748222605161672,-0.002791520974132932,-0.002666609136271608,-0.002898923445497736,-0.0027617300095113683,-0.00288952137781828,-0.0029021175366385358,-0.0027775860265292,-0.0028814188405424123,-0.002849302091925776,-0.00301358893498628,-0.002721834883422892,-0.0028476893243447638,-0.002872002880607476,-0.0029991877467074398,-0.0030155212260700682,-0.003083294157483024,-0.003031773124222344,-0.002808674649573436,-0.00301336198409844,-0.0029054251856098323,-0.002858259274889904,-0.0026832944061156837,-0.002875867716016648,-0.0030080871148324083,0.0,0.0,0.0,0.0,0.0,0.0,0.0,0.0,0.0,0.0,0.0,0.0,0.0,0.0,0.0,0.0,0.0,0.0,0.0,0.0,0.0,0.0,0.0,0.0,0.0,0.0,0.0,0.0,0.0,0.0,0.0,0.0,0.0,0.0,0.0,0.0,0.0,0.0,0.0,0.0,0.0,0.0,0.0,0.0,0.0,0.0,0.0,0.0,0.0,0.0,0.0,0.0,0.0,0.0,0.0,0.0,0.0,0.0,0.0,0.0,0.0,0.0,0.0,0.0,0.0,0.0,0.0,0.0,0.0,0.0,0.0,1.0
L02_CONTR_IST27,0.503915574234252,0.513615195784784,0.573250691916196,0.638270243050304,0.725752222348372,0.82562580916588,0.8639372842269799,0.90759900023406,0.972497467246188,0.9772388472742201,0.934675815919668,0.868999829604064,0.800053994076696,0.700890047928288,0.554338821145216,0.3669585025267744,0.1901390644508864,0.0960535268621948,0.0692477783146224,0.0557313686627628,0.044813685098704,0.035047141665662404,0.027416875258112122,0.02333845932320204,0.02089062430842532,0.019123574459093517,0.01740942745006752,0.01555920504757288,0.013088155573568199,0.01140917995981336,0.0102806715453004,0.00934031024413748,0.00838427007540796,0.007728455879363241,0.00695749796181704,0.00649377776656468,0.006198029641227,0.00579666431846064,0.00548099280050736,0.00516312634159868,0.0047722744774602,0.00459186822892476,0.00438527791228372,0.0041648718184430404,0.0037845133062396957,0.00368753755581828,0.003399825212062816,0.003447383286371916,0.0029916722356756317,0.00302398637575476,0.002800262393992736,0.002724421123831652,0.00248483481718276,0.002349253969984224,0.002158554377580572,0.00215039486654008,0.001917149347543204,0.001874430052061968,0.0016137391834024199,0.00144770163572936,0.001179550548771908,0.001114602376117656,0.0008779035150528,0.000769209496191384,0.000721508094540444,0.000437704625724384,0.00018482780120873161,0.0001381319717492796,-0.0001954368481013828,-0.0004090251721629,-0.0005183811536227641,-0.0007095528820561719,-0.000709866306929108,-0.0008744780729552361,-0.001141227567340456,-0.001116502202568276,-0.0013185811020204761,-0.001477854245115476,-0.0013128967727825361,-0.001544420606399152,-0.001557049553924068,-0.001756156280295172,-0.001851395815888304,-0.001941467377266016,-0.001755756885891668,-0.0017285632825713559,-0.001746007931687144,-0.0018576606840708001,-0.001619362866785024,-0.001925073934420456,-0.001771549379705652,-0.001607575400362708,-0.00166522297725688,-0.0017059505051033681,-0.001751364819543092,-0.001546803212746428,-0.0016899664584824402,-0.001770399514738888,-0.001541767428143192,-0.0016404457197913879,-0.001551271764596928,-0.001601916864199464,-0.001277235354169872,-0.0015751384710554158,-0.001324642225947312,-0.001496309347071236,-0.001554509915152108,-0.0012814591060531998,-0.0013269953098782481,-0.001631256406922348,-0.00154083002804208,-0.001389650819122812,-0.001297307427337932,-0.00137625848641642,-0.0013845101917976319,-0.001287174206076076,-0.001195516954097276,-0.001445782052733032,-0.0013037192857828842,-0.001103152785756708,-0.001363356687217272,-0.001120532866698336,-0.0013051884358616038,-0.0012389536783356681,-0.001140963354181048,-0.001239383635014828,-0.0010786667828927802,-0.00126348865863412,-0.001205308020019064,-0.001183184532855224,-0.001225686877934868,-0.001210184133097472,-0.001221710389435644,-0.001191194780498228,-0.00130312802986814,-0.001218358740664316,-0.0012069577280055801,-0.000898433128463308,-0.0012052303519869002,0.0,0.0,0.0,0.0,0.0,0.0,0.0,0.0,0.0,0.0,0.0,0.0,0.0,0.0,0.0,0.0,0.0,0.0,0.0,0.0,0.0,0.0,0.0,0.0,0.0,0.0,0.0,0.0,0.0,0.0,0.0,0.0,0.0,0.0,0.0,0.0,0.0,0.0,0.0,0.0,0.0,0.0,0.0,0.0,0.0,0.0,0.0,0.0,0.0,0.0,0.0,0.0,0.0,0.0,0.0,0.0,0.0,0.0,0.0,0.0,0.0,0.0,0.0,0.0,0.0,0.0,0.0,0.0,0.0,0.0,0.0,1.0
L02_CONTR_IST27,0.514928674805488,0.540080748544384,0.600513456245576,0.666254026746928,0.7543370856538559,0.858323783920256,0.9039729586091759,0.946895204065996,1.014118700064676,1.020743243888588,0.98017605643838,0.917472512567528,0.859148797697396,0.784543635650024,0.6911605716878559,0.560889292226476,0.39526781970553443,0.2352365649223228,0.1281274346071472,0.0878867304450116,0.0711063384779364,0.0592829836383856,0.049342124781264804,0.042058658873046,0.03730326856979464,0.033988163976471156,0.03155203093282656,0.02902818201690468,0.02631192861769992,0.0241707569066678,0.02235239854152604,0.02091928020693636,0.0195779386617892,0.01836834253140428,0.01725738316847572,0.016282494850588643,0.01505131320751428,0.014251888367178321,0.01339399120519696,0.0125519444367098,0.011813125247309401,0.0112005301093574,0.01047118172498836,0.00994517726368592,0.009313944982196442,0.0089197943472834,0.00827795936277576,0.00783005711093272,0.00733166277228776,0.006952288770385,0.006562497290989879,0.0062159032275732,0.00534593614994136,0.00465895447360956,0.004349028896034121,0.00406753212168368,0.003771680140253984,0.0033983082112428523,0.003076798856194308,0.002665358170354164,0.0025839588603637723,0.0023035480479669797,0.00191220962912612,0.0016538670511361399,0.001221927171129568,0.000677252744653968,0.00056595432516344,8.972196332419279e-06,-0.0002743359313712148,-0.000569294153474384,-0.0009420821269722161,-0.0013961254093692158,-0.001704886182945724,-0.001894354656400044,-0.00226684671288182,-0.00258778564845436,-0.002724234011559724,-0.0031078815057630563,-0.0033180904133139643,-0.0034781898641491962,-0.003703197523962788,-0.00390046434955362,-0.003998202939408172,-0.00414261590251248,-0.00429935012491936,-0.00434694912459188,-0.0045905054559679595,-0.00462174942732464,-0.0048275656699021605,-0.004856628702436239,-0.00492451104374868,-0.004952653468482121,-0.0050336022990415995,-0.0050673479340434,-0.005066728331377801,-0.00516696808600344,-0.005277478914504519,-0.00519410975406844,-0.00529290029721588,-0.00552363130046064,-0.00544510159814248,-0.0055759690761058,-0.00542439028522396,-0.00548468453710552,-0.00549246207228816,-0.005418538992071839,-0.0055018803203891195,-0.00565454683884,-0.00582053707371956,-0.0057579320146274,-0.0059038790857418805,-0.0059726385295439995,-0.00601091968673288,-0.0059394194183337995,-0.0059134523383260395,-0.0059844835198394,-0.00591331925769108,-0.005797638301970639,-0.00596979970322036,-0.005944077799722561,-0.00582883081074364,-0.005910640080816641,-0.00592448013476172,-0.00582590586107356,-0.00569154734162144,-0.00563787745415404,-0.00590762738698028,-0.00575974371761316,-0.00582419323891008,-0.00597174898959204,-0.0057775064212612,-0.0058428529588272,-0.00579869565307912,-0.00580731753936672,-0.00568645574142844,-0.00577869014527624,-0.00572432769116444,-0.00565755673361932,-0.00581083279290172,0.0,0.0,0.0,0.0,0.0,0.0,0.0,0.0,0.0,0.0,0.0,0.0,0.0,0.0,0.0,0.0,0.0,0.0,0.0,0.0,0.0,0.0,0.0,0.0,0.0,0.0,0.0,0.0,0.0,0.0,0.0,0.0,0.0,0.0,0.0,0.0,0.0,0.0,0.0,0.0,0.0,0.0,0.0,0.0,0.0,0.0,0.0,0.0,0.0,0.0,0.0,0.0,0.0,0.0,0.0,0.0,0.0,0.0,0.0,0.0,0.0,0.0,0.0,0.0,0.0,0.0,0.0,0.0,0.0,0.0,0.0,1.0
L03_CONTR_IST27,0.420477510218404,0.430769229279212,0.48096234224587997,0.5390891655322559,0.603686145872528,0.6790558201262921,0.755905920362232,0.8211950855816761,0.8603699414875879,0.8837316102542879,0.899093046683392,0.891488711097172,0.854609023111372,0.7980287066559401,0.72319086246416,0.626309111101156,0.50811030446766,0.3806590717884316,0.26252876511550444,0.165112176686552,0.0973880846388592,0.0629812254491352,0.030922724539325843,0.01789464906809944,0.014450018089211479,0.01234193696485396,0.01092552986817656,0.0093454112939932,0.00779289304959956,0.0064744542843156,0.00539183063072936,0.0048337256466168405,0.0038453113696670558,0.00367321089961266,0.003473011703499784,0.003050186504824688,0.0027144522403785556,0.002505761187500644,0.002239283470606344,0.00227002926017196,0.002145300616162468,0.002104017632416676,0.001974555481674692,0.00188581012839656,0.0016737710051590719,0.001647596756995828,0.00141181015032218,0.0013931651745468761,0.0013653223342913038,0.001200098190499948,0.001444945941586304,0.0013084560404124802,0.001492955591573808,0.0013992649618025119,0.001377019666516204,0.0013753918597506042,0.0014564988946775,0.001277682177278288,0.000892738078216016,0.0010010144046045239,0.0008768622848522481,0.000801371372906752,0.000689699416974752,0.000753930528340272,0.000456207506626048,0.000478074090153712,0.000405925418917104,0.0002047299120957864,4.4260968345608404e-05,-0.0003217469875508348,-0.00056161082861884,-0.000494170025058704,-0.0006479244541579799,-0.000787407271161644,-0.000864584264063192,-0.0012148001602455042,-0.0012507000414179,-0.001304242038023532,-0.00140391468451552,-0.001392827270172916,-0.0015265819588946039,-0.0014777777192008562,-0.001707486389438536,-0.00156569791494838,-0.0015229644765766721,-0.001561714648683264,-0.0014551320198179002,-0.001683074154834276,-0.0015473697634099922,-0.001694510303708876,-0.0014781808289712158,-0.0014681812564766,-0.00160607103461484,-0.001366238983933036,-0.001472679397905096,-0.001449043291120824,-0.0014540314591520401,-0.0013908902567807638,-0.001330889382018348,-0.001360247875911148,-0.001374928587280536,-0.000977545677301768,-0.0011273750388999639,-0.0008131557176669319,-0.000813304910192296,-0.000649322556145912,-0.000433140300116728,-0.0005467362294047839,-0.0006942129375950959,-0.00045483634286957195,-0.00038923425697799,-0.000549475248649816,-0.000435466176697164,-0.0005151901794030719,-0.0005068498916547241,-0.000433636962354584,-0.0003644951637595476,-0.00032682679655863676,-0.00028598220238508596,-0.0002787313497835732,-9.2814837324858e-05,-0.0002836654202077852,-0.0002452585730089608,-0.000116554691976484,-0.00035355037541699843,-0.00031702957870548596,-0.0002435764290960492,-0.00024253022561636562,1.91251143613656e-05,-0.0002220500443271728,-0.000209892742624316,-0.00019523520620213562,7.1213179525258e-06,-7.59832810457416e-05,4.38944535397792e-05,-7.91759923543444e-05,1.7810324230367e-05,0.0001148537214412536,9.89737169409164e-05,0.0,0.0,0.0,0.0,0.0,0.0,0.0,0.0,0.0,0.0,0.0,0.0,0.0,0.0,0.0,0.0,0.0,0.0,0.0,0.0,0.0,0.0,0.0,0.0,0.0,0.0,0.0,0.0,0.0,0.0,0.0,0.0,0.0,0.0,0.0,0.0,0.0,0.0,0.0,0.0,0.0,0.0,0.0,0.0,0.0,0.0,0.0,0.0,0.0,0.0,0.0,0.0,0.0,0.0,0.0,0.0,0.0,0.0,0.0,0.0,0.0,0.0,0.0,0.0,0.0,0.0,0.0,0.0,0.0,0.0,0.0,1.0
L03_CONTR_IST27,0.409612069524324,0.419778034629772,0.47077945608902,0.530004918480312,0.593327887753368,0.66727241105128,0.74675966550628,0.81102057135422,0.8453878846212121,0.8694339364147441,0.892974040378356,0.888943925324468,0.852002931837116,0.7985082043062119,0.7324945627288479,0.6447192120675159,0.536970523745688,0.417350052286812,0.2978578276034272,0.18741366237185159,0.1016830368892236,0.047555782119507596,0.02468261787386248,0.01874150163798196,0.01535285935282928,0.01311192750825656,0.01159498489365836,0.0101919469420222,0.008970050381524,0.00809934022055596,0.0071469984022882,0.00660148890191212,0.0057544260213487596,0.0045778388901370004,0.00439136682055808,0.00403365992104076,0.0037637628320519962,0.003599891178791904,0.003573329708695916,0.003397542996297008,0.0032180527420957402,0.0028239687079822723,0.002921409547996252,0.00274919202859786,0.002811540923314212,0.0026290726679191597,0.002570660457732472,0.0022651762949007803,0.0021867371368322164,0.00220070793735168,0.002103167702032728,0.001954658621443696,0.001992195106557436,0.0018931939036435398,0.0018701134233868799,0.001871424874953556,0.001623983594455824,0.001487891061776972,0.001450367399982812,0.001273789724954288,0.0012204330746908361,0.0010623140611298282,0.0008843356547828601,0.0007586954744487679,0.000726746176299352,0.000442588160290656,0.0002536207147099936,0.0001759085592560576,-0.00026139651875295997,-0.000462230021853832,-0.0005074745377388041,-0.000701124368907116,-0.00081207198966332,-0.001006537667284692,-0.001305253894289816,-0.001245181657812336,-0.001424809225113332,-0.0016395216682998598,-0.0015541450361663042,-0.0017614448180051521,-0.0016709734959238281,-0.00182471609041756,-0.002018355497662252,-0.0019262322924464802,-0.001887738563565692,-0.0019136435527688,-0.002002276737786612,-0.001918553981466452,-0.00181624424123548,-0.0019182864040187479,-0.001800396929954444,-0.001838429674005752,-0.001833657836369136,-0.001685483633360808,-0.001832537430989796,-0.001779073238338748,-0.001558836179382612,-0.001702863517534016,-0.001521444928856788,-0.001728412231471264,-0.0016391190530204401,-0.0014851268390661681,-0.0014395075514846121,-0.00161505546159386,-0.0015492731945472519,-0.001467137450803552,-0.00147842657957776,-0.0013599351437515118,-0.00128366906432646,-0.0011625092702779,-0.001413723514381764,-0.00117588485200528,-0.001028275950430804,-0.001185818221968544,-0.00108288036039218,-0.001027678344561112,-0.000962946986289592,-0.000950238939762456,-0.00090274936762544,-0.0008220491378051959,-0.000632613596038552,-0.000825800671581224,-0.0008765815484271679,-0.0007430102404123,-0.000716101824378652,-0.000801700454216532,-0.000730510766323664,-0.000727530752382616,-0.000618715175800576,-0.000580088352097872,-0.000540366820851968,-0.000548421484931472,-0.0003832443479547768,-0.0001030928190846428,-0.000456674563236068,-0.0003208334632462412,0.00010800748386810361,-7.54318366172456e-05,8.50920903250288e-05,0.0,0.0,0.0,0.0,0.0,0.0,0.0,0.0,0.0,0.0,0.0,0.0,0.0,0.0,0.0,0.0,0.0,0.0,0.0,0.0,0.0,0.0,0.0,0.0,0.0,0.0,0.0,0.0,0.0,0.0,0.0,0.0,0.0,0.0,0.0,0.0,0.0,0.0,0.0,0.0,0.0,0.0,0.0,0.0,0.0,0.0,0.0,0.0,0.0,0.0,0.0,0.0,0.0,0.0,0.0,0.0,0.0,0.0,0.0,0.0,0.0,0.0,0.0,0.0,0.0,0.0,0.0,0.0,0.0,0.0,0.0,1.0
L04_CONTR_IST27,0.36609160375643596,0.36929008029379995,0.411537841331928,0.463694534947712,0.5207572330019761,0.587161646048572,0.663046891100492,0.73095614603716,0.778764449531952,0.827684783028392,0.88782988008594,0.9081852660952761,0.881678890134972,0.820162921465708,0.739170538777008,0.615699892222552,0.44617825466710004,0.25351371349752844,0.10461513694363239,0.057521610521142796,0.045437881347585196,0.03715243267846956,0.02955595915414228,0.022496438973704,0.01708999578225756,0.01443503829842004,0.012973052539634279,0.01169642274358524,0.01063254801074444,0.00987983607801192,0.00913578792188912,0.00845812844720808,0.00804632411366396,0.00740813859086084,0.0067452812737134,0.00654664006808132,0.00612613983386216,0.00571681739803916,0.005493404419403839,0.00527603580416812,0.00512604525704448,0.0048540493996169195,0.00454866547574124,0.00446998257457848,0.004344964069238921,0.00416201537475536,0.00401146945196724,0.003800184234530064,0.0036839238839414643,0.0036311234838639563,0.003558061281322452,0.0030774759589765363,0.002766305606123772,0.002628205852660028,0.002373729154709256,0.0021555342224630998,0.002072929916554352,0.001917918056320032,0.0017999881889468482,0.001563150888745008,0.001373668940138812,0.0014194696605411522,0.0009826259743081,0.0009483683365479159,0.0008094691678992921,0.000699961847967996,0.0001950868764577096,0.00010050584710016359,-4.5877919378992e-05,-0.0003658752688769888,-0.000587410486376576,-0.0007421461132802279,-0.00105002430387026,-0.0011219998457660041,-0.001322042132987992,-0.001492618237132304,-0.00171587022974068,-0.001752903146531096,-0.001828916350673048,-0.0021952748397773203,-0.00217385365504904,-0.002243708085471632,-0.002205631275763752,-0.002289880306000856,-0.002427042732149744,-0.00249110253207748,-0.0026272208374808243,-0.0025700446274016923,-0.0026254464457825797,-0.002458376071227784,-0.00252612810223948,-0.0027071746397724283,-0.002616681488569276,-0.002690978074118276,-0.002514187727650656,-0.0026218451549703363,-0.002748024278528988,-0.0026467136531809522,-0.0025291768641908198,-0.00280675203067412,-0.002830293810238244,-0.002830593140259104,-0.002638168774422076,-0.0026209439994484,-0.0028176704178626043,-0.002821181622712828,-0.00272083565949548,-0.0027045556825921083,-0.0027932202066747558,-0.002873183084280452,-0.002686722090293796,-0.002718020145349104,-0.0026602967969046438,-0.002751073094192312,-0.002677675193391536,-0.0025644925177555843,-0.002727969774683316,-0.00277079788165514,-0.0027326205958565,-0.002765710154325332,-0.002652966559793212,-0.002639022499414728,-0.002827686720950984,-0.002700341409917224,-0.002760565228130896,-0.002876251206465112,-0.002795936081166496,-0.002839858573824876,-0.002742558655592644,-0.002904899974695016,-0.0026985717739874083,-0.0027795596250458398,-0.0028787562067249957,-0.0027394300215413717,-0.002904989762366448,-0.002621194503890056,-0.0026132189993783197,-0.002777958229753844,-0.0025648208063705196,0.0,0.0,0.0,0.0,0.0,0.0,0.0,0.0,0.0,0.0,0.0,0.0,0.0,0.0,0.0,0.0,0.0,0.0,0.0,0.0,0.0,0.0,0.0,0.0,0.0,0.0,0.0,0.0,0.0,0.0,0.0,0.0,0.0,0.0,0.0,0.0,0.0,0.0,0.0,0.0,0.0,0.0,0.0,0.0,0.0,0.0,0.0,0.0,0.0,0.0,0.0,0.0,0.0,0.0,0.0,0.0,0.0,0.0,0.0,0.0,0.0,0.0,0.0,0.0,0.0,0.0,0.0,0.0,0.0,0.0,0.0,2.0
L04_CONTR_IST27,0.432267077767368,0.438211155787992,0.482913962395052,0.5367867122226,0.59684355998586,0.6674720219575799,0.7444641418214281,0.8062460888930679,0.849944614122624,0.9110738571333481,0.95967025137076,0.959388456893856,0.92129651262858,0.8529080913267281,0.77072603421638,0.652583418736776,0.478508076334776,0.27962092758020957,0.1206780664823708,0.06935514647286119,0.0585475423478704,0.0510846394553012,0.043370351280784,0.03542134856990404,0.02829451908007648,0.02439336634704184,0.022286664981327798,0.020899350013905,0.01956458420466884,0.01836734537321864,0.01728915353012296,0.01646329315818348,0.015503934326428,0.014675180322386159,0.013770514690642999,0.01326653182046696,0.012672170335797199,0.011996069502537359,0.01152146188701092,0.0108123249578448,0.0103079293391978,0.009940885620686521,0.0093335648749832,0.00895307140810948,0.008532060085173081,0.00797976303921288,0.007464875802673881,0.00722326199388728,0.00698689745961512,0.00629400159862444,0.00612367540289732,0.00575907916656848,0.00529966423725208,0.005113065813747841,0.004895445200147641,0.00436162833105584,0.004127563590365199,0.003739415866393148,0.003573845370965096,0.003030835762271512,0.002890759586894368,0.0024079140720188043,0.0020508026746193,0.0017071699763961,0.001485887497235624,0.001054522898164628,0.00071517101383126,0.0001576803775586824,-0.00015438212608484919,-0.0007596231269471039,-0.0009160521267215121,-0.001367260082690432,-0.001712759715821792,-0.0022631612613827363,-0.002684577836081056,-0.003034637495034884,-0.003134351562479236,-0.00362221159718094,-0.003811263453879424,-0.00418919238788504,-0.0045104291957108,-0.00472525374434896,-0.0048067372802609604,-0.0050506705126935995,-0.00511709912873632,-0.00540242095059236,-0.00569968507220952,-0.00570730924692308,-0.0060298085244259595,-0.005934312394831,-0.006242194749925279,-0.00648189395436412,-0.00656851733612908,-0.0067777345439908,-0.0069067790136130396,-0.0070032682425101595,-0.00702281068539788,-0.00710970756112064,-0.00720124286076784,-0.00749120931949788,-0.00747020036962316,-0.00758045940384608,-0.00782503974197808,-0.0077722420579057995,-0.00800959372304244,-0.00782795668122248,-0.00802323870280212,-0.00826842128065576,-0.00825216783088744,-0.008232682206766439,-0.00853392464505616,-0.00882073931219532,-0.00885133020423356,-0.00878075240053196,-0.00880070552879704,-0.008854470559979078,-0.00889969115598208,-0.0090492719816144,-0.00908019982964884,-0.00922940673238872,-0.00900895303778176,-0.00932147402452312,-0.00921601145857848,-0.00967236773079664,-0.009428226056443959,-0.00969143909335456,-0.00970327850480896,-0.00973531142891728,-0.00981646168047048,-0.00995406627411476,-0.010161034965968041,-0.01009810239911204,-0.01029725535474188,-0.01022306845710628,-0.01020097652941688,-0.01001193401099492,-0.01022959167741688,-0.010226887879234519,-0.01043088942547928,0.0,0.0,0.0,0.0,0.0,0.0,0.0,0.0,0.0,0.0,0.0,0.0,0.0,0.0,0.0,0.0,0.0,0.0,0.0,0.0,0.0,0.0,0.0,0.0,0.0,0.0,0.0,0.0,0.0,0.0,0.0,0.0,0.0,0.0,0.0,0.0,0.0,0.0,0.0,0.0,0.0,0.0,0.0,0.0,0.0,0.0,0.0,0.0,0.0,0.0,0.0,0.0,0.0,0.0,0.0,0.0,0.0,0.0,0.0,0.0,0.0,0.0,0.0,0.0,0.0,0.0,0.0,0.0,0.0,0.0,0.0,2.0
L05_TOB_IST27,0.3766151850634376,0.3869803640694044,0.43751139115916,0.493466643405196,0.554675289572108,0.62609849815576,0.704102524896168,0.77340778731784,0.815335304369316,0.829631287281136,0.8286115233789481,0.809585172676156,0.764902879272496,0.699440605781852,0.6145843639579519,0.510515160532852,0.3896436528598428,0.2623605251848356,0.1438867196444372,0.0565786530511756,0.023659152221505,0.01546918839111116,0.01161714586171356,0.00937486868612908,0.00769202724134932,0.006552612467025,0.00594131165453528,0.00507176813286884,0.00444865643668136,0.00406336314818724,0.0035268937866865724,0.0031973096011364797,0.002776318577909052,0.0027067685504961842,0.002592286372921632,0.0024839129282891678,0.00239636656670252,0.00218241454066822,0.002367036642660832,0.002051146733753244,0.002115154780717296,0.001714413695439016,0.00161489653891554,0.001722252331618012,0.00152662408490924,0.001446069751718888,0.001563328419504492,0.001440302194422156,0.001390883576780744,0.00113923016974494,0.001397518199655112,0.001250337806795028,0.001106878422604012,0.001098472364098872,0.000968546070754064,0.00080465048839192,0.0008876486104254159,0.0008333400764772,0.000794963686650384,0.00076329817989168,0.0007116203035182959,0.000616908926977328,0.00071787750753948,0.0005548255513474039,0.000405955767297236,0.000378365831551006,0.00027090748342690357,0.0001589777670303544,-0.0001405890797879544,-0.00034853666130107205,-0.00054891232296702,-0.000498226745933384,-0.0006043204071712121,-0.000622130079765548,-0.000827190613816036,-0.000877440178898288,-0.00094667905284236,-0.000966846339308544,-0.001146470746456696,-0.000763008102467956,-0.001139975101486588,-0.00091663217657066,-0.000993874810703696,-0.001003066271216188,-0.000929645760726128,-0.0008373264893642641,-0.000901103099311112,-0.000841246286788292,-0.000979506499901712,-0.0008562447819957561,-0.000795532360859732,-0.000618229806659072,-0.000554504091704424,-0.00048705805284969203,-0.000193617600786392,-0.0003958130339399932,-0.0003528244250397484,-0.0003331077306015312,-0.000255047468074272,-0.00016982726113173678,3.771957783157692e-06,-0.0001091502369388736,-5.18494866108572e-05,-1.446348462472708e-05,-2.793541341075632e-05,2.9465997733864162e-05,0.0002137955717565444,9.901669484924321e-05,0.000287327834364186,0.0003988296522543492,0.00020247222528006962,0.0002887742919125388,0.0005226208454303,0.0005747059528221599,0.000589912357644636,0.0003706678511224332,0.000627013484649192,0.000453653096048808,0.0006087064431704559,0.000465792518889464,0.000590438629618856,0.00059052721933582,0.000547340293788864,0.000548646269458424,0.000555075555600728,0.0005423702493762041,0.000623069631961352,0.0006137598172066599,0.000639546705336088,0.000608731294151676,0.000448912003706304,0.000690873286397328,0.000835316465659708,0.000875695287432348,0.000761813137923248,0.0009248330126024719,0.000745113675991592,0.00048130951064564,0.000660460370828292,0.0,0.0,0.0,0.0,0.0,0.0,0.0,0.0,0.0,0.0,0.0,0.0,0.0,0.0,0.0,0.0,0.0,0.0,0.0,0.0,0.0,0.0,0.0,0.0,0.0,0.0,0.0,0.0,0.0,0.0,0.0,0.0,0.0,0.0,0.0,0.0,0.0,0.0,0.0,0.0,0.0,0.0,0.0,0.0,0.0,0.0,0.0,0.0,0.0,0.0,0.0,0.0,0.0,0.0,0.0,0.0,0.0,0.0,0.0,0.0,0.0,0.0,0.0,0.0,0.0,0.0,0.0,0.0,0.0,0.0,0.0,1.0
L05_TOB_IST27,0.471057136767252,0.478387597746052,0.526222566908016,0.5794651528219841,0.6393191547197119,0.711159370093556,0.78815754440796,0.85330366973462,0.89051515873156,0.906917663432204,0.9179222059176081,0.907254259811648,0.869961073690804,0.8153035612209639,0.7482019504476719,0.666833598929116,0.57101978212206,0.46740054525274,0.36219947170074157,0.2614138842106908,0.1762940023455668,0.1165096007459164,0.08379571415088201,0.0690516970503416,0.061000548200023604,0.0552976333888104,0.0504397630403596,0.043935123087188006,0.03937964394840676,0.036419905369891405,0.03316453376862232,0.03067129383298408,0.02871227500586808,0.026805734123927158,0.025292351094835918,0.023749692723058883,0.021680450663413838,0.01948740816689776,0.01848049845478096,0.01747527041185512,0.01602793874381536,0.0107633409155282,0.009663297942817041,0.00937321065953268,0.0087802235103776,0.00822780239842072,0.0076636451811742,0.0071942432532546,0.0071153837275458,0.0063771983687844,0.0059098293961466,0.00548223828198328,0.00530064707174264,0.00486772961362444,0.004441113989691319,0.00405529535987728,0.0039315479941422525,0.0034663146419266757,0.00309084197167692,0.0027773621478339996,0.002492169722005568,0.00226180828668572,0.001940146576499484,0.001473563495573928,0.00091098918710982,0.000801468947064416,0.0003803486900302684,4.61050186662272e-05,-0.0002466652068996252,-0.000651542223003556,-0.000803091733494804,-0.001263105111829004,-0.0014930852638085118,-0.001759018197794548,-0.0020351570537329683,-0.0023891394453352238,-0.0027792451609964922,-0.002979061731432696,-0.003081931256663548,-0.00323564416415008,-0.003467667137174828,-0.003439338068661784,-0.003704819090248112,-0.0038479494190333478,-0.0040069274394112,-0.003972315689693208,-0.0040312602795931195,-0.00420477294162468,-0.00408671661359116,-0.004463352285919681,-0.0044076277242481995,-0.004583360201083239,-0.00489336589071884,-0.0047184873641972404,-0.004874411564288201,-0.004901645707720759,-0.00505868784644712,-0.0051057186998215605,-0.0050754752893939605,-0.00510366057852144,-0.00511972177506364,-0.0053616321063484395,-0.00551182667757584,-0.0056078350232734,-0.005554232738006679,-0.00556478537878364,-0.00563724684630304,-0.005714952828027639,-0.00565540725555616,-0.005957636660779001,-0.005985214354228319,-0.0060480459552082,-0.0058851001076918,-0.0060520169084555195,-0.006159342087571199,-0.0064106335469165995,-0.00635150805540836,-0.0064451347933841595,-0.00648855088113688,-0.006620303296414319,-0.0067397916021728795,-0.006666836427397241,-0.0065776222250694405,-0.006747280690315481,-0.0067522573165884805,-0.00686952559153056,-0.00699120550922324,-0.0069598732445128,-0.00721435417084224,-0.0072457495322588794,-0.00729330371034656,-0.00731743807625684,-0.00735819493611456,-0.00742526029498444,-0.00722305450316276,-0.00726694290082416,-0.00735038390823632,-0.00759716420499328,-0.00767443124693024,0.0,0.0,0.0,0.0,0.0,0.0,0.0,0.0,0.0,0.0,0.0,0.0,0.0,0.0,0.0,0.0,0.0,0.0,0.0,0.0,0.0,0.0,0.0,0.0,0.0,0.0,0.0,0.0,0.0,0.0,0.0,0.0,0.0,0.0,0.0,0.0,0.0,0.0,0.0,0.0,0.0,0.0,0.0,0.0,0.0,0.0,0.0,0.0,0.0,0.0,0.0,0.0,0.0,0.0,0.0,0.0,0.0,0.0,0.0,0.0,0.0,0.0,0.0,0.0,0.0,0.0,0.0,0.0,0.0,0.0,0.0,1.0
L06_TOB_IST27,0.41483768076017996,0.3937648441517536,0.41878559529604004,0.45010628593329605,0.489038097593,0.534587605101804,0.583309506921448,0.6342321005254841,0.6886236623664841,0.731556307245104,0.7502627791984681,0.7487860288538439,0.749322810077908,0.731374231626472,0.695956669937868,0.6397880543692119,0.566560432788252,0.48199671386868,0.38930234423981724,0.2949306741457368,0.20840338717692442,0.1343027764010304,0.0775624444125972,0.043482689965853194,0.03024253510709008,0.0257952683559918,0.023375120371795118,0.021226916945140922,0.01852263511232628,0.01674118600212788,0.01520847241418764,0.014088685439642961,0.01319760872351256,0.01213946013941076,0.0113700170971204,0.01059159511024096,0.010197717296921439,0.00961527960680496,0.009065393457469961,0.008623839549747,0.00817491394433456,0.00762011602397384,0.00705079841983396,0.00671630262303384,0.00630288029914616,0.0061514660087302,0.00559767921026312,0.00548707826951852,0.00539285300242776,0.00482181617239304,0.00461612840391948,0.00431451531584372,0.003930527599276996,0.0036710209370949317,0.0036257802977795518,0.00316774395770866,0.0029480572304575042,0.0027336803001241357,0.00232438021515004,0.002114224091913604,0.0021119615141618683,0.001806552796673336,0.0014822438378466441,0.0011994409436109962,0.000960824517982652,0.000603177793310576,0.00047600212412828404,0.0001004485928094804,-0.00018478733256637361,-0.000409965349639096,-0.0009642081425353561,-0.0011279913755775678,-0.001224338669681352,-0.001440835229638648,-0.001636213028432104,-0.00193512519091454,-0.00218297087127642,-0.00228636746461806,-0.002486142608179812,-0.002732079683375804,-0.0028406342769750877,-0.003031436956294808,-0.003139310790389276,-0.0031749510063878842,-0.0032088247922559157,-0.003342441018139536,-0.003426019834946916,-0.003587021729626984,-0.003626901778210876,-0.00363546396781704,-0.00362511375034356,-0.003738151915444304,-0.003951397812013464,-0.003839097659861316,-0.00399937270057816,-0.00388795169450862,-0.0040542219848920796,-0.003977850978661072,-0.00435931951515904,-0.00410144954138104,-0.004205320886484,-0.00438263305373388,-0.00415302400576668,-0.004272770611842039,-0.00431831669832828,-0.00455716870294648,-0.00429125224988732,-0.00444370034429568,-0.00454224613823,-0.00442932876591472,-0.004517215763694521,-0.0046018153850977605,-0.0044982639913118405,-0.00459885106355512,-0.004854066090617361,-0.00472902467852544,-0.0047900067368487195,-0.0049385474074492,-0.0049961061496354405,-0.004974734932459241,-0.0048861401898919205,-0.00505648127618544,-0.0050850983820322,-0.00502873453055112,-0.00514278249506712,-0.00524437785662356,-0.00524638205163192,-0.00525398804086196,-0.005583817636056,-0.00576042006158208,-0.0056653818823388805,-0.00589681069154132,-0.0059547006633677195,-0.00603056857499924,-0.00596048166184912,-0.00602808104393748,-0.00604735390532496,-0.006016793689956361,-0.0061202587710223605,0.0,0.0,0.0,0.0,0.0,0.0,0.0,0.0,0.0,0.0,0.0,0.0,0.0,0.0,0.0,0.0,0.0,0.0,0.0,0.0,0.0,0.0,0.0,0.0,0.0,0.0,0.0,0.0,0.0,0.0,0.0,0.0,0.0,0.0,0.0,0.0,0.0,0.0,0.0,0.0,0.0,0.0,0.0,0.0,0.0,0.0,0.0,0.0,0.0,0.0,0.0,0.0,0.0,0.0,0.0,0.0,0.0,0.0,0.0,0.0,0.0,0.0,0.0,0.0,0.0,0.0,0.0,0.0,0.0,0.0,0.0,1.0
L06_TOB_IST27,0.421829969913848,0.42564023739407203,0.45332126145162405,0.487397800779964,0.529041421216,0.577812204010456,0.63054357438742,0.6866424895111639,0.74242258351158,0.783546712108896,0.8023096279246841,0.806141246737712,0.806408999838344,0.788258497701596,0.7525810670770721,0.698384444992708,0.626625047407904,0.539001322878088,0.43810378066859196,0.3335130695813568,0.2373719162669208,0.1555956277410584,0.0921804673001684,0.0526049637550028,0.03575539320911028,0.02966117261366968,0.02674814737482452,0.02437694337005664,0.02247132242316288,0.020886009358749038,0.019604073241002,0.018098531893441242,0.016972310253594882,0.01622352223191472,0.01533958174908496,0.014221944824850799,0.01364477963821572,0.01284395393086808,0.01201641628155692,0.01132083830811764,0.01069678781019748,0.01002912493476036,0.00957416988555916,0.00913738086226864,0.00863730314272736,0.00835223112729796,0.00794474061486556,0.0076065055753456795,0.0070344746947664,0.00680924149338168,0.00621025279253084,0.005876238351133441,0.005486897576899121,0.005015845717644521,0.004597752187561919,0.00441710544097044,0.0041508918373479205,0.003730770250679104,0.00344903560683322,0.00299472932077046,0.002715433815893992,0.002401149204601976,0.00205663737347004,0.001690426633537424,0.00126904686386234,0.0009668596941974839,0.000586562977736624,0.0001372009340988088,-0.0003188438920608016,-0.0006746793954131561,-0.0010313097355105002,-0.00147358472652802,-0.00167586918345326,-0.0021286255918914997,-0.0024848063889591197,-0.002946640833332932,-0.0032352613145561044,-0.003350036837091276,-0.003565316412390004,-0.003817650159478232,-0.00428594662189568,-0.00431227539923348,-0.0046329885013294,-0.0047471188995889205,-0.00501449290826824,-0.00509329691382716,-0.00519541029387012,-0.00531776128195568,-0.005637260254613879,-0.00567194576506816,-0.00577144458742,-0.005962315396118561,-0.00606530424509648,-0.0061537805300444,-0.00645513937865352,-0.0064881421603272,-0.00663843391467664,-0.00681562873817268,-0.00666643359449356,-0.00687309434327484,-0.0068781684321913995,-0.00718902981328156,-0.0070932944821900405,-0.00720680148881292,-0.0072898202859922,-0.00740186207703016,-0.00750580328737628,-0.00744182702871584,-0.007653508301775681,-0.00786869902738,-0.00807264874249468,-0.0079772035052958,-0.008013290731408199,-0.0082404185367788,-0.00812914315885312,-0.00821464687002512,-0.00818053683347924,-0.008357322176463119,-0.00811719053102216,-0.00820258803309176,-0.0082572783300588,-0.00817734441665632,-0.00833168508495068,-0.00832821823551736,-0.008171731928179,-0.00841822700531168,-0.008383005778357721,-0.00848145737715708,-0.008641413907427321,-0.008700326452096441,-0.00859741098407568,-0.00877926273181064,-0.00866307112222404,-0.00858851727724612,-0.00858940452026396,-0.0086841654485504,-0.00860444454185996,-0.008881997013451241,-0.00899259449151664,0.0,0.0,0.0,0.0,0.0,0.0,0.0,0.0,0.0,0.0,0.0,0.0,0.0,0.0,0.0,0.0,0.0,0.0,0.0,0.0,0.0,0.0,0.0,0.0,0.0,0.0,0.0,0.0,0.0,0.0,0.0,0.0,0.0,0.0,0.0,0.0,0.0,0.0,0.0,0.0,0.0,0.0,0.0,0.0,0.0,0.0,0.0,0.0,0.0,0.0,0.0,0.0,0.0,0.0,0.0,0.0,0.0,0.0,0.0,0.0,0.0,0.0,0.0,0.0,0.0,0.0,0.0,0.0,0.0,0.0,0.0,1.0
L07_TOB_IST27,0.33311329027359077,0.3500305093245736,0.401381371433796,0.460254286028828,0.521789873842224,0.592697332598116,0.6686442564078799,0.7412641679178119,0.795664381598036,0.82251142563616,0.828967283621516,0.831981496084908,0.814492757985884,0.7702636830470679,0.704805049146432,0.617642972866,0.507815427171156,0.382970199473542,0.2546919027703704,0.1310925611106664,0.0407179619985312,0.01057937528792044,0.00174808569629254,-0.00269378671777432,-0.004670811253096561,-0.00587304429818896,-0.0064352597711506,-0.00655494587387072,-0.00684051061026524,-0.00715648667787368,-0.00730167523648596,-0.00726720089651296,-0.007206626193610359,-0.007095251477213601,-0.00684750448689396,-0.006660894247411319,-0.0063811515981604,-0.0061671846494052,-0.0057394374525296,-0.0054215321036066,-0.00496394330167856,-0.0047011346487614,-0.00447956173938644,-0.00420230171251204,-0.003877074417414184,-0.00345258102674634,-0.003290456937722804,-0.003244105933274456,-0.0029612262880905683,-0.00273827603859954,-0.0021411115295083038,-0.0018399610695683558,-0.001432055535066196,-0.001266432979645212,-0.001063191807447444,-0.000844843685944472,-0.0006843222497532921,-0.0006806940731436359,-0.0007774838897834681,-0.000415207836727484,-0.00029604301211730684,-0.00012659647744402,-0.0001676552438110472,-0.0002307614957449328,-5.97421680799628e-05,3.245448532917932e-05,2.60950850879118e-05,8.823143789344e-05,0.0001418351860953136,-2.5124605250648e-07,-8.81454205861964e-05,-2.987509572693488e-05,0.00021017278823861322,3.2176463095414126e-05,-2.64198933530176e-05,-4.9782538220648394e-05,0.000122633920465194,-5.16856644487304e-05,-3.1610385491289e-05,0.0002086747447924328,0.000319542662171464,0.0002792550344864488,0.000404213812211316,0.0002784449845571372,0.00047125222319871203,0.000524165290730368,0.0007310301302129239,0.0007279731652221601,0.000887180126071612,0.0009455346123395159,0.001130521207636672,0.001252675752102648,0.001140727651213816,0.001352144687911356,0.00151418736169938,0.001705505364718396,0.0018329650820032239,0.00178403503653608,0.0020019800406030643,0.002114345765511032,0.002259364946691304,0.002504888354583144,0.002695716418900452,0.00290345839842798,0.00284741700723434,0.00314543380846274,0.003147457237980812,0.003361932792859676,0.003461401535447272,0.00376695033474974,0.003629614791009856,0.003905269834913316,0.0038621268853463522,0.0040560248266594805,0.00427155042552492,0.00411761019823068,0.00412922501586808,0.004176831220581121,0.00428283351460456,0.00458318407632952,0.00460848389304632,0.00460791493515156,0.00460927913240616,0.004591055849329601,0.00475691951566852,0.004997126340703281,0.0048461578732064805,0.00481360498111908,0.0049427340113418,0.00505522816039764,0.00521240914127452,0.00515996772554632,0.00517403842121028,0.0052644118705158,0.00533439722640468,0.00541342032371232,0.005737276412113921,0.00583200914015168,0.00596007411385692,0.0,0.0,0.0,0.0,0.0,0.0,0.0,0.0,0.0,0.0,0.0,0.0,0.0,0.0,0.0,0.0,0.0,0.0,0.0,0.0,0.0,0.0,0.0,0.0,0.0,0.0,0.0,0.0,0.0,0.0,0.0,0.0,0.0,0.0,0.0,0.0,0.0,0.0,0.0,0.0,0.0,0.0,0.0,0.0,0.0,0.0,0.0,0.0,0.0,0.0,0.0,0.0,0.0,0.0,0.0,0.0,0.0,0.0,0.0,0.0,0.0,0.0,0.0,0.0,0.0,0.0,0.0,0.0,0.0,0.0,0.0,2.0
L07_TOB_IST27,0.38107666988556244,0.3713662273784288,0.409510246472844,0.457362136314768,0.507060598629836,0.566681667473916,0.633569503723044,0.700686720164348,0.746773358176096,0.765221267426684,0.773268983960408,0.777954235276172,0.7618023222090681,0.7213219124836839,0.661983948098964,0.583499289976752,0.48222220754825995,0.3685562427064436,0.25442049287191637,0.1466187204934376,0.0640098280306524,0.02905016026806936,0.01846017386604112,0.013871765241380441,0.01172888627346016,0.00901443422754016,0.00782119119584892,0.0069694344987918004,0.0063041429004038,0.00543560463939824,0.005077830701609481,0.0045721775726938,0.0042916428580588,0.003300915435400364,0.002950721598642396,0.0028960613361761196,0.002882288594196976,0.0028985672490339,0.0029565923545720797,0.00277704334427646,0.002515565480676,0.002683346311003212,0.0025424140090139803,0.002475609236912836,0.002449350272030448,0.0025270383904588242,0.002318100819568072,0.0022737138031588564,0.00237437994122416,0.00227087833169398,0.002060337842831396,0.001979667178848236,0.001921961958212812,0.0018949254221851599,0.0018242419326611119,0.001632158777027244,0.001569228185053988,0.001432556386536448,0.0014054733809440961,0.001210932603474,0.0012293758746608362,0.001073222319590788,0.000930622294075508,0.000647415548629132,0.000591284178892724,0.00047307310337394397,0.0002851063557261608,0.0002061263680508388,1.986885355175892e-05,-0.00027271917921168845,-0.000496940536987796,-0.000694675616897988,-0.000884341991594444,-0.001023580083106516,-0.00101128131067474,-0.001362443704436008,-0.001192912651308564,-0.001446831510941188,-0.0016753220951368879,-0.001574310801147672,-0.0018023456240309921,-0.001776172370403052,-0.001918043639227644,-0.002055620742094664,-0.001880148510834288,-0.002168908095022032,-0.001786215354972156,-0.002057023499145428,-0.0019499894961212641,-0.0019767341478932,-0.001958233300978908,-0.00193053576868584,-0.001998317061990796,-0.00192094752343184,-0.002040705661745212,-0.001876293034415124,-0.001980422371575168,-0.001947578029320824,-0.0019368410513636082,-0.001943137418287444,-0.001882254509195876,-0.0018341119550715438,-0.001793749040298756,-0.0017756796243769358,-0.0020378597017296197,-0.001914969627980988,-0.002156346159977344,-0.001899137729182128,-0.001857114249387492,-0.001834918904195932,-0.0017358299779890321,-0.0016957790608983561,-0.001667217089188932,-0.001783994068928244,-0.00159566114187636,-0.0017910932739146359,-0.001570972640326676,-0.0013896059251992721,-0.001703053919246216,-0.001664252607134552,-0.001711385788866716,-0.0014546154295404159,-0.00161054357494168,-0.001431163744006084,-0.001737838877813944,-0.001575768522093592,-0.0016262634320218202,-0.001533431722440128,-0.001566407712388224,-0.001521443860192556,-0.001344557905791244,-0.001542900796437976,-0.0012607381134772519,-0.001627989663196208,-0.0014619525465710478,-0.0013705337889360401,-0.0011571745461863162,-0.001435127621830808,-0.00124268916941704,0.0,0.0,0.0,0.0,0.0,0.0,0.0,0.0,0.0,0.0,0.0,0.0,0.0,0.0,0.0,0.0,0.0,0.0,0.0,0.0,0.0,0.0,0.0,0.0,0.0,0.0,0.0,0.0,0.0,0.0,0.0,0.0,0.0,0.0,0.0,0.0,0.0,0.0,0.0,0.0,0.0,0.0,0.0,0.0,0.0,0.0,0.0,0.0,0.0,0.0,0.0,0.0,0.0,0.0,0.0,0.0,0.0,0.0,0.0,0.0,0.0,0.0,0.0,0.0,0.0,0.0,0.0,0.0,0.0,0.0,0.0,2.0
L08_TOB_IST27,0.408689299201528,0.409721823706668,0.446303697945444,0.490485616326768,0.541882893664408,0.60079178607452,0.667196559743664,0.738344448845212,0.799787889181204,0.829545610323764,0.847963566773432,0.8697457400898599,0.871747149121088,0.853800728599124,0.8162458715135,0.763685748438168,0.695121631482232,0.611126963478408,0.510702018771756,0.400907654407556,0.2932815824977716,0.198827849826152,0.12327265849921121,0.0712810409555992,0.044010624874374,0.032387639850936206,0.02724478664630212,0.02420228641487244,0.02161324098153064,0.01948602080531076,0.0181383338470906,0.01662164612183956,0.015289461339124599,0.01434766625586432,0.013147991762791399,0.0122268498481972,0.01129929017827604,0.010589014481004879,0.0097802526047658,0.009143454816091318,0.008725257170170319,0.00787546482766256,0.00755292416490956,0.007096665476818399,0.006692034292033681,0.00639700456417956,0.00608502692402904,0.0056194695109686,0.0054216887301926,0.00433988659548812,0.00379493873884326,0.003131473788190064,0.00285264427730544,0.002507099127428324,0.002345258698572036,0.002279706135020052,0.002107823245325956,0.001776728692066996,0.00166628506256892,0.001468817855715128,0.0013070573400305921,0.001310660173344712,0.001012711946399144,0.000807611643209552,0.00042668245041426,0.0005228951006339519,0.0003761039741681968,0.000130038774927188,-1.594401715270092e-05,-0.00028988755406383996,-0.000469223862731652,-0.00072056807301944,-0.000867110304733164,-0.0009122491267830441,-0.001363207623839188,-0.0013523953023080759,-0.001512498244804056,-0.0015458277696675919,-0.001749133150411304,-0.001907343919499272,-0.00165846280875272,-0.0019682164657178,-0.001849846567485012,-0.0018839020298708799,-0.001962526020201708,-0.0019462894802548321,-0.001878498555063508,-0.0019385002334061361,-0.0020866677318651878,-0.001901956446613448,-0.002036367242668024,-0.0020477824454194,-0.002054528358889648,-0.0020800956461970678,-0.001946120084088808,-0.001996572371368204,-0.001888419349441564,-0.001855849596286312,-0.0017669513894533,-0.001794431658464784,-0.0017070419716333641,-0.0015981443383131639,-0.001616067596934648,-0.0017143245586958,-0.001671499024440972,-0.001765987950692428,-0.001505765579610668,-0.0017286481294495359,-0.0015125117396336601,-0.0013062190197574838,-0.001517237557796852,-0.001332074878343192,-0.001383924916466664,-0.001354076254914088,-0.0012735302644017522,-0.0013473559617489359,-0.00124022769951766,-0.001293210212940848,-0.00115091568836556,-0.0011861618691104841,-0.0013498311362228961,-0.001109431994358544,-0.001210212376868816,-0.001420860695101948,-0.001297488730485016,-0.001285834261708872,-0.001327573650298452,-0.001174625818787288,-0.0011894565284338039,-0.001282768843337304,-0.000951432187405012,-0.00086901020395338,-0.00117976344875084,-0.000736625235649784,-0.0008109503832895881,-0.000854376045401392,-0.000746006948413272,-0.000747327110978564,-0.0007586891602672,0.0,0.0,0.0,0.0,0.0,0.0,0.0,0.0,0.0,0.0,0.0,0.0,0.0,0.0,0.0,0.0,0.0,0.0,0.0,0.0,0.0,0.0,0.0,0.0,0.0,0.0,0.0,0.0,0.0,0.0,0.0,0.0,0.0,0.0,0.0,0.0,0.0,0.0,0.0,0.0,0.0,0.0,0.0,0.0,0.0,0.0,0.0,0.0,0.0,0.0,0.0,0.0,0.0,0.0,0.0,0.0,0.0,0.0,0.0,0.0,0.0,0.0,0.0,0.0,0.0,0.0,0.0,0.0,0.0,0.0,0.0,2.0
L08_TOB_IST27,0.425932832792604,0.422956320296952,0.45505622096484,0.494002782915504,0.539951632327608,0.593134661259076,0.65230898184762,0.717549292255516,0.775821081949384,0.801811654208504,0.81732790481674,0.834353094901184,0.837143909459016,0.822477687348592,0.788453187188608,0.740287951645772,0.679394362887704,0.603483172431852,0.51246743309512,0.41137307748286,0.30892484338548043,0.2164497535256364,0.1396949234265324,0.0844426548163688,0.053588904917315196,0.040569411920754396,0.03474914011922964,0.0312351064702892,0.028419860341046838,0.02463885103884492,0.02418104575626904,0.02241228674765584,0.02092137548306928,0.01936612732555416,0.01812327965805552,0.01691981529525232,0.015680074149590842,0.014452404255844601,0.0135106071611584,0.01180414902273464,0.00991245720237968,0.008843857374343839,0.008356845505054479,0.00776723910950476,0.00716148771929736,0.00712289724547792,0.006591052042794441,0.00561206348308936,0.005948156748759119,0.00552116805864612,0.00519449520703596,0.0048405970846508795,0.0045646791979448,0.0043414052931605995,0.00421269048418828,0.003668459402178616,0.0033899558200568922,0.0031308422531800997,0.002881812997840032,0.0026720843932263676,0.002252034997071308,0.002037838819114048,0.00173553512797366,0.001423680296337376,0.001165191790348328,0.000795092533766664,0.00058790825956406,0.0001143755417512412,-0.000336750171763314,-0.000591421507963128,-0.001070242272722864,-0.0013014085298329561,-0.0014413137985511918,-0.001825255711468632,-0.0019682361058000358,-0.002362622723470328,-0.002559945107734272,-0.0026443158985246158,-0.003022697467517896,-0.00315700085739626,-0.003121726409117112,-0.0034085370755085236,-0.003494822004743044,-0.0035477735714196917,-0.0037292775910343317,-0.003747157935511644,-0.0039744518346094436,-0.00393757320810376,-0.004385194424714799,-0.0042455485117178,-0.00421118073197752,-0.004401360747448359,-0.0044391342622485995,-0.0046527679983389995,-0.00453893694718044,-0.0047014185536242,-0.0045810139054992,-0.00487721335101648,-0.0049069870752854,-0.00510734853121464,-0.00512518960694496,-0.0051588405258596,-0.0053865568283540406,-0.005461368550723601,-0.00552339495764104,-0.00550267672726268,-0.005576535913283719,-0.00550167476878148,-0.005605643127907839,-0.005829477915202799,-0.00577827009553088,-0.00579903699203344,-0.00578118990053324,-0.00578778702677008,-0.0060302624910928,-0.00596009804977516,-0.00618251971187608,-0.00625072610738356,-0.006026740472593201,-0.006151992187904239,-0.00623471511226484,-0.00637757338414932,-0.00636217596053116,-0.006264470847147601,-0.00634062322251168,-0.00647605733161344,-0.00638176306560468,-0.0066214231193256,-0.00665273128272152,-0.00653241467656816,-0.006630197407300481,-0.0066662579277358,-0.006714011955333041,-0.00682230972823276,-0.00655086655718772,-0.006706111047502,-0.0068448121460161606,-0.0066852713911802805,-0.00662268609242796,0.0,0.0,0.0,0.0,0.0,0.0,0.0,0.0,0.0,0.0,0.0,0.0,0.0,0.0,0.0,0.0,0.0,0.0,0.0,0.0,0.0,0.0,0.0,0.0,0.0,0.0,0.0,0.0,0.0,0.0,0.0,0.0,0.0,0.0,0.0,0.0,0.0,0.0,0.0,0.0,0.0,0.0,0.0,0.0,0.0,0.0,0.0,0.0,0.0,0.0,0.0,0.0,0.0,0.0,0.0,0.0,0.0,0.0,0.0,0.0,0.0,0.0,0.0,0.0,0.0,0.0,0.0,0.0,0.0,0.0,0.0,2.0
L01_CONTR_UCBPP-PA14,0.573260687385292,0.604772278696296,0.666335122828004,0.73401439414,0.7968909775816481,0.849376911553632,0.880095271620596,0.879502262397752,0.862115240922548,0.837408514738036,0.800463330944972,0.74679599907976,0.6757467110660961,0.581443327973956,0.45025075339658005,0.264019548540248,0.10654824335191761,0.0646617633113584,0.0486115880255508,0.036694040901350124,0.02722514681484188,0.021771181475992163,0.018324566740214362,0.01618983620399924,0.01436358218355344,0.0131557470944116,0.01179357807660112,0.01072912988471344,0.009893242202065201,0.00887225553755428,0.00835303869622968,0.007530683263719759,0.00724399129053916,0.006781448088081839,0.008181920691722681,0.00593923702279124,0.00454817405733328,0.003953583355219292,0.003564391455142016,0.003241813871982436,0.002980128104802708,0.0027767308814133237,0.002908963032295968,0.002697006615279272,0.0026635827283248838,0.002518686349512544,0.002479144168149924,0.003975803929034884,0.0028211221185342602,0.001992527960364952,0.0016963472393200002,0.001250139254248336,0.001082074679379684,0.001043715463886476,0.00113659221170562,0.0010330168966867681,0.00104952800417582,0.00097962330442294,0.0009765984581155999,0.001016809886378588,0.000730437640724852,0.000660278124014636,0.0005409914988016679,0.0006818374420125199,0.00045747291131143197,0.0001760587758042812,9.05439386557044e-05,-1.569416305206964e-05,-9.2125625565944e-05,-6.4740098119782e-05,-0.0003570182897301968,-0.00047917131456552795,-0.000514135513626204,-0.000700489970411036,-0.000726253979974788,-0.00056080516680934,-0.000524157942352536,-0.000613026021657076,-0.000632037382015212,-0.00060537411201148,-0.0006072660871787799,-0.0005770253789483521,-0.000674783612938124,-0.000451862723688172,-0.000597680202995164,-0.000498971414621076,-0.000419817548022084,-0.00141162845217216,-0.001862351696563504,-0.00153004422815964,-0.0011570871708344,-0.000997249439474148,-0.0011334724364109121,-0.000702084133487292,-0.00088400305029804,-0.0007645504741572599,-0.000577784270984896,-0.00029632397696501,-0.000296356557742458,-0.0003803597475934104,-0.0002846577530445144,-0.0001827793767575412,2.208961726201248e-05,-8.869176979895361e-05,0.000232038423861082,0.0002168056413053224,0.000378396424249076,0.00032249131505122756,0.000401010502300428,0.00042615280004091997,0.00070923357945914,0.0006246306626946199,0.0009387907102605359,0.0008094739573927,0.001023652535612144,0.000988039863878444,0.001042744582316452,0.0011139953839768,0.001219838276059032,0.001212364240976604,0.001174817543748464,0.0013164167266073881,0.001271063454261596,0.001407347221663904,0.001435630110883076,0.001266954522483256,0.0014783307933562998,0.0015261305787745041,0.001515039691757344,0.00145191074353088,0.001716178315935748,0.0016087033887300759,0.001640663419427228,0.001728448654510464,0.0018744283071996679,0.001766821800890628,0.002098392878791076,0.002198435503581104,0.0023011034975933243,0.0,0.0,0.0,0.0,0.0,0.0,0.0,0.0,0.0,0.0,0.0,0.0,0.0,0.0,0.0,0.0,0.0,0.0,0.0,0.0,0.0,0.0,0.0,0.0,0.0,0.0,0.0,0.0,0.0,0.0,0.0,0.0,0.0,0.0,0.0,0.0,0.0,0.0,0.0,0.0,0.0,0.0,0.0,0.0,0.0,0.0,0.0,0.0,0.0,0.0,0.0,0.0,0.0,0.0,0.0,0.0,0.0,0.0,0.0,0.0,0.0,0.0,0.0,0.0,0.0,0.0,0.0,0.0,0.0,0.0,0.0,8.0
L01_CONTR_UCBPP-PA14,0.5189968691550361,0.545868522893048,0.609344050166704,0.6795968197708799,0.7503152217548681,0.8169200303442,0.864512195792268,0.8767666979016561,0.876065938241828,0.865502649154396,0.843714498973984,0.8058825391241681,0.754698986788744,0.695225111719244,0.6200836457439121,0.50131214865582,0.3241611913426292,0.1396714077919604,0.06417228651153399,0.046399862935664,0.034459542482976044,0.02405941242032532,0.01692005824700972,0.01320651894612036,0.01123667613752308,0.00986572239603256,0.00868657046393112,0.00764442486406004,0.00674222305866724,0.00600024665211092,0.00531304575615652,0.00486623214634132,0.0046899673716974,0.004264721316885279,0.003599659272748184,0.003438344663331424,0.003429046797942312,0.00318700625662036,0.003043465732650168,0.002848057956012564,0.002661750286674696,0.0025476449750610718,0.002500312434294716,0.002398453367171412,0.002271394774994536,0.002470649181292304,0.002314393083366736,0.002097650847757888,0.002163021525962392,0.002069845971037156,0.001982791538015028,0.00206494861620916,0.002030414026329492,0.002033585412982132,0.0020432365388185158,0.001819105946631932,0.00157262574300456,0.001627084569008848,0.001423265184327436,0.0011971315731477078,0.001280184979398336,0.001152050715498456,0.001089747302440332,0.0007719027496683279,0.000637381560108272,0.000661491100061372,0.0002813960757500996,0.000104208614309228,-7.42755770799072e-06,-0.0003647416420862664,-0.0005255710530596,-0.0007789119539013481,-0.000954315883766372,-0.001135327122838744,-0.00128631533440408,-0.0014610011234789519,-0.001446224406979368,-0.00152489255574022,-0.00165921161784226,-0.001754521225916184,-0.001901843650349344,-0.002019938240193008,-0.001953443398281788,-0.00211525179372196,-0.0021708714719795756,-0.0020213893445109278,-0.0020195086116799443,-0.0020080820944349924,-0.0019475507269216521,-0.001970955166451548,-0.0019118351920341921,-0.001990479047100008,-0.001819721339182724,-0.001828107005719772,-0.00179279329656164,-0.0015949783529320282,-0.001618632977571516,-0.0016413708522187121,-0.001690984726324868,-0.0016383372968457,-0.001476934943084856,-0.001613746455025152,-0.00151359478927076,-0.001285778814459156,-0.001291443418148156,-0.0012866232304607561,-0.001205067765190256,-0.001112545009768732,-0.001079544199853308,-0.0010262374414808,-0.0009626118747408121,-0.001011057011961728,-0.000857701246203268,-0.000684714175119912,-0.000926538631368276,-0.000710205580247252,-0.000680133697762992,-0.000800566342876416,-0.000774693400524576,-0.00062186840853102,-0.000630867286648884,-0.000494732293698764,-0.00044470991305194004,-0.0005554138021885961,-0.0004353100030492,-0.000438455070608484,-0.0001670517262953752,-0.0003869307429238404,-0.000421303711026592,-0.000256432604127358,-0.0003560976517293824,-0.0002576738787783044,-0.00018831068906654362,-0.0001844630117017592,-0.0001792103570727324,0.000191547490208852,0.0001569988937335004,3.882262570465656e-05,-0.0001192536607898636,0.0,0.0,0.0,0.0,0.0,0.0,0.0,0.0,0.0,0.0,0.0,0.0,0.0,0.0,0.0,0.0,0.0,0.0,0.0,0.0,0.0,0.0,0.0,0.0,0.0,0.0,0.0,0.0,0.0,0.0,0.0,0.0,0.0,0.0,0.0,0.0,0.0,0.0,0.0,0.0,0.0,0.0,0.0,0.0,0.0,0.0,0.0,0.0,0.0,0.0,0.0,0.0,0.0,0.0,0.0,0.0,0.0,0.0,0.0,0.0,0.0,0.0,0.0,0.0,0.0,0.0,0.0,0.0,0.0,0.0,0.0,8.0
L02_CONTR_UCBPP-PA14,0.534993010006788,0.551984958785652,0.6090969012714,0.672049103094328,0.7423211442522839,0.794780365599,0.80501763115064,0.821878680996312,0.8275855982868721,0.811925538634048,0.782296242765208,0.73704696595852,0.680535630613316,0.6120294381799161,0.5297139443078359,0.432653502465076,0.3214000688408304,0.2038924995934756,0.10004547885083559,0.055843023288638,0.0424850810341232,0.03304682000653088,0.025928360968093842,0.021851524727724277,0.01929638065452044,0.01743263548357048,0.01635193035811996,0.01488129507501396,0.01338963396243304,0.012631187704913999,0.01165196968420904,0.01102163380498164,0.010290587509516,0.00959189408850952,0.00891566459452172,0.008692413781967041,0.0078978066875828,0.0077616004049553605,0.007347249059348641,0.00689827416208876,0.0065999514180554,0.00626168001070736,0.0061363572286308,0.00567270401146768,0.00545766494988332,0.00506723575848084,0.00500148279070216,0.004815698355777761,0.00465179100492068,0.00448339331911308,0.00415860064446516,0.00386260616415134,0.003941169486166552,0.003716516695905952,0.0032850440675427357,0.003151775871254776,0.002963801344766996,0.002648317582915772,0.002744047682471008,0.002426841219484728,0.001926363072652288,0.00192616703487574,0.00168157488616372,0.00127364629579848,0.001021388875617244,0.000822158106730716,0.000438355155131936,-1.87476447848676e-05,-0.00027644429668256484,-0.000407758529005188,-0.000721284579587596,-0.0010907288748641599,-0.001319414013395928,-0.00162918388279684,-0.001715075322579192,-0.002242870470905864,-0.002284685385338932,-0.0025098303140038756,-0.002533106558171044,-0.002934547329175276,-0.002870971322061124,-0.00316268109224752,-0.003137310829693072,-0.0034084516414503037,-0.0033332186981563598,-0.003406691162750788,-0.00361707153433382,-0.003526089384810508,-0.003519892577035272,-0.003784430717134432,-0.003964590956474476,-0.003933810887407584,-0.003706218545097316,-0.00375956101452272,-0.003877784104104928,-0.00395946950170246,-0.00396525904092496,-0.0040496315348864,-0.00402606222707224,-0.00403189634045388,-0.00403558121794364,-0.00408511197621904,-0.003984540855998812,-0.00413675545212784,-0.0040134859464151995,-0.00419097298062228,-0.0040544359699371596,-0.00401265671618048,-0.003947867001423452,-0.00418631603005708,-0.00412985869009312,-0.00416207775809024,-0.00412595815422848,-0.00386038436881876,-0.0039986640379135845,-0.00407366855675596,-0.0040674042981168005,-0.00426588049671452,-0.00412284845335396,-0.00400565444675148,-0.00411690071467104,-0.00414166024167484,-0.00424031944952552,-0.0042520909103954,-0.00421383072548868,-0.00426606705675288,-0.0042309148925955605,-0.00442962391538536,-0.0041050153629990805,-0.004327881802263201,-0.00414713528211292,-0.00417198323209448,-0.0042862893135286,-0.00427958130619336,-0.00421020230020312,-0.0040368063619018405,-0.00408246600977536,-0.0041438267360075194,-0.0042219747646389996,0.0,0.0,0.0,0.0,0.0,0.0,0.0,0.0,0.0,0.0,0.0,0.0,0.0,0.0,0.0,0.0,0.0,0.0,0.0,0.0,0.0,0.0,0.0,0.0,0.0,0.0,0.0,0.0,0.0,0.0,0.0,0.0,0.0,0.0,0.0,0.0,0.0,0.0,0.0,0.0,0.0,0.0,0.0,0.0,0.0,0.0,0.0,0.0,0.0,0.0,0.0,0.0,0.0,0.0,0.0,0.0,0.0,0.0,0.0,0.0,0.0,0.0,0.0,0.0,0.0,0.0,0.0,0.0,0.0,0.0,0.0,16.0
L02_CONTR_UCBPP-PA14,0.5331389308283321,0.553640529224064,0.611561904380308,0.677789514523756,0.756289830837796,0.813819378260888,0.825180228751184,0.8563191455904801,0.869170599689268,0.85724541126412,0.822327251033672,0.781165395350784,0.7337265789775601,0.674381246578272,0.601511464778828,0.511979897302584,0.403561724553216,0.2732049643072876,0.1511915188780528,0.0709647479373684,0.048085442141152,0.03889879155360624,0.03177671086499108,0.026401003924843677,0.02270132398959132,0.02008004642825348,0.0184052491422676,0.01680836012683736,0.01469504018450832,0.0134736882843134,0.0126040038301568,0.0116388229873138,0.01074669336633608,0.01002295840800072,0.00964115027506328,0.008917842476594039,0.008276228535339481,0.0077370833177564,0.00741646401453332,0.0070882039821544,0.0066892626165758,0.0062595783512674405,0.0060706134926223594,0.005738896147897641,0.00539252396406172,0.0053093824141362805,0.00488483265220652,0.00471654204536088,0.00447890244022896,0.00417413386319424,0.00405069449282268,0.003642292513012408,0.0034401056351754523,0.003262070849769392,0.00304429102589252,0.002852368697203404,0.00278215487858448,0.0025971500350566437,0.002403111416646612,0.002139972984658776,0.001965792553595924,0.001737765903109948,0.001410626360516636,0.001233059892949436,0.00091179678086148,0.000825080592342212,0.0005941244869143079,3.792596493915136e-05,-0.00013909188386586118,-0.0004193990804176,-0.000682908009557976,-0.001074772330628876,-0.0013043763628369561,-0.0015720817293690158,-0.0017096872292352082,-0.001888302298988628,-0.002054338234119396,-0.002335719802955636,-0.00262054629715804,-0.002742483851439212,-0.00280867622553168,-0.002854594312114824,-0.003111784074638172,-0.003169808735103252,-0.003082867586531624,-0.003302635975445132,-0.003261070672865728,-0.0032946756298364603,-0.003333999754841492,-0.0034615209943661637,-0.0034135940026108276,-0.003595395631281548,-0.003450326394171524,-0.003592792837411316,-0.003561948403596164,-0.003574933963090408,-0.0035668216710781843,-0.0035962188954411756,-0.00366658242939578,-0.003636614951546288,-0.00364475044785884,-0.003675664524368928,-0.00377146638904608,-0.003517241830028568,-0.003636127032479204,-0.003660613114596316,-0.003611563031163984,-0.003728270512750468,-0.0034303767557141,-0.0036302493464010197,-0.003570098637974768,-0.00370916612709812,-0.003606388915522008,-0.003636971405299248,-0.003642948258790312,-0.003788278053601408,-0.003728640462754208,-0.0038882878826039203,-0.003768311653640232,-0.0037465194621016922,-0.003747652559276704,-0.003665279587653324,-0.0039722126118508245,-0.0038527000372735798,-0.00353907162434104,-0.003781425723146036,-0.003878371435768024,-0.003992449643521156,-0.003870386328464036,-0.003934647900656116,-0.003717360324787716,-0.003797934333393056,-0.003768409803741808,-0.00378446470098072,-0.003851581894246168,-0.003649765065275184,-0.00352447999158778,-0.003745429720854916,-0.003509000935884984,0.0,0.0,0.0,0.0,0.0,0.0,0.0,0.0,0.0,0.0,0.0,0.0,0.0,0.0,0.0,0.0,0.0,0.0,0.0,0.0,0.0,0.0,0.0,0.0,0.0,0.0,0.0,0.0,0.0,0.0,0.0,0.0,0.0,0.0,0.0,0.0,0.0,0.0,0.0,0.0,0.0,0.0,0.0,0.0,0.0,0.0,0.0,0.0,0.0,0.0,0.0,0.0,0.0,0.0,0.0,0.0,0.0,0.0,0.0,0.0,0.0,0.0,0.0,0.0,0.0,0.0,0.0,0.0,0.0,0.0,0.0,16.0
L03_CONTR_UCBPP-PA14,0.465841466579004,0.49324715799325597,0.5487902856323961,0.613194069646712,0.6839488264221281,0.745521933156076,0.7829621761622281,0.816438505675268,0.8387787292485079,0.82823019144316,0.8116140153766159,0.7793599910958,0.734220655957728,0.674809375080768,0.595940743908676,0.485509052890948,0.32837949800639804,0.1513088152415336,0.044285239366919596,0.020396173318242,0.01406307323516756,0.01161179371357964,0.00774580365278032,0.00522348991598368,0.00369835172388232,0.002585622390483004,0.0016693568108359599,0.001298795912789712,0.0005240925178844041,0.00011316717700688,0.0001198759037762604,-0.00019902907618745,-0.00027444817225657397,-0.00041921018498609604,-0.000382780578606482,-0.0005078397383125,-0.0005393191388181639,-0.000530376505938304,-0.000528243561607856,-0.000544559567428444,-0.0005353653030946321,-0.0005348919689421599,-0.000585755000865296,-0.0006168040143836721,-0.00027455591736548317,-5.25397034312964e-05,4.28178445586588e-05,-2.702914958663728e-06,-4.83031278313628e-05,-0.00011691858844364999,0.00010121015972592121,1.067793814534064e-05,0.00032802011022014523,0.0003563291495909412,0.000455312044721072,0.000511031859212852,0.0003868110810524904,0.00041705158443301597,0.0003473932856034776,0.00057176632044168,0.000542726011243408,0.0006369610276066639,0.00059894808658478,0.000492538838268416,0.000464667467160048,0.0004334319682699,0.000213705335969984,5.79154053480804e-05,5.81925702386204e-05,-0.00010449638079937799,-0.0003958116995759596,-0.0003572368367542972,-0.000461402331816356,-0.0007246366975117359,-0.000862908601832172,-0.0009094567818266,-0.00086533391690572,-0.000913246641734828,-0.00107658619514804,-0.00096960064849802,-0.001008749381566024,-0.0010709365517577241,-0.0011000900436896961,-0.00107583683976394,-0.00108650688299474,-0.001232271893186144,-0.001052423171266588,-0.0008995257873415799,-0.001069130925010928,-0.000773110264236092,-0.000673751133495172,-0.000616884975718388,-0.00041931496124726804,-0.00059723284663658,-0.000411281219622292,-0.00049421951927086,-0.00012140470719613041,-0.0001906872279642032,-0.00029408319589021,-0.0001316223004477832,2.682199319398312e-05,-2.8859400392969278e-05,0.00014271806901155522,0.0002885550160581164,0.0003768008164915076,0.00031974034899202717,0.000470016519904348,0.0005419098086365201,0.000675799358023928,0.000672534896694208,0.000662328506600844,0.0007328815356019,0.000982260011778552,0.0007962781105224839,0.000785571523687832,0.000967219775384788,0.00125313843321048,0.001154739725929532,0.0011808421558643601,0.0012147801256084281,0.001420888638367208,0.0017432272460059799,0.001776919619959388,0.001926928778983948,0.002147060299813132,0.001864799445469312,0.002114139855147564,0.0021110605471148037,0.002096300802832456,0.002006974366647196,0.0019448771368071,0.002023423783806456,0.0019219288457463961,0.002008674491770228,0.0023708432929673558,0.002481841489606472,0.00234486909037452,0.002239281791194736,0.002436148779213176,0.0,0.0,0.0,0.0,0.0,0.0,0.0,0.0,0.0,0.0,0.0,0.0,0.0,0.0,0.0,0.0,0.0,0.0,0.0,0.0,0.0,0.0,0.0,0.0,0.0,0.0,0.0,0.0,0.0,0.0,0.0,0.0,0.0,0.0,0.0,0.0,0.0,0.0,0.0,0.0,0.0,0.0,0.0,0.0,0.0,0.0,0.0,0.0,0.0,0.0,0.0,0.0,0.0,0.0,0.0,0.0,0.0,0.0,0.0,0.0,0.0,0.0,0.0,0.0,0.0,0.0,0.0,0.0,0.0,0.0,0.0,4.0
L03_CONTR_UCBPP-PA14,0.508584891511832,0.53998818180212,0.60427751553942,0.6749175516143601,0.742881840878392,0.786753645571888,0.822836592546812,0.8425291035209039,0.83638008491524,0.8079761819271,0.7679006717360001,0.712834736793212,0.63921699774386,0.537825245078444,0.399557414481364,0.2342946924002944,0.0912562734141388,0.03460966565216596,0.021044797812647998,0.01615205218323268,0.0115324195231896,0.036710807951746756,0.01267359833254584,0.00764012527166328,0.00442882352198004,0.003195245816914752,0.00266395778098124,0.00214973062556958,0.001524291476068904,0.0013391926850656918,0.001250616313508008,0.0010495063788269641,0.000780718399625796,0.000823113028000208,0.0007473729706765,0.000788051985505868,0.00059475202299276,0.0005918899616659879,0.000538482598624504,0.000653363547269856,0.00073895152997822,0.00048241362808118,0.000604197276243516,0.000628396156542444,0.000795890957200564,0.000730518544680292,0.000694960127401516,0.0007910241462151921,0.0008957807265030159,0.000796579173500044,0.0006442415072058279,0.000863232449917092,0.000905521922633624,0.0010475773997373722,0.001028980672763136,0.00091214887448258,0.000896238831938028,0.000749214265733252,0.000867997604857296,0.00084349395480372,0.0007406258487813559,0.000704478407722872,0.000555834070510008,0.000728136875782176,0.00026372856165238803,0.0002150161998551588,0.00032601107853177756,0.00014823297440615642,-0.0001042569249881028,-0.0001000309855432192,-0.00035891955561675196,-0.000556306229062044,-0.000562094383494516,-0.000626796092930732,-0.000758040063675848,-0.000849937318774768,-0.000918623165650356,-0.000899372013956592,-0.00118941749805634,-0.001121331882701416,-0.001112008455550292,-0.0008691623607226639,-0.0010945865051727199,-0.000969351060573944,-0.000889794252630472,-0.000981084811611664,-0.000797567453306252,-0.0007871223580005921,-0.000757824066403328,-0.00067154396400896,-0.0007277020188950039,-0.000636113557051432,-0.0006014555098042,-0.000514272031077312,-0.000458099214910112,-0.0003720388207748856,-0.0003711262702304984,-0.00027382882606947676,-0.0001772361937384424,-0.0001889509689273636,-0.000220809256305996,-2.0666572539875602e-05,0.00023044435504288198,0.000149108992636556,0.0002307247886860472,0.00015677899991792878,0.000490850898544708,0.000421677425797056,0.000444782430223112,0.000470784863701188,0.000745705796417116,0.00065370438706212,0.0008728418049927001,0.000959767001549876,0.000798035846701612,0.000822161147005568,0.001148148965946284,0.001111946506822452,0.001256629789177208,0.00128732307010094,0.001224853292657676,0.0012084433091647758,0.0013230779486848002,0.0012947307047057638,0.001261221402587948,0.001301511838963668,0.001359795810969168,0.001466565077136132,0.001515619897475672,0.001528545618007928,0.0015945390762114,0.001787638550206472,0.001917552000497048,0.001892878433631868,0.002117952942225332,0.002120257668490412,0.0022471476509804116,0.002247268934000024,0.002274835816423716,0.0,0.0,0.0,0.0,0.0,0.0,0.0,0.0,0.0,0.0,0.0,0.0,0.0,0.0,0.0,0.0,0.0,0.0,0.0,0.0,0.0,0.0,0.0,0.0,0.0,0.0,0.0,0.0,0.0,0.0,0.0,0.0,0.0,0.0,0.0,0.0,0.0,0.0,0.0,0.0,0.0,0.0,0.0,0.0,0.0,0.0,0.0,0.0,0.0,0.0,0.0,0.0,0.0,0.0,0.0,0.0,0.0,0.0,0.0,0.0,0.0,0.0,0.0,0.0,0.0,0.0,0.0,0.0,0.0,0.0,0.0,4.0
L04_CONTR_UCBPP-PA14,0.549246767981992,0.5908682213775399,0.6638107835445359,0.739121223983876,0.827034729856896,0.9067316424334361,0.953263273675128,0.956037703958796,0.937664489737736,0.8936928024562439,0.835000958705668,0.752380094067912,0.632964689864036,0.47840749228928003,0.312496575644872,0.15806475850889878,0.0692493390947848,0.049095593803290004,0.0417996798611444,0.03630550854765424,0.03120330552888288,0.02719576625620892,0.01991113199802064,0.01295644188573872,0.00773508641997784,0.005176958848164879,0.004175633415416441,0.003128497609865484,0.002544477081205252,0.0018793270075420881,0.00152533347893306,0.001141490124419688,0.0006260476122933361,0.00045706001534139603,0.000198527872890154,-1.053117648547204e-05,0.0001425712167199836,-5.50242909658884e-06,-5.84984050143144e-05,-0.0005088234108340079,-7.57695485119096e-05,1.988076207576324e-05,5.22808546320148e-05,2.394240247476036e-05,5.428027526755e-05,0.00013118867516094678,0.00033367636100993157,0.0003542902991372388,0.0002502677655051784,0.00037411617125655323,0.000647145601025796,0.000580894097822028,0.0004994784912704441,0.000608678937692596,0.0006763332670091881,0.0006629132774277679,0.00084227754923124,0.000617430168319528,0.0008265347148068159,0.0008544091901146121,0.000688307081327512,0.000726334538003776,0.00039417585332197604,0.000520691308566816,0.0005329707836531839,0.0002444703083939544,4.0827504594199195e-05,-8.46367755415904e-06,-4.37286280043744e-05,-1.0523676271988e-05,-0.0002973712468234092,-0.00043066414143448,-0.000568951949484764,-0.000614650688411364,-0.000637991379244916,-0.000850473319822592,-0.000726551051295372,-0.000945426684554116,-0.0009005454858989281,-0.001016393067681328,-0.001009654791442464,-0.000926122251408264,-0.000841190474467112,-0.0008757333406602879,-0.000806308508378896,-0.000640010607144432,-0.000596865847980888,-0.0006951959804054681,-0.000457882781507092,-0.0003929865745225868,-0.00027214683119298637,-0.000203170118496542,-0.0001180109003894192,-7.922014629704401e-05,-6.27887259822264e-05,6.312395939987279e-05,4.42827631089576e-05,0.0002539176577831156,0.0001935770678387452,0.0003874453410441204,0.0003752409473384272,0.000485265321697908,0.0005960641279078241,0.000615639431825012,0.000876668265187308,0.0008664920015906799,0.0009033061718269359,0.0012386806316749559,0.001192429638188792,0.001341611547405092,0.001431988386702808,0.001477179956363448,0.001522680269827092,0.001633353592292108,0.001780031385610812,0.001659284168204292,0.0018379805987714679,0.00173845513149596,0.00185686905343418,0.002019831453716352,0.002147444567324956,0.00224247718353918,0.0021887332234322918,0.00246944823786094,0.002502976549803864,0.0027058078882222117,0.002552481651011428,0.002653319382756056,0.00290817971979632,0.002871840415453792,0.003144376213406832,0.00302756527194986,0.003156701835571288,0.00322197059656718,0.003397958644579348,0.003505134408386116,0.003502357207376796,0.00363831224316156,0.0037604585128660083,0.0,0.0,0.0,0.0,0.0,0.0,0.0,0.0,0.0,0.0,0.0,0.0,0.0,0.0,0.0,0.0,0.0,0.0,0.0,0.0,0.0,0.0,0.0,0.0,0.0,0.0,0.0,0.0,0.0,0.0,0.0,0.0,0.0,0.0,0.0,0.0,0.0,0.0,0.0,0.0,0.0,0.0,0.0,0.0,0.0,0.0,0.0,0.0,0.0,0.0,0.0,0.0,0.0,0.0,0.0,0.0,0.0,0.0,0.0,0.0,0.0,0.0,0.0,0.0,0.0,0.0,0.0,0.0,0.0,0.0,0.0,8.0
L04_CONTR_UCBPP-PA14,0.647581466266436,0.684793444926764,0.7601762162128,0.827413865739828,0.918855147149964,0.94565430769098,0.968019917732324,0.9408000697951721,0.902600762210056,0.84495250462664,0.764816013657536,0.6517656633517841,0.499281477827624,0.3328036299104648,0.1784618369641916,0.07931765407096439,0.0519311368790532,0.0439974294229024,0.03831978293817896,0.0336097019400258,0.028960087496324,0.02430022417038176,0.019060838159108962,0.01339197125815028,0.0077721529163780004,0.00509791351908936,0.00423413198710928,0.003632122725027684,0.003164346422705092,0.002889981783316104,0.002465865101455852,0.002247954096818272,0.002016665065712896,0.0016698681961103078,0.001813879651685436,0.001600975278855848,0.0015348128494500279,0.0013618248369549639,0.001395392402843184,0.001226873620236092,0.0012142593418529,0.001172135814104864,0.001095669894047632,0.001071954418318932,0.001133767044794272,0.00111910238500676,0.001208135695943984,0.0011894495506771681,0.00102920242631918,0.0012358333883032639,0.001317454300624484,0.001240238783151976,0.001359215746667216,0.000963331350715384,0.001285625729336724,0.001178813131301748,0.001151707624833504,0.001039299454592508,0.001116515628868652,0.001049215263100792,0.001036936602418828,0.000942700659826068,0.000790221881390556,0.00072501608173946,0.000579309256688924,0.0005154189630399521,9.33049584118884e-05,0.00020654918250628,-0.00015627509348002162,-0.0003206425122475752,-0.000338568064034026,-0.000575787023047012,-0.000690814475275936,-0.00091987239655918,-0.0010089742213163719,-0.0011110748449611881,-0.0011922977958653321,-0.001323732296983628,-0.001465120537935448,-0.0015433770969839839,-0.001575728809920436,-0.001772672262182484,-0.001740586783616592,-0.001729313700349112,-0.001837364957145604,-0.001728659771761224,-0.002041666265482044,-0.001979367851344836,-0.001860602908858508,-0.00177150941866634,-0.001737145876093152,-0.001765733976394136,-0.0016731364888767479,-0.001763513905679388,-0.0018366332966574558,-0.001594106189960268,-0.001595846981171672,-0.0016312353758020758,-0.001576448974159472,-0.001510216558219664,-0.001336269199114912,-0.001319834040599312,-0.001304937601311124,-0.001404274887419752,-0.00108021912587774,-0.001369963179149108,-0.001131131753916768,-0.001059590693998204,-0.0011117265025605081,-0.00093156138323066,-0.0009391617462385799,-0.00112967452696974,-0.000790291919739856,-0.00085470510298746,-0.000742399793948048,-0.000760276774122336,-0.00081479657932662,-0.000560759393992892,-0.0007589247849984279,-0.0006451636949382799,-0.0006300343910774239,-0.000641131370484128,-0.000223359631167552,-0.0005739620267074001,-0.000668687706297268,-0.000414759463622368,-0.00042140592793109597,-0.00037962135289050557,-0.0005130988855705681,-0.0002666497742558892,-0.000297672414371134,-0.0003718562283959516,-0.0002458716204534664,-0.0001903603925220568,0.0001075126874599384,3.12848078404356e-05,0.000263510717662292,0.0003044737741811984,0.0002123002941253096,0.0,0.0,0.0,0.0,0.0,0.0,0.0,0.0,0.0,0.0,0.0,0.0,0.0,0.0,0.0,0.0,0.0,0.0,0.0,0.0,0.0,0.0,0.0,0.0,0.0,0.0,0.0,0.0,0.0,0.0,0.0,0.0,0.0,0.0,0.0,0.0,0.0,0.0,0.0,0.0,0.0,0.0,0.0,0.0,0.0,0.0,0.0,0.0,0.0,0.0,0.0,0.0,0.0,0.0,0.0,0.0,0.0,0.0,0.0,0.0,0.0,0.0,0.0,0.0,0.0,0.0,0.0,0.0,0.0,0.0,0.0,8.0
L05_TOB_UCBPP-PA14,0.3587762699284524,0.34200736273620164,0.3700541947677388,0.41371972676825997,0.46205406373347196,0.5185600634112639,0.58568290522122,0.652835670929372,0.708008296161384,0.756213673730192,0.8100577507659761,0.82662630285916,0.807913067056088,0.794649011473468,0.772592178535944,0.716267524855656,0.613696607201676,0.474326812131984,0.3122149046088392,0.15290452497347642,0.0504215827748076,0.0212912057096826,0.01267441022375148,0.009077349436122241,0.007440127047770279,0.006245601404767319,0.005206497508514,0.004416910886975361,0.003694904596779668,0.00325475769591336,0.00272142615416492,0.00268969564896992,0.002487339605924624,0.002138482897695976,0.001855397778457752,0.001720663971922876,0.001758572323796576,0.001630191135048884,0.00170357452143274,0.001492901107464708,0.001382431314747908,0.00144772875884026,0.0012655407798118962,0.001344513309182664,0.0010567308007818602,0.0013611428321202682,0.0013047549840971959,0.0012620793081583239,0.00129848657715408,0.001447188890943852,0.001315206353445484,0.0010768433003376242,0.001370509493177556,0.001349451520875204,0.0011280504069218,0.0012696449962210602,0.001102899037150104,0.001136182837218748,0.000967910745029204,0.001061918628689208,0.000867889074824112,0.000833847218066584,0.0007456315568301561,0.00049391922386434,0.000552982756877508,0.00034710021493673197,0.0001257496639418712,6.48382895441136e-05,-7.07023459623412e-05,-0.00034671009018265,-0.0003261643271494904,-0.0005639550156196,-0.000699286309067036,-0.00065858888915494,-0.000676305957686068,-0.000721095480191804,-0.0008545160458601841,-0.000946305966475124,-0.0010421081721808082,-0.001018961312641896,-0.0011107572542371719,-0.0009318517421706159,-0.0010866043368485201,-0.000990276827508288,-0.0009342634307358,-0.000803032192510988,-0.000881986342269528,-0.00075037824409124,-0.000863050153048072,-0.0007615576489278641,-0.000939551937762212,-0.000541214941128328,-0.000529292413333036,-0.0003118255993776944,-0.0002670880704127352,-7.93731208126824e-05,2.2458452679771398e-05,0.0001331701052702632,0.00029629395098603964,0.0003370234933360072,0.00040251260867072,0.0005464674185259239,0.000824241849100368,0.000742878573213012,0.000891641200539708,0.000881578843873608,0.001076378246834316,0.0012674053846545442,0.001397381155994248,0.00141410761722388,0.001573579108870464,0.001747052268425328,0.0017175862102033319,0.001861927243801968,0.0018191431582996,0.0020788757541734203,0.001913025100625224,0.002249261286076436,0.002136472227007356,0.002302857722775388,0.0021996586508053802,0.0022869711889624156,0.002257530925001156,0.0024526338503033803,0.002278427464991232,0.002430350412351508,0.002282746296103184,0.002576947992988392,0.0023483795609622804,0.002726957939161176,0.002599197386408612,0.002730081331076828,0.00270341185644638,0.002775798915227264,0.00288875003943182,0.003044236953425628,0.003061560747907548,0.00287107782708166,0.003055916267664212,0.0,0.0,0.0,0.0,0.0,0.0,0.0,0.0,0.0,0.0,0.0,0.0,0.0,0.0,0.0,0.0,0.0,0.0,0.0,0.0,0.0,0.0,0.0,0.0,0.0,0.0,0.0,0.0,0.0,0.0,0.0,0.0,0.0,0.0,0.0,0.0,0.0,0.0,0.0,0.0,0.0,0.0,0.0,0.0,0.0,0.0,0.0,0.0,0.0,0.0,0.0,0.0,0.0,0.0,0.0,0.0,0.0,0.0,0.0,0.0,0.0,0.0,0.0,0.0,0.0,0.0,0.0,0.0,0.0,0.0,0.0,8.0
L05_TOB_UCBPP-PA14,0.376173150819816,0.35003500928147957,0.38030679609620316,0.419590569944008,0.467603832866672,0.5250599320353321,0.592899906496544,0.6623227071930959,0.7176591660977161,0.769499571487244,0.830972311955728,0.845248011166428,0.823302380304336,0.816672601603452,0.807968891161592,0.778057188788216,0.720473133384528,0.639422926751588,0.537112326316948,0.414437111156516,0.2773567052448388,0.1510262330057984,0.06847260245936321,0.03997151363740492,0.032448224423509996,0.02798176508574984,0.02456431996786784,0.01868366196699492,0.015213787969231401,0.01369598327151496,0.01271409644476916,0.0113562078537292,0.010599080058525839,0.00976727295838924,0.00916588574933628,0.00862210861523336,0.00789485545173264,0.00744783134133624,0.0068424891144784,0.00649369948264828,0.0061171151787643594,0.0056708482388098,0.00531259545706732,0.00502458695149304,0.0046928507843313995,0.00439850555053604,0.00427357197110932,0.00421385856778296,0.0037964439812138,0.0036855503118461363,0.0034240931423635203,0.003440790159113952,0.003102454053866188,0.003038625679218132,0.0028159436172169043,0.00258783330357122,0.0025354604990597478,0.002268377316807244,0.002092601951252828,0.001969084533828648,0.001622691913792584,0.001438647953844388,0.0013685463712328721,0.001079538367902648,0.00076916316588968,0.000577663768066212,0.00034327203583059364,0.00019997754144319198,-0.0003059842550772996,-0.000456698273487452,-0.0006284367739015681,-0.001023775337387804,-0.001066800106044496,-0.0012666977662372401,-0.0014610164507804719,-0.001702999510057296,-0.001819002077860196,-0.0019489903684038721,-0.002050576629167196,-0.002025950031561796,-0.002157671626480308,-0.0022071690198749317,-0.0022432653015550122,-0.0024645548536338683,-0.002407073342027052,-0.002425134948427276,-0.002627539961747,-0.002276378333597024,-0.00241330796471848,-0.002625829363351228,-0.00243082504842494,-0.00239552452498634,-0.0023045228691179636,-0.002342652924424676,-0.002398501955940264,-0.002365972383288864,-0.002243897720123936,-0.002174537000775932,-0.002424945927461668,-0.00222091639298974,-0.0021622416831725564,-0.002386941030423024,-0.002053169370526656,-0.0019747508049201157,-0.0018431578379270639,-0.001944863479908424,-0.002155250092107968,-0.0020764278509182,-0.002094206428649956,-0.00181563974043122,-0.001764230006317396,-0.002118077242406916,-0.001687768648853412,-0.001585605497570348,-0.0017521792322728281,-0.00184654632065714,-0.001639661164261352,-0.00166292932727542,-0.0016216480594891001,-0.0016505480583701838,-0.001479989803377004,-0.001600504291608696,-0.001286913119734296,-0.00153267265386046,-0.001480587702810648,-0.001325566289243944,-0.0013216198525229802,-0.001210970514834268,-0.001474993348938952,-0.001190991084184036,-0.0012765248805578719,-0.0013524888313889121,-0.001258516807449244,-0.001143238405082456,-0.001141345577305324,-0.000993511811763732,-0.000941693602267072,-0.000815332007821864,-0.000964240828270336,0.0,0.0,0.0,0.0,0.0,0.0,0.0,0.0,0.0,0.0,0.0,0.0,0.0,0.0,0.0,0.0,0.0,0.0,0.0,0.0,0.0,0.0,0.0,0.0,0.0,0.0,0.0,0.0,0.0,0.0,0.0,0.0,0.0,0.0,0.0,0.0,0.0,0.0,0.0,0.0,0.0,0.0,0.0,0.0,0.0,0.0,0.0,0.0,0.0,0.0,0.0,0.0,0.0,0.0,0.0,0.0,0.0,0.0,0.0,0.0,0.0,0.0,0.0,0.0,0.0,0.0,0.0,0.0,0.0,0.0,0.0,8.0
L06_TOB_UCBPP-PA14,0.3504107386068696,0.34994913651582077,0.39213280834565684,0.44170421612691596,0.49933636773068,0.5554205981426681,0.61041084036656,0.660187034951476,0.695460755951936,0.718133942366868,0.7421364268299839,0.746598492612236,0.7465892662646001,0.7361008366696039,0.7110651573279,0.6676389940452919,0.602863153940728,0.519535027614392,0.42162227091409604,0.3125799639793036,0.2010124936458608,0.0993691807365612,0.033967321879760516,0.01581384583260556,0.01103073361487608,0.00867939970972468,0.00699978470857808,0.00580430687417692,0.00400117304823232,0.003066293402419136,0.00263203092802646,0.0021357555502639876,0.001791427023487692,0.001531993401283452,0.001322302243063056,0.001190133835202768,0.001008464398594468,0.000879331941492868,0.000673144015917504,0.00075426838831528,0.000692540938273624,0.000565534307421172,0.0006406245471649599,0.0006153354843355359,0.0005995290133728441,0.00075604232282878,0.000707359103846256,0.0007539152367325201,0.0008462097606380679,0.000797206368733272,0.000730238756090492,0.000685386783741264,0.000930889496368992,0.00105072205198562,0.0009572396760910719,0.00092525301589576,0.0009170840657200001,0.0010179622285791201,0.000894437935263392,0.0008869483918318,0.000866782375492692,0.000975312249292088,0.00057102918534364,0.000769572411716568,0.00042727589989539997,0.000428358637466884,0.000264037935493944,0.0001195862285170176,1.842541187950468e-05,-0.0003531194468666008,-0.000634116389273716,-0.000635148635450024,-0.00072297905387164,-0.0007155770744726801,-0.000906432661641824,-0.001003459134489832,-0.0010786546360803798,-0.001144382961919716,-0.001017067563909868,-0.001245521408736096,-0.00122835306179176,-0.001256634033479376,-0.001328082633149532,-0.0011813340004214119,-0.000972449653949068,-0.001014119498586896,-0.0008498873430268479,-0.000715116616845936,-0.000705551517302496,-0.000673955335153804,-0.000497151409577464,-0.000412601787155788,-0.0003351523482445544,-0.00021761959719868078,-1.732384361118248e-05,8.821095848550601e-05,0.0002077678166691812,0.0002895539241846184,0.000178756426113716,0.0002654118562011708,0.00041232847060931996,0.000642963442934676,0.00062437950532462,0.000784488613877856,0.000796673596980424,0.000918969193101744,0.001124782391047964,0.001395241265570076,0.0013535772821552442,0.00140858604087214,0.001654141385055336,0.001577272770413076,0.001637180856415516,0.00197337212023208,0.002040792148631928,0.002043710506354508,0.002064897919423608,0.00230545726602392,0.002469716917303852,0.002389942107679424,0.002504322018596084,0.002662659801217588,0.0027350327657943278,0.002745780887477884,0.002986203176633844,0.0030050029192833757,0.003062374828571512,0.0032165362657555277,0.0031792910578629678,0.00322612096046192,0.0035358598293705043,0.003503045112728624,0.0036443211053006,0.003759847096170732,0.00368532743469738,0.003963182078156728,0.00419611426666988,0.004218729870498161,0.003997107772709392,0.0,0.0,0.0,0.0,0.0,0.0,0.0,0.0,0.0,0.0,0.0,0.0,0.0,0.0,0.0,0.0,0.0,0.0,0.0,0.0,0.0,0.0,0.0,0.0,0.0,0.0,0.0,0.0,0.0,0.0,0.0,0.0,0.0,0.0,0.0,0.0,0.0,0.0,0.0,0.0,0.0,0.0,0.0,0.0,0.0,0.0,0.0,0.0,0.0,0.0,0.0,0.0,0.0,0.0,0.0,0.0,0.0,0.0,0.0,0.0,0.0,0.0,0.0,0.0,0.0,0.0,0.0,0.0,0.0,0.0,0.0,8.0
L06_TOB_UCBPP-PA14,0.448165643048836,0.433095869080864,0.462583810730344,0.5015506337115879,0.548832422513132,0.596222562240028,0.641024824634064,0.684954241929792,0.717475177974696,0.734577775574076,0.754175624335148,0.7579338547386879,0.7557390729160081,0.748266247606312,0.72783191248968,0.693659443055844,0.643435513151932,0.57862191698676,0.504332092577796,0.421338346906316,0.33152797736339445,0.2419146247600176,0.16180275444258918,0.1023341433138748,0.07049082300343759,0.0578830471639304,0.0522438843516192,0.047520809126599194,0.025876998877291002,0.020735848981325477,0.01897731171755776,0.01770429319335348,0.0163727863962852,0.01541819630679504,0.01416606644023172,0.0133905857092408,0.01250372033014488,0.01188041078320624,0.01110767190181476,0.0103579401398782,0.00983223842688952,0.00911060163597416,0.00874259442590364,0.008178809670029959,0.00793873686235612,0.00751119989720908,0.0071264113642659195,0.00654107946619032,0.00630143219382124,0.005787668004264199,0.0054763062673652005,0.00513676579448912,0.00485972232673932,0.0045741335756467605,0.00413713520130052,0.004061409904275519,0.0035989935443506036,0.003405512426543944,0.003006239976390192,0.002710255885850884,0.002515840315248028,0.002131593059449948,0.001739741074743392,0.0014844616217954561,0.001133010782493672,0.00081666092550822,0.000607213634186696,5.1326277465392e-05,-0.00032610429072183524,-0.0006044225023241439,-0.001052124383965368,-0.00126080986780628,-0.001485535637792088,-0.001787759948884352,-0.00205374542983418,-0.002379914975715312,-0.0025885513233923317,-0.002736321458744688,-0.0029517193586073402,-0.0029558584654847324,-0.0033612159531702483,-0.003390257448110816,-0.0035745658066801763,-0.003595448583263024,-0.003713910818676132,-0.0037685899303375797,-0.0040309815118786795,-0.0040732784167136,-0.00409535205185164,-0.00414815952028688,-0.004149946635460961,-0.0042466114874214,-0.00443693090375532,-0.0042881868315466,-0.004305309006293679,-0.00438387984132104,-0.00449398680528944,-0.0042616380142952,-0.00447105519017136,-0.00442849307784156,-0.0044849242591096,-0.00458639353667592,-0.00451897668121652,-0.004530131920502,-0.00454468534973952,-0.0046530999676333605,-0.0046330925861013195,-0.00474368179452888,-0.004586507079028921,-0.00471075038088952,-0.00473512671839128,-0.00474275037255752,-0.004651752958666,-0.0045789581287936,-0.00463857082464684,-0.00472642520213864,-0.00489622920627336,-0.00490364755335648,-0.00481560414664432,-0.00488635175249516,-0.00473132593039744,-0.004852960102802719,-0.00491022380229432,-0.004945868857083721,-0.0049860402948491206,-0.00501370428417436,-0.00477799428208004,-0.004774130370584041,-0.00501144117868676,-0.0049517906971266795,-0.00503934982218268,-0.00495346273937676,-0.00493522491256844,-0.0048748823355068,-0.00491494515787324,-0.00490727995239104,-0.004753598764093521,-0.00468361569015232,-0.0048760851500652,0.0,0.0,0.0,0.0,0.0,0.0,0.0,0.0,0.0,0.0,0.0,0.0,0.0,0.0,0.0,0.0,0.0,0.0,0.0,0.0,0.0,0.0,0.0,0.0,0.0,0.0,0.0,0.0,0.0,0.0,0.0,0.0,0.0,0.0,0.0,0.0,0.0,0.0,0.0,0.0,0.0,0.0,0.0,0.0,0.0,0.0,0.0,0.0,0.0,0.0,0.0,0.0,0.0,0.0,0.0,0.0,0.0,0.0,0.0,0.0,0.0,0.0,0.0,0.0,0.0,0.0,0.0,0.0,0.0,0.0,0.0,8.0
L07_TOB_UCBPP-PA14,0.44791879338048,0.479187599654736,0.538789991998372,0.60393913851218,0.6766428856490839,0.7451394222884999,0.809227600296444,0.8724500167719961,0.8942859895745681,0.884837445798932,0.870364491602456,0.8380494843313441,0.7847892196116281,0.713756842172224,0.616260897452844,0.46853585861959196,0.2673759496422088,0.109446295275316,0.0682824482678684,0.0529653434906768,0.0406674934517364,0.03156246151289836,0.02375232396142772,0.01827962093862108,0.01486631933617024,0.0128329978439974,0.01177031817584716,0.01052920704292884,0.0090974126379442,0.00810685074713472,0.00744882681969372,0.00712622359036516,0.00652472031542068,0.00612022855967224,0.0057371803557568005,0.005381248556196281,0.00498835718949392,0.0048538679666762395,0.00445452702290328,0.0043679574758438,0.004176748976726321,0.003858561083842424,0.003667477235137428,0.0034186277851490916,0.003431518465864796,0.003365009069062792,0.003196373326242136,0.003112455372172736,0.003071822262714964,0.00292152477858358,0.002903749426058456,0.002774116130882472,0.002340406472968148,0.002490974442247584,0.002293562492732644,0.00207899665033982,0.002218957074836692,0.001760510967369964,0.001819588471962572,0.001650260676109168,0.00151062783029206,0.001306044668844292,0.001220063780978952,0.000959758334812656,0.000863749405914228,0.000600524569422056,0.000342807858189632,0.0002159960590305404,-7.41216162195344e-05,-0.00019411834095875118,-0.000661490302085164,-0.000840187074714588,-0.00106304147597494,-0.0012354386628294042,-0.001569538329567864,-0.0017128088864064599,-0.001895723839308176,-0.0020291835896965563,-0.002268996422318684,-0.002354961808703608,-0.0024042468919250803,-0.002468139847715292,-0.002455846869888392,-0.002536378614010272,-0.002588481432995004,-0.0026125883068973442,-0.002599680058066392,-0.00259452777017332,-0.002715536015736568,-0.002642019724616552,-0.00256727347012442,-0.002669138425408044,-0.002682679262564268,-0.00261068166268588,-0.00242528934136474,-0.0025732237655718923,-0.00249235558095508,-0.002443591996170868,-0.002674558052488188,-0.0024552356000752404,-0.002419843154244668,-0.002334814752702116,-0.002299939884969616,-0.0022616278369681758,-0.0021458934809356557,-0.0023012144809016442,-0.002135846406414708,-0.0020166068666366563,-0.00219588912646764,-0.002051700006593052,-0.002241908045201948,-0.0019140084988034242,-0.002122484055825308,-0.002132533122768392,-0.00206659552513038,-0.001988348091399228,-0.001914911274536016,-0.00178837270193946,-0.001930645619963512,-0.001989329630043976,-0.00188465014766198,-0.001622449728376748,-0.001654906652779796,-0.001451931954976172,-0.001548658482738408,-0.001606192249165548,-0.00159270319531742,-0.001400691342524684,-0.001439074568430256,-0.001756150110864456,-0.001585651405358296,-0.001443087090484104,-0.00153126247166882,-0.001461248290747268,-0.001472118597494388,-0.00124486145734732,-0.0012385417347277761,-0.0012940195932213921,-0.001267567764754912,0.0,0.0,0.0,0.0,0.0,0.0,0.0,0.0,0.0,0.0,0.0,0.0,0.0,0.0,0.0,0.0,0.0,0.0,0.0,0.0,0.0,0.0,0.0,0.0,0.0,0.0,0.0,0.0,0.0,0.0,0.0,0.0,0.0,0.0,0.0,0.0,0.0,0.0,0.0,0.0,0.0,0.0,0.0,0.0,0.0,0.0,0.0,0.0,0.0,0.0,0.0,0.0,0.0,0.0,0.0,0.0,0.0,0.0,0.0,0.0,0.0,0.0,0.0,0.0,0.0,0.0,0.0,0.0,0.0,0.0,0.0,16.0
L07_TOB_UCBPP-PA14,0.457079455237732,0.47221605800222,0.523518288273528,0.58271715403096,0.649653858057964,0.715105613528872,0.77716439586506,0.8422603471284,0.8730228129923719,0.869704065115252,0.85896997969648,0.830993666199968,0.779318051352772,0.708566772951788,0.610033558175752,0.459761196596264,0.2587410827745768,0.104080116020422,0.0660407985327696,0.0518345821292188,0.0408769410401184,0.03265371577160196,0.025210993074138682,0.018892097302188878,0.0138993624900204,0.01158956656454788,0.0102206799151114,0.00922807711759288,0.00809310234589208,0.007364675812229119,0.00684493183491028,0.006370836257366839,0.005828799457780159,0.00516960180573932,0.004875409048250319,0.0045201701544036405,0.00420210151990736,0.00400144467806008,0.00362422329231334,0.003603774823419976,0.0033722911830259437,0.003124669524908928,0.003084968660443416,0.002813787150121748,0.003000502781420212,0.0027693729106892002,0.0026636065579494082,0.00259867255537454,0.002637564443334944,0.002382435178792312,0.002413000036924136,0.002235893908206464,0.00228185523210856,0.00201788608832384,0.002092759653273624,0.00213502092257052,0.001935927822631092,0.001759358485592424,0.0014483939658065921,0.0016625580554941678,0.001213632128490924,0.00140656534960304,0.001095508038838076,0.000917157450370604,0.000747783789615104,0.00065578425054714,0.00028083475504730684,0.0001102103084043976,-4.76434421745004e-05,-0.0002515439990976128,-0.0007368796708320679,-0.000878926619311868,-0.001218061785278972,-0.001122370735285256,-0.001356354294993852,-0.0015069925810214,-0.001659125828518308,-0.001732700000637068,-0.001921098876102872,-0.001944604722933736,-0.0021013862839393436,-0.002072403528159324,-0.002308276127245772,-0.002409573845566392,-0.0020840618267251,-0.002486795027894468,-0.002405777041351544,-0.002352488628207256,-0.002361185742785676,-0.002195728418009728,-0.002259153354484032,-0.002312918258575488,-0.0022330557684107043,-0.002371465166031616,-0.002195764124725816,-0.002067599437219212,-0.002099731905865296,-0.002046890139785976,-0.002027000846811444,-0.001918166445284604,-0.0018809376439674682,-0.001887375934265948,-0.0018973039577922278,-0.00163153255188968,-0.00173951704086936,-0.001576802976329352,-0.001741346270864004,-0.0014771210368819362,-0.0016264901594408162,-0.0013962847929695,-0.0014463130272087158,-0.001398330766347988,-0.001303423419170372,-0.001276278734095524,-0.001101755107873696,-0.001168445110800932,-0.0010656585917389202,-0.001165127250382164,-0.00119852881622102,-0.001125791527709548,-0.000884880500068696,-0.001027350907028,-0.001069520422504764,-0.001091382624674196,-0.0010237371799060439,-0.000920879491256828,-0.00091383920869154,-0.001088714451035068,-0.000821848974909416,-0.000897857286210824,-0.00095013690982408,-0.000832934930388892,-0.000761901931389568,-0.000775016474513084,-0.0005652925123634999,-0.0007614301791945441,-0.0006992394931102401,-0.0005996420924588,-0.0005699975415078839,0.0,0.0,0.0,0.0,0.0,0.0,0.0,0.0,0.0,0.0,0.0,0.0,0.0,0.0,0.0,0.0,0.0,0.0,0.0,0.0,0.0,0.0,0.0,0.0,0.0,0.0,0.0,0.0,0.0,0.0,0.0,0.0,0.0,0.0,0.0,0.0,0.0,0.0,0.0,0.0,0.0,0.0,0.0,0.0,0.0,0.0,0.0,0.0,0.0,0.0,0.0,0.0,0.0,0.0,0.0,0.0,0.0,0.0,0.0,0.0,0.0,0.0,0.0,0.0,0.0,0.0,0.0,0.0,0.0,0.0,0.0,16.0
L08_TOB_UCBPP-PA14,0.32592440385226923,0.3447247269729424,0.38736912130322443,0.434623520447732,0.490338766386116,0.54289049890214,0.5898778028234919,0.626928399840952,0.65461065495644,0.6665974816448399,0.682080735509688,0.67957448984242,0.658250550233964,0.6409193152921959,0.6149160625631079,0.5780731815529361,0.532621369994272,0.48095323787268,0.43051601427313196,0.3822095850399004,0.32731779935639915,0.26328147246344363,0.1795467591780116,0.0857837199481572,0.01953649003418988,0.00327288987035514,0.000925467795788,1.1085694064944159e-05,-0.00095528486852688,-0.001260162149335232,-0.0015608885699503361,-0.001906746405350612,-0.002089260904435764,-0.002186873722215192,-0.002133724567713664,-0.002347479001378952,-0.002244394815154452,-0.002315470312690432,-0.0023873318771918083,-0.002282474244918304,-0.0021345800369243083,-0.00218228578845074,-0.001969023121750048,-0.001853197382978264,-0.001608206124708168,-0.0016035536168100039,-0.0014436055605223,-0.001273580674484676,-0.001236201105285992,-0.000921239981894312,-0.0007572429977002561,-0.000639033526575976,-0.0005517505781394961,-0.00027647626293405804,-0.0002425178200781756,-0.0001305335395056236,4.60495636955664e-05,-3.5176428222201165e-05,0.00037607841661381844,0.0002016628273315164,0.0002547415220503024,0.00026789918336811,0.0003896655023756056,0.0003274976342984332,0.0002467122223066372,0.0002471724981521024,0.0002910969727020588,0.00015599019084826878,5.52697946153188e-05,-0.000128167850567542,-0.00012975383795076482,-0.00027533097899460517,-0.000523291364193856,-0.00053604937682368,-0.00061499988150884,-0.0008295406603198679,-0.0007101237639455959,-0.0008535911076846801,-0.000894294731759388,-0.0008238177592531159,-0.000763470784108112,-0.00087667820627448,-0.0009420970896980359,-0.000868134625732268,-0.000627398130424252,-0.000676335791027108,-0.000705647743968284,-0.00071699265774676,-0.0005587274363015519,-0.0006395426868057919,-0.000402159049898972,-0.0002091869026760804,-0.0003026757459663208,-0.0007921903067092399,-0.00017181318775024159,-9.31223882557712e-05,1.591933895044252e-05,0.00028982977562118964,5.83751012446684e-05,0.000209280575622884,0.000506112537518576,0.000687841869868228,0.0005960502834893761,0.000697838756920768,0.00101540239219474,0.0011225565702884762,0.001229209715052352,0.001302194540532828,0.001570247767937568,0.001499050614870588,0.0017688859322679959,0.001695540216971248,0.00187001324312172,0.002148188456908992,0.002250029705494984,0.002149873397607748,0.0022961502356250558,0.002411793020995276,0.0025653011604645443,0.002475613082742224,0.002798844458653308,0.00279971120601078,0.002805281058539408,0.002927263001756208,0.00297660487499642,0.0029966798023495322,0.003266232862668916,0.003271114981718508,0.003219629508294292,0.0033657553251022756,0.003408347719829272,0.003674285282568436,0.003798401742604696,0.003741675484999644,0.00406131277207868,0.004223584028067,0.0044081282488287596,0.00427867184220772,0.00452545481207748,0.0,0.0,0.0,0.0,0.0,0.0,0.0,0.0,0.0,0.0,0.0,0.0,0.0,0.0,0.0,0.0,0.0,0.0,0.0,0.0,0.0,0.0,0.0,0.0,0.0,0.0,0.0,0.0,0.0,0.0,0.0,0.0,0.0,0.0,0.0,0.0,0.0,0.0,0.0,0.0,0.0,0.0,0.0,0.0,0.0,0.0,0.0,0.0,0.0,0.0,0.0,0.0,0.0,0.0,0.0,0.0,0.0,0.0,0.0,0.0,0.0,0.0,0.0,0.0,0.0,0.0,0.0,0.0,0.0,0.0,0.0,8.0
L08_TOB_UCBPP-PA14,0.38836939982441204,0.3665337261433136,0.400020768424132,0.441847635850764,0.489727685796064,0.535088470188488,0.5727162648012359,0.603427480924292,0.62874259880408,0.639399098880472,0.6521529030966761,0.6516150086139799,0.6372788024101681,0.619155380889996,0.5962239749718281,0.565969734911092,0.529592173481144,0.48722816261674,0.441853026068944,0.39619955254739436,0.34642302739982117,0.2865659929374704,0.21133338822438402,0.12233643307204921,0.04437673497354001,0.016303422062824802,0.01180762015217048,0.01013104967106992,0.009151372456662801,0.007899299567020561,0.007055679637068079,0.00641839705887456,0.005876031255479521,0.00529169131417636,0.0050870959255952,0.0046827037468824,0.00443777222266052,0.00407307394414764,0.00382874373925498,0.003637946132504716,0.00347283420805946,0.0033770410471546837,0.003283973348610992,0.0029946136879715197,0.002849582320461232,0.002933591641467532,0.0026495182962753996,0.002479013335572548,0.002502513963572284,0.002470449442126156,0.002225177084151984,0.0022859690966786357,0.002177062922068468,0.002145761269954872,0.002154394017151644,0.0018096241808407201,0.001666595078435888,0.0018339566626341922,0.001619530846265612,0.0015228710960415478,0.001530565555279776,0.0014043837448422121,0.001029622647027312,0.001047253290746204,0.0007969216886125,0.0005364056064812241,0.0003218860711760332,0.0001845633355107856,2.131516409763308e-05,-0.00027564270469875,-0.000648796711156992,-0.0008454016850131399,-0.001069315537699796,-0.001159969336502892,-0.0013839442047416518,-0.001564168095924344,-0.001798075493899664,-0.001969634008935108,-0.0020273966730271404,-0.002302237480958144,-0.00220276110823624,-0.002279403768777572,-0.002398199968183056,-0.002442345119059772,-0.0023496107321831082,-0.0024685315295947443,-0.0025048786173076636,-0.002477589444165592,-0.002638512837105196,-0.002399689831423236,-0.00252177773841138,-0.0025336140014882358,-0.00256236166983638,-0.002557083937624376,-0.002506262131912952,-0.0025358588598038316,-0.002617213935226648,-0.002558474867597996,-0.0027555259491752523,-0.002533951328116052,-0.002268344930787744,-0.002276766646374016,-0.002162170577892108,-0.002379786741056828,-0.0020475051886579003,-0.002018720323535616,-0.00203553223786874,-0.002019589748712636,-0.002077671554593828,-0.00193790611484042,-0.001867204315282932,-0.001759370658960732,-0.001708852183289932,-0.001521666710282432,-0.0013592483434280121,-0.001470359738271152,-0.0012837815216478721,-0.001305733987434472,-0.001210803534350956,-0.001299678771086512,-0.001245606258039004,-0.001071734447219592,-0.0011727515277711639,-0.0012056955148886921,-0.000960542437051348,-0.0010798428214276198,-0.00103432519894748,-0.001069482208119956,-0.000932327808842652,-0.001038854667926404,-0.0009960407631665,-0.000935401172309368,-0.0008639409347714359,-0.0007580335169131681,-0.000617543403594712,-0.000376287284842754,-0.000497570894817708,-0.0003102689818385364,-0.0003347086651608316,0.0,0.0,0.0,0.0,0.0,0.0,0.0,0.0,0.0,0.0,0.0,0.0,0.0,0.0,0.0,0.0,0.0,0.0,0.0,0.0,0.0,0.0,0.0,0.0,0.0,0.0,0.0,0.0,0.0,0.0,0.0,0.0,0.0,0.0,0.0,0.0,0.0,0.0,0.0,0.0,0.0,0.0,0.0,0.0,0.0,0.0,0.0,0.0,0.0,0.0,0.0,0.0,0.0,0.0,0.0,0.0,0.0,0.0,0.0,0.0,0.0,0.0,0.0,0.0,0.0,0.0,0.0,0.0,0.0,0.0,0.0,8.0
