,20.492880256862,30.492880256862,40.492880256862,50.492880256862,60.492880256862,70.492880256862,80.492880256862,90.492880256862,100.492880256862,110.492880256862,120.492880256862,130.49288025686198,140.492880256862,150.492880256862,160.492880256862,170.49288025686167,180.49288025686167,190.49288025686167,200.49288025686167,210.49288025686167,220.49288025686167,230.49288025686167,240.49288025686167,250.49288025686167,260.49288025686167,270.49288025686167,280.49288025686167,290.49288025686167,300.49288025686167,310.49288025686167,320.49288025686167,330.49288025686167,340.49288025686167,350.49288025686167,360.49288025686167,370.49288025686167,380.49288025686167,390.49288025686167,400.49288025686167,410.49288025686167,420.49288025686167,430.49288025686167,440.49288025686167,450.49288025686167,460.49288025686167,470.49288025686167,480.49288025686167,490.49288025686167,500.49288025686167,510.49288025686167,520.4928802568617,530.4928802568617,540.4928802568617,550.4928802568617,560.4928802568617,570.4928802568617,580.4928802568617,590.4928802568617,600.4928802568617,610.4928802568617,620.4928802568617,630.4928802568617,640.4928802568617,650.4928802568617,660.4928802568617,670.4928802568617,680.4928802568617,690.4928802568617,700.4928802568617,710.4928802568617,720.4928802568617,730.4928802568617,740.4928802568617,750.4928802568617,760.4928802568617,770.4928802568617,780.4928802568617,790.4928802568617,800.4928802568617,810.4928802568617,820.4928802568617,830.4928802568617,840.4928802568617,850.4928802568617,860.4928802568617,870.4928802568617,880.4928802568617,890.4928802568617,900.4928802568617,910.4928802568617,920.4928802568617,930.4928802568617,940.4928802568617,950.4928802568617,960.4928802568617,970.4928802568617,980.4928802568617,990.4928802568617,1000.4928802568617,1010.4928802568617,1020.4928802568617,1030.4928802568618,1040.4928802568618,1050.4928802568618,1060.4928802568618,1070.4928802568618,1080.4928802568618,1090.4928802568618,1100.4928802568616,1110.4928802568616,1120.4928802568616,1130.4928802568616,1140.4928802568616,1150.4928802568616,1160.4928802568616,1170.4928802568616,1180.4928802568616,1190.4928802568616,1200.4928802568616,1210.4928802568616,1220.4928802568616,1230.4928802568616,1240.4928802568616,1250.4928802568616,1260.4928802568616,1270.4928802568616,1280.4928802568616,1290.4928802568616,1300.4928802568616,1310.4928802568616,1320.4928802568616,1330.4928802568616,1340.4928802568616,1350.4928802568616,1360.4928802568616,1370.4928802568616,1380.4928802568616,1390.4928802568616,1400.4928802568616,1410.4928802568616,1420.4928802568616,1430.4928802568616,1440.4928802568616,1450.4928802568616,1460.4928802568616,1470.4928802568616,1480.4928802568616,1490.4928802568616,1500.4928802568616,1510.4928802568616,1520.4928802568616,1530.4928802568616,1540.4928802568616,1550.4928802568616,1560.4928802568616,1570.4928802568616,1580.4928802568616,1590.4928802568616,1600.4928802568616,1610.4928802568616,1620.4928802568616,1630.4928802568616,1640.4928802568616,1650.4928802568616,1660.4928802568616,1670.49288025685,1680.49288025685,1690.49288025685,1700.49288025685,1710.49288025685,1720.49288025685,1730.49288025685,1740.49288025685,1750.49288025685,1760.49288025685,1770.49288025685,1780.49288025685,1790.49288025685,1800.49288025685,1810.49288025685,1820.49288025685,1830.49288025685,1840.49288025685,1850.49288025685,1860.49288025685,1870.49288025685,1880.49288025685,MBIC tobramycin
Cl-1,0.1967713935267316,0.20407449737615801,0.2125801522383596,0.22191261909025642,0.2318391013875052,0.2419994173948224,0.2519722804647896,0.260445557773112,0.2656027125390192,0.2676146185991752,0.2690554567931132,0.2715921295101808,0.27442378538765677,0.2760533952534136,0.2774048540081592,0.27884709012737524,0.281305217222394,0.28483460706943203,0.2893566455367188,0.29471042624368116,0.300594307577356,0.3067181748641168,0.31356404575146757,0.3212217484398316,0.32860306185262445,0.335388099740972,0.3411877705403868,0.34564139781272923,0.3485077585264992,0.34978288953654324,0.34955058835597363,0.3475978215197184,0.3442730670851896,0.339066960994216,0.33210615057560117,0.3231063804703372,0.31168302083277843,0.2974451207659224,0.2793234182057136,0.2558365784260376,0.22442699760098758,0.1809651610781572,0.1253723692336472,0.0675936720420028,0.03348852383337468,0.0226385756886822,0.01741700387151556,0.01405833691120432,0.012586018074363001,0.01150948335737616,0.01068091181521036,0.00991000503406352,0.00912248926447256,0.008439249946458921,0.00777608453682828,0.00715635496060444,0.00655348245520236,0.0061167925089304406,0.00561929122431984,0.00523448206317408,0.0049188819347626,0.00464149054560036,0.0044073233679117595,0.0041663421906581195,0.003971050048919172,0.003802695509823652,0.0035972258818810442,0.0034018431340224076,0.00322761796199004,0.00299338031604984,0.002722501720944152,0.002501599113058456,0.00226343007536386,0.00207064636172624,0.001933620005191732,0.001816001814031376,0.001720156505704228,0.0016204183944313999,0.00161445774738846,0.001563803711460896,0.001445547986448084,0.001434968356495368,0.001341487954604976,0.001237743924817756,0.001163862495368684,0.001066693232447284,0.00091005521025786,0.000798261945384844,0.000697045294256796,0.000633416093021412,0.00059752241871598,0.000568570901692516,0.000505523522106432,0.00051946576390996,0.0005193777838551879,0.000530635874806892,0.000577802640056968,0.000545863503389112,0.000478034586852476,0.0003709719943106284,0.0003111681778885652,0.000230560858382906,0.000150932559434928,9.27847719679436e-05,0.00012974365255418398,5.35734624004236e-05,5.02963660086056e-05,4.109345492104e-05,0.0001096462894097432,0.0001304420219639976,0.0001994071031842832,0.0001032725578059292,0.00011829501789088801,4.4090420748162005e-05,1.307217240428736e-05,-9.37615338879376e-05,-0.0002321258175242828,-0.00022152503304798278,-0.0003011544045709396,-0.0003252631925943708,-0.0003437123822417616,-0.0003017050476042584,-0.00028914425740883597,-0.0003152186351183352,-0.0002486669487249972,-0.00021128217266142,-0.00013872505593107758,-0.00016986516735701198,-0.0002417490536187128,-0.0003089825980267908,-0.000434458656631392,-0.000603307775014072,-0.00076365381403266,-0.000880302922836848,-0.001032815739391872,-0.001120558075340656,-0.0012444210295695921,-0.0012419576725982559,-0.0012678360386552921,-0.0012054435299101401,-0.001094372224110556,-0.00097557327021424,-0.000907518413385508,-0.000741555804556596,-0.0006330767127864,-0.000563982101110352,-0.00048766747929979197,-0.000455425065662308,-0.00038966056286541764,-0.0003539478186766156,-0.0002478147759411944,-0.00017200495607225518,-7.372591979330199e-05,6.11652677702804e-05,0.00018525649515901559,0.00025296659904490085,0.0003524061668789476,0.00041497128842165996,0.00045317636431714396,0.00043540799454402,0.00038088471614909517,0.0002724965224954904,0.0001906922444636068,8.33120276142276e-05,9.222690653187199e-06,-0.0001739828899734048,-0.0002475120023978876,-0.0003631401230553268,-0.000480940740633092,-0.000513321812817992,-0.000577660582461204,-0.00059682328049178,-0.000631302925031616,-0.0006830166487191999,-0.000765599979258956,-0.000878898536303532,-0.00094411107877702,-0.001179260760635368,-0.00122408942620408,-0.001394203814717032,-0.001403575278691304,-0.001422728265211288,-0.001448119505522512,-0.001391117630311776,-0.001304276710016556,-0.00117926286057192,-0.001091556852086744,8
Cl-1,0.1746148143408872,0.18429328494797598,0.19458806547692759,0.20493479853380359,0.21546221439232638,0.2258718799043452,0.2357759594713104,0.2442833032889396,0.251076795906178,0.25549367216676483,0.2595165625756684,0.2637710179689584,0.2675233535899252,0.269110194721074,0.27146986431762676,0.274942624341752,0.2793662445187764,0.28461838973801956,0.2902964063655252,0.296427054640662,0.3029923109591736,0.3102727469963064,0.3182377810982704,0.3259056794343136,0.3330868865878024,0.33931617379823636,0.3445659126344484,0.3485392116797884,0.3510777129782568,0.3520339576839212,0.3513455861418932,0.348605774983428,0.3437517643698464,0.3360929195471152,0.325315906698054,0.3104153538980616,0.2909373646751656,0.26447117093071276,0.22716491247531478,0.1767883056960036,0.1171430151727512,0.0609756887104844,0.02958935443880104,0.01925479655497944,0.015402880922000721,0.013505428229071841,0.01214603975509944,0.011142819898721599,0.010329089079287,0.00961601657898076,0.00902435036895276,0.00840100049857756,0.007874947012301,0.007313355641505,0.00674460705695644,0.006265597659165041,0.0057468277963718005,0.00533610223929264,0.004943620535298079,0.00463426176870848,0.00438363690618104,0.00419624957440964,0.0039873011853040685,0.0038588162134136723,0.0037081680435317923,0.003649276909179752,0.0035374223770319843,0.003366033983399916,0.00319277647889248,0.002938561443990228,0.002704552039471652,0.0025106857020468078,0.002266628898907564,0.002023985566172392,0.001912515913277808,0.0017693485871122842,0.001703366894257976,0.001655511673572876,0.001697578258091024,0.001676322302264528,0.0017051839082728479,0.001681857870179696,0.0016546487654500478,0.001571913179986148,0.001491190791026384,0.001350087159116024,0.00126005901369456,0.00116291836316336,0.001090047716011696,0.001032713791854952,0.0010287630473502282,0.001062940627347776,0.00105017249729152,0.001121995095915772,0.0011685013519704718,0.00128324240543842,0.001239797067521088,0.001261513702104452,0.0012182163608947681,0.001185763586652472,0.0010880482796342319,0.001067929497006092,0.001058041691166964,0.001011123299232784,0.001015081018238092,0.00104269206999476,0.0010526397594848081,0.001093356915241632,0.001155218613177556,0.001241743791357576,0.0013083664196203919,0.0012878390564744799,0.001328094068563316,0.001199053604497232,0.001159737840893084,0.001044627836362936,0.0009846996708808239,0.000971622447254308,0.0009038150328734,0.00092505373225204,0.00094496273276038,0.001019480476014764,0.001089312770851404,0.0011307942433366521,0.001226067545773324,0.001316698070627484,0.001449706124211904,0.00150664548379898,0.0014453868517140401,0.0013243605927914961,0.00122219510522462,0.001030668618554008,0.000884230826830524,0.0007369593287613519,0.000592590276254776,0.00054408042579672,0.000453306630628124,0.00045964088731684796,0.000484947532033028,0.00057917462375966,0.000665930632557448,0.000789113296105304,0.0009733942239815881,0.00108901023495552,0.0012244801099463721,0.001254578649421172,0.001371534403228144,0.001403871436405328,0.001372517258490736,0.001475834092462476,0.0015437538216304082,0.001663465863862072,0.0017211356259358278,0.001754810332236712,0.001841164490493512,0.0019144244958799398,0.001961058903697296,0.001968592174980488,0.001958808934027044,0.001903525086283,0.001757754330833216,0.001597940730560008,0.0014190028174588681,0.001215062570476136,0.000962564085524304,0.0007534097875382481,0.00051939703623928,0.00030729772493138044,0.00014353323270189518,-1.168419679838004e-05,-0.00012509182803784242,-0.0002896005520629772,-0.0003786040767053408,-0.000496470274909116,-0.000696248982382872,-0.000875036048060496,-0.00103247503651042,-0.0012984717877392,-0.0015317166133211998,-0.0016696844593101282,-0.001777789328668092,-0.001936921211432568,-0.002063579013969408,-0.002034664174576408,-0.002000223308088448,-0.001918417943833748,-0.0018401811997201681,8
Cl-2,0.1806455499308524,0.1916342282443924,0.2038169114073412,0.2181947825353504,0.23241480122128919,0.2438221962864012,0.25178668503553003,0.2577756813459664,0.26068608155033796,0.26167377440335043,0.2610217161550256,0.2590128623515332,0.25619901985125476,0.2520831072543404,0.247938412613986,0.2423658391301104,0.2378836076578908,0.2346811352741132,0.23380783129727642,0.2352555939033536,0.23736142732398802,0.2400436533549832,0.24316790687765918,0.246176212249744,0.2495665692838196,0.25348429620444757,0.257497570350628,0.2613048775973112,0.26467520119750243,0.267377598684228,0.26906160130772044,0.269540169572226,0.2685302374307648,0.2662144204161424,0.26310970474267037,0.2605064647156616,0.2585644605127352,0.256127430789066,0.2526618504640208,0.24822123169962917,0.2423912665315284,0.2350272606347464,0.2258146408749388,0.216001760633106,0.205945586731194,0.1960663357952904,0.1864630595097136,0.1769658752172556,0.1673503846250776,0.1574578002752356,0.1475202443893928,0.13741325823208642,0.1272567448562516,0.11719725672201,0.1073383804646172,0.0976179841972684,0.08801688366780801,0.07846851309890561,0.0689663053633552,0.0592729097045952,0.049016690907333196,0.037738714001757524,0.02486196340652616,0.013492591178612161,0.00770071889186304,0.005482963171418,0.0045894076166814795,0.00400076373890412,0.003588443577184628,0.003268207310566188,0.002922657344251832,0.002642816789792528,0.002354485841407056,0.002083119440982508,0.001765867285882952,0.001453534598593728,0.00123001612076522,0.00097934555013618,0.000719760913908616,0.000516006987212892,0.00031830845011609636,0.0001221491071093392,-3.947478542725096e-05,-0.00015967089929693439,-0.0002433341183008092,-0.0003603603466092476,-0.000394475751893456,-0.000426824927835792,-0.00047592389636756,-0.000491923734918224,-0.000493761539883816,-0.00054136015531916,-0.000502507470409428,-0.00047067007348565996,-0.000474408095756668,-0.00045404709301618,-0.00040720832396275603,-0.000413638641962248,-0.00042489936092908,-0.000418004116393128,-0.0003468324091396556,-0.0002871040106687248,-0.0002885965781264172,-0.0002147216473404052,-0.0001959246017305276,-0.0001496199720436,-0.0001172490787958336,-0.00012382287864220838,-9.89406336003148e-05,-5.0827657308432e-05,6.0420442223846396e-05,1.7761866429994758e-05,9.58641699153392e-05,2.4683337018660037e-05,-1.0049283713659038e-06,-9.50892789962252e-05,-0.00011038855583057159,-0.00018427398859967761,-0.00019904957624733842,-0.0001652472352092212,-0.00012731229465932282,-0.0001318809607950312,-1.828099172792048e-05,4.09034047230692e-06,5.3782723206876e-05,0.0001469764610232788,0.000204516227178314,0.00032205130693290716,0.000424812461413488,0.0004922896599836439,0.000592669091897992,0.000639914000535528,0.000667454706941552,0.000718618717283044,0.0008104343199631719,0.000889736758880872,0.000934609216417004,0.000935638930094944,0.000974120661988484,0.000937286355750332,0.000978856529822652,0.0010169039321134441,0.0009436643892199,0.001062599240796732,0.001073137528535856,0.001079793420629608,0.001125242040017212,0.001188093726377272,0.00129608294558754,0.001361842851308092,0.001477783136548504,0.001585348625678992,0.001758147551823088,0.0018642153472099722,0.002029504387625356,0.0,0.0,0.0,0.0,0.0,0.0,0.0,0.0,0.0,0.0,0.0,0.0,0.0,0.0,0.0,0.0,0.0,0.0,0.0,0.0,0.0,0.0,0.0,0.0,0.0,0.0,0.0,0.0,0.0,0.0,0.0,0.0,16
Cl-2,0.1875227833905,0.19931437846278602,0.21213436503567681,0.22615342590812199,0.24090510406,0.2525705687008612,0.2634419239479756,0.2732395297912248,0.27651169258942243,0.2761477884899684,0.275002735172218,0.27188234557931995,0.2673988258068784,0.2611750947343424,0.2520170018516268,0.2424366588398672,0.2363805579550968,0.2328783850449688,0.2316903110056976,0.2333589018883196,0.2356859620349588,0.23804243276020678,0.2408179280613392,0.2435990058634312,0.2467064607584644,0.2502320614120156,0.2542763447108472,0.25838565764441923,0.2622947364720664,0.26572353782833963,0.2685336239471092,0.2706284546588356,0.272098867633424,0.2727376462097036,0.272620890669968,0.2717573889345396,0.2700578671442032,0.26749481548757437,0.26393871929714996,0.2591382698239148,0.2532378746128116,0.24599156368349678,0.2376931755429892,0.22833522273991802,0.2186911769225036,0.2089532298064752,0.19907969350665,0.1890935264768176,0.1790323879750316,0.16903146086381,0.1590300891191616,0.14912721525470202,0.13919627964804038,0.1293714532361208,0.1196517961233864,0.110126995863584,0.10071168458544401,0.09140595948619401,0.0822166957637684,0.07287981676785521,0.0633748293246128,0.0534973347536828,0.0427222315684,0.03092772206255636,0.0203522542103618,0.0143358251397168,0.01164906025432212,0.0102826934460266,0.00951393391587276,0.00888986969023948,0.00837500219714916,0.00791668058384012,0.00749053800126784,0.0070100608041794394,0.006558236315884361,0.0061087059680088795,0.0057530510184616405,0.00533257344036168,0.0049475737361270805,0.00462557235855344,0.0042920849751603195,0.00404225879880368,0.0037735488434802763,0.003484565669987344,0.003342084668249016,0.003165712770389248,0.00305997833632488,0.0028586140370294084,0.002747576692182968,0.002648586284844068,0.0025471432241436476,0.002495605321885772,0.0024470411405516403,0.002416099816488756,0.00232502807826762,0.00229709240076996,0.00229117298957594,0.0022664156187582082,0.002214964430867336,0.0021712473659173163,0.002135155331458996,0.002133524804963548,0.00212628947474954,0.002137596734212876,0.002102929192268344,0.002083241359887912,0.00208489579962882,0.0020999864105840918,0.002096151648839376,0.002020721182371476,0.002113491029689996,0.00207120408077316,0.002076893698339748,0.002023776994188872,0.0019048788201874041,0.001727367579329388,0.001619618030727704,0.001515688138795992,0.001486227408850124,0.0014385029849753078,0.001459301836418328,0.0014371946756984,0.001529094385466876,0.0015191422964577399,0.001548884299109412,0.0016352027723267799,0.00167407686603152,0.0018046789803946239,0.0018379187234235,0.001950542247279584,0.001994629515859088,0.002004364471124424,0.002060462792832356,0.0020770148018989677,0.002148010058060844,0.002222056041070668,0.002219064781540124,0.002293355494608596,0.002227912422963944,0.002234760851549764,0.002254741983720776,0.002259650145973008,0.002186972611543856,0.00221782378365904,0.0022008025333182563,0.002183237770182112,0.002218191786269796,0.002321704097831408,0.002291293548533016,0.002432917595907968,0.002559759309619304,0.002606658069120472,0.002791802588553876,0.002924854371195644,0.00305414563359148,0.0,0.0,0.0,0.0,0.0,0.0,0.0,0.0,0.0,0.0,0.0,0.0,0.0,0.0,0.0,0.0,0.0,0.0,0.0,0.0,0.0,0.0,0.0,0.0,0.0,0.0,0.0,0.0,0.0,0.0,0.0,0.0,16
Cl-3,0.3876786110968412,0.44981846045254004,0.526263354081576,0.611833185569288,0.702423557368352,0.752415698715608,0.8281016544862121,0.9030503402416079,0.883132700864684,0.8325153392344801,0.79418141907998,0.741844642645052,0.66435033825096,0.525867236448968,0.3192900143431092,0.13496948581936918,0.0639955541435656,0.0497107717472452,0.0444944720661832,0.0422421511210556,0.0408789353826556,0.03993280984899384,0.03917341146580524,0.038594022515010235,0.038206039241922805,0.03799678271284828,0.03773555731267328,0.037605494813646556,0.0374450127760362,0.037389364819434154,0.0370866531236924,0.03682636571697116,0.03638597692453644,0.03591135268935496,0.03531059614844088,0.03463113494197956,0.033995212974660606,0.03325851736117236,0.03243951468395368,0.03154632661452092,0.03053879756607368,0.0295840626349476,0.02857084950745532,0.027441418006983083,0.026457225382097882,0.02551594142849644,0.02453350594463984,0.023550592356028438,0.022638170344723922,0.02178874355061948,0.02099517918621504,0.02023594271574956,0.0194689749325694,0.01874402701606144,0.01798716810519752,0.01735275461785532,0.01661865540201788,0.01594363158867156,0.01519687924660648,0.01445923081388492,0.01363937158826588,0.01277777795692968,0.011808470720876001,0.01085426219698172,0.00985672895861168,0.00892088113974444,0.00825676635741024,0.00787362969087096,0.007764579481851839,0.0076294952527624,0.00751768128022716,0.00736499802983092,0.00722380489935784,0.00702619333956084,0.00686173838408652,0.006612026341710559,0.0064085698272020805,0.00618383550420532,0.0060050616035398794,0.00579199389527828,0.00560271463202784,0.00544116453671256,0.00530386930962808,0.0051455923944743595,0.0050632895982124,0.004995159657079961,0.00490564964196708,0.0048345287421822395,0.00478788132507516,0.0047134176738792,0.00467018480559196,0.00461135189077852,0.00460388066206696,0.00457785716903096,0.00452713860223764,0.0045173725681542,0.00453844911148376,0.00449172488387404,0.004440263865205561,0.0044442171448492405,0.0043914503665374,0.0043646438040024,0.00435330351999536,0.00433179167940404,0.00430512980003004,0.0043196882619784,0.00424165128876144,0.00418819697304924,0.00419012770746492,0.00413944190048788,0.00419330567471004,0.0040227907188918,0.003966456916167736,0.00391996467730392,0.0038243139797033998,0.0037352071711491243,0.003625820545000992,0.003491587872658652,0.003342841345716072,0.0033428213060277758,0.003353428903265468,0.00328086295853366,0.0033120227105097643,0.0033740616931069362,0.003393203585162924,0.0034415057075365,0.003478303110867316,0.003521116851449376,0.0035445262175431724,0.00352448968619486,0.003586657655488888,0.003589186900897256,0.003611743715656584,0.003661658981452312,0.00366968899200988,0.0036849847781893603,0.003655462034359676,0.003606537519284892,0.00365949854653658,0.003579464245053792,0.003590207065586968,0.0035048265358395957,0.003460115509880172,0.00346237652742128,0.003430496994404028,0.003419089799138936,0.003434065409835076,0.003458209384554492,0.003493721099081552,0.003533916584806852,0.003581728553938396,0.0036934387038358397,0.003801471183520564,0.00393607033986218,0.0040367666850806404,0.0,0.0,0.0,0.0,0.0,0.0,0.0,0.0,0.0,0.0,0.0,0.0,0.0,0.0,0.0,0.0,0.0,0.0,0.0,0.0,0.0,0.0,0.0,0.0,0.0,0.0,0.0,0.0,0.0,0.0,0.0,0.0,4
Cl-3,0.34915444050688804,0.40513979244467996,0.472760313070908,0.553179701814748,0.63462006466626,0.698769258947172,0.770309236557092,0.839156855602492,0.8368393784831241,0.799465524293988,0.775881313261068,0.7472261381261159,0.71002293976384,0.6576965045801281,0.5835800351666001,0.462902019771864,0.2926999609367576,0.14041676842650758,0.0711633183360416,0.053721879420146404,0.045127579153968804,0.038700708515515436,0.03561808513701796,0.033879626167569885,0.032354639524143525,0.0310269168867696,0.029833638472277803,0.02886190783284932,0.02799603235370396,0.027125939528859198,0.02614739371522308,0.0253822200373134,0.024510308964480563,0.023630347471062643,0.02276416602441064,0.021829886438295962,0.0209996593098486,0.02011807983776964,0.01922694775192284,0.01830191222193412,0.017347383673456878,0.01636906011619196,0.01548632162337968,0.01464826684097328,0.013791341929572199,0.0129127274283864,0.01211377110228988,0.0113179900001674,0.01070049872497096,0.010050876412826159,0.00944967900786816,0.00894778393264436,0.008499104884285319,0.00800427953127352,0.00754014291240932,0.0071008044779914,0.00666302635303372,0.00621301554315268,0.00571670193234508,0.00520154286422688,0.00462944242578636,0.0039008422333665763,0.0030921945257509358,0.0023327539935391202,0.001862929631581296,0.001485791901788048,0.001315732974110852,0.001132696561256168,0.001003299422733424,0.000872994062527544,0.000816031910539756,0.000739611107064432,0.00066124076337076,0.000545225086662996,0.00040057352302722,0.0003422803908630048,7.17408544247832e-05,-8.57121171131548e-05,-0.0002269376160678768,-0.0002766615537690004,-0.000354117258022488,-0.000548061251243612,-0.000631146042039852,-0.000696397115271276,-0.00062672440593884,-0.0007127892569333721,-0.000754425643344216,-0.000795582997417196,-0.000746929551683908,-0.00075931552736408,-0.00070133761702658,-0.0007054037919179121,-0.000662886598793524,-0.000616098363811748,-0.00058539773080738,-0.0005449642995373601,-0.000561130551855636,-0.00051924254730474,-0.00050618286859314,-0.00044423434704112804,-0.00044393693201753197,-0.00040622474320495597,-0.00039791054153452796,-0.00035174049649223997,-0.0003185956984742784,-0.0002433912261324128,-0.0002672638125115568,-0.0003047900592543584,-0.00019134125185473199,-0.0001987437378637732,-7.11313094482532e-05,0.0001504696561336936,0.0001555109688248208,0.00011318376259918,1.5861719870208758e-05,-9.14929906836624e-06,-5.1483773919601597e-05,-0.0001742075390064452,-0.0001716588541171132,-0.0001762017435754296,-0.0001825395616283664,-0.0001364406009086612,1.314829337887932e-06,-2.761456467075988e-06,2.659564506668728e-06,0.00017263631421036242,0.0001891396194293028,0.0002430233637297956,0.0003522811743277264,0.00046236072672997604,0.000486110599701888,0.000592628476156988,0.0006116170525709361,0.000673742510140396,0.00071423550232462,0.000768943615715696,0.000768259401616436,0.000813457743488732,0.000829862541592636,0.000853514129645208,0.0008688483848241,0.000873185465835072,0.000782886101238672,0.000894388059798996,0.00091034821713192,0.000914112351533512,0.000965209489810432,0.0010080789286693922,0.001062930983274344,0.00112813283004688,0.00119232086156108,0.001329798310857112,0.001461274694423292,0.0016478792530029121,0.00177863632283266,0.0,0.0,0.0,0.0,0.0,0.0,0.0,0.0,0.0,0.0,0.0,0.0,0.0,0.0,0.0,0.0,0.0,0.0,0.0,0.0,0.0,0.0,0.0,0.0,0.0,0.0,0.0,0.0,0.0,0.0,0.0,0.0,4
Cl-4,0.3331977746164052,0.3694148520535588,0.41339445561196403,0.466241359113392,0.524886428247692,0.590204748774124,0.6487627554749601,0.686899644181164,0.717421643701348,0.7497889740219319,0.762560489827264,0.7570637388295159,0.7460089301767641,0.7182826911056399,0.6870272090763679,0.661799347271976,0.6315572993460159,0.5845353194023599,0.501595262302172,0.3614476755371828,0.1949863280459328,0.077120175817396,0.0509180645635512,0.046281823078140806,0.043509949391113203,0.0406343234948316,0.03898634687896196,0.03732573365450272,0.035648131938748474,0.03416129598954472,0.03270177627777568,0.031426978233534,0.030266029469177,0.02913490624483832,0.02794693775209452,0.026786216393698,0.0257533829452036,0.02473151708561416,0.023654380281236162,0.02261874093971544,0.021576975322843802,0.02045988117720804,0.019385772856445802,0.018330607086089242,0.017325063726008883,0.0163750412419142,0.0154655529199366,0.014548498336548438,0.01378701455526484,0.01303547020175144,0.01232404892752216,0.01171848062656448,0.01108287458468444,0.01051912852333564,0.00999536802272012,0.00951969406860656,0.008972538937392279,0.00845323110440504,0.0079853994357338,0.00745793365976224,0.00689609144371504,0.00630169606364488,0.00569573831346028,0.005184408976146,0.00473300850244892,0.0042591063895358805,0.0039089277203245235,0.0034591211794789438,0.003039198088472524,0.002631609129938496,0.002379347091952944,0.002227270866015692,0.0021220786638195717,0.001971705014130904,0.0018485946072705319,0.0016554223985641321,0.001474667807112352,0.001339110721176176,0.001120941868166112,0.000931286502335524,0.000824526881266012,0.0006630024154874799,0.000545470679914932,0.000492246727560752,0.000437134642126996,0.0003727613093043432,0.0002962618090471824,0.0002784455815153184,0.00027041713898028443,0.00021751843568816202,0.0002571524277948556,0.0002474083666261864,0.0002693184482224128,0.0002673291015559612,0.00030662995736667356,0.0003029378352769248,0.0003136001935003392,0.00032446221812844323,0.00036520311330870756,0.000458351764954056,0.000440371249446288,0.000437049421857924,0.00040826279114432003,0.000462021160554452,0.00049690231648542,0.00048277316149251595,0.00048099524342301196,0.0005409814695385,0.0005647675603785321,0.000582000474435356,0.000677795271511248,0.000605624452584556,0.000591478760708584,0.0005348902638895801,0.00045147562190712,0.0003376773755371592,0.0003183769287708368,0.0002370517666899592,0.00016044619714134962,0.0001346021164209692,0.000146061860285952,0.00015044840084043758,0.00027400363340850396,0.0002954686858864244,0.00037670338021624,0.00042736344783882803,0.000555742583825784,0.000575114981300304,0.000702370151845484,0.000736401150805352,0.000801667429308116,0.000907978642151384,0.0009149552618622319,0.0010049058498513598,0.001042004949676848,0.001040818263677436,0.001054690785607668,0.0010537621947520961,0.0010932677205533641,0.001051661050520232,0.00110190906114958,0.00111369149937566,0.001050934665058788,0.0011125443324204042,0.001073344618672176,0.001096275867870052,0.0010962296100073521,0.001168761875321056,0.001230609003097948,0.00125860327978044,0.001399179683654676,0.001535579864046132,0.001603944267859688,0.0017475342214968762,0.001917324129404568,0.0,0.0,0.0,0.0,0.0,0.0,0.0,0.0,0.0,0.0,0.0,0.0,0.0,0.0,0.0,0.0,0.0,0.0,0.0,0.0,0.0,0.0,0.0,0.0,0.0,0.0,0.0,0.0,0.0,0.0,0.0,0.0,16
Cl-4,0.27976854301726123,0.310572716961516,0.35032061891190436,0.400058974046548,0.457504993055524,0.519475510492732,0.579806595109924,0.632065364628088,0.6725260606468201,0.6994857276909441,0.7240256146316321,0.72943676721878,0.721017079748004,0.7024545104804759,0.67843087315684,0.65269769720958,0.6183335599339319,0.5475002926706399,0.39893043242183396,0.19655343090520278,0.0625861677002176,0.041258739247997604,0.0379809381260486,0.03619253011048376,0.03497587316073948,0.03393345817763584,0.0329886402700674,0.03226263325962344,0.03150788517845788,0.03079159431969892,0.03010428357292864,0.029477134946260003,0.02889418944086508,0.02834058521992664,0.027750887930375237,0.027069326653931,0.02644570618884784,0.02586102264931792,0.0251961040301492,0.024515975873884318,0.02379632121945724,0.02306378454143124,0.02233964972020484,0.021576588973558842,0.020857169241888643,0.020020194995932522,0.01934971701590132,0.01868523362553736,0.01797096190334112,0.017388367104524717,0.01682248591427256,0.01630604260470308,0.015833481744701762,0.01536407174830324,0.01497065038487352,0.0145561787454976,0.014084987660890199,0.01375739385519292,0.01331150579141184,0.01282581930057984,0.012340905435821281,0.01181685851161628,0.011394033850720079,0.01090503013680752,0.01050580980772684,0.01005562011043836,0.00959828686591576,0.00912689749196316,0.0087213001623872,0.008431556024884759,0.00824171169063256,0.00809617559799084,0.00794265648720044,0.00772285684723352,0.00752788601058704,0.00721555038901836,0.0069723030379354,0.00676363949711496,0.0065189586690252,0.00631379301314176,0.006159445182123319,0.00593878705426768,0.005773281114279,0.00560984459358764,0.00545987672022008,0.005358673210836481,0.00517631675007588,0.005176243521749439,0.0050885029662108006,0.00499947314801796,0.00489312022210912,0.00478420744621928,0.0047164430336636394,0.00470421309629612,0.00468926048287132,0.00463114407784964,0.004590809488312,0.00454018707766548,0.00445154081668416,0.0044616544378572,0.0043885138296598,0.004372829282672399,0.00427698635167824,0.00421619079587452,0.00421127319414276,0.0041909733199278,0.004176329903305281,0.0040954974929456,0.0040201546897439605,0.003991249410888488,0.00402203572304812,0.0042499953218276005,0.00424411709259356,0.004095897020152319,0.0039404526872539045,0.00378615600050968,0.003631818313081292,0.0034815592103997002,0.003371529034364684,0.00325924566033388,0.003251695741561312,0.00321298351490688,0.003245804448180468,0.0031732151919487877,0.0032427292591853322,0.003238125937098092,0.00331495921980712,0.003310599375790692,0.003347359575049948,0.003415276102636852,0.003437656627420372,0.003435737841898504,0.0034226385745084282,0.0034799931283766477,0.003464223646141104,0.003452491217054908,0.0034639428652664043,0.003390188042558936,0.003301207122568252,0.003301557051518652,0.0032904164294885636,0.0032570223069831,0.003134143679491184,0.00315815972411568,0.00311319821017162,0.0031157748196897683,0.0030707405582370718,0.0031064211376529757,0.0030766489302653517,0.003155294998178488,0.003202961019806548,0.003280737298801856,0.00338945100059396,0.003534230668391564,0.003660753718477908,0.0,0.0,0.0,0.0,0.0,0.0,0.0,0.0,0.0,0.0,0.0,0.0,0.0,0.0,0.0,0.0,0.0,0.0,0.0,0.0,0.0,0.0,0.0,0.0,0.0,0.0,0.0,0.0,0.0,0.0,0.0,0.0,16
Cl-5,0.537497026161696,0.6110135839690359,0.692671785614132,0.7823743884605561,0.87737063382534,0.958995018331084,1.00977234573918,1.021223027884388,0.989984200288532,0.932744564550352,0.856195658841876,0.77020403279466,0.678951889154816,0.579042030836012,0.467965289518088,0.346907580539482,0.2273443310124692,0.12790630721521,0.06822420822488959,0.0475281573467528,0.0408291400336864,0.03777711030820796,0.035649238113821397,0.03393524155240904,0.03233644192116328,0.03087118567384884,0.02951651745586732,0.028370631198061002,0.02718615734157852,0.025967708215608842,0.024733385262153518,0.0233785357374858,0.0223637996572004,0.02105917577644692,0.019917530247323557,0.0192325979093272,0.01864674560158976,0.01817192774464556,0.01761057925972912,0.017201459087595437,0.01670449601249716,0.0162713665733798,0.01577015474891524,0.01535235579509616,0.014878594824272201,0.01449595050110468,0.01425756450638332,0.0141213215739846,0.01397839359337684,0.01386903364568692,0.01388971016980636,0.013885908601450881,0.0138882683260544,0.01378124899326156,0.01371214441240452,0.013556178393555919,0.0133039890773398,0.01274834255407708,0.01201665421395032,0.0111958675788102,0.01055562630144056,0.010248018277980959,0.01006738009714064,0.01002366893096884,0.009858408287114519,0.0097713945371484,0.00966814846936348,0.00961165054045664,0.00951702499232532,0.00955476903932796,0.00946454048894884,0.009423021838355559,0.009344774467008361,0.009171620465275,0.00906621836976168,0.00889230663206304,0.00882036706766292,0.0086245225039474,0.00849331895800328,0.008321551985848281,0.008205761744332839,0.0080859292244812,0.0079709326610704,0.0078507251999796,0.00775632670012392,0.00769265952896244,0.00758962301935024,0.00754667705025756,0.00749167282702616,0.0074957006654822805,0.00750882253540956,0.00745198113523252,0.0074222929948324,0.00743280197576476,0.00741868624677472,0.0074173423041703195,0.0073460028764446,0.00730200098935084,0.00723536338246804,0.00725000270944692,0.00713172634240792,0.0070749193218277604,0.00699954345023108,0.0069440826717635205,0.00694088534146028,0.00686484640762432,0.00672834062091472,0.0066164065036423605,0.00651864969809768,0.006473536201702559,0.00642649571774356,0.0059888080662368,0.00590766777486984,0.0058057510220462,0.00569008505447228,0.0054532991946526005,0.005306138692545,0.00512036729640104,0.00495310277366712,0.00483458039575484,0.00478226678266204,0.0047213274380375194,0.00467222024466568,0.004556049840275081,0.00454804773313784,0.0045110350152998005,0.004467364540018519,0.00444507985249792,0.00445297074985052,0.0044415815463512,0.0044610935065916395,0.0043898169029788,0.00437734853340832,0.00434930734131708,0.0035158557373410238,0.003279003535966368,0.00331289458775542,0.0032992425866296,0.003234581878154252,0.003224519504927068,0.00316310498766352,0.003167760271421976,0.0030972149325214963,0.00307487039064336,0.00307820515614606,0.003042609309543092,0.002967617728459548,0.0030289985210018478,0.0030338133136040718,0.003073460630784172,0.003158473033798908,0.0031630024322017477,0.0032205549841209723,0.00332229930007104,0.00339607394291604,0.0,0.0,0.0,0.0,0.0,0.0,0.0,0.0,0.0,0.0,0.0,0.0,0.0,0.0,0.0,0.0,0.0,0.0,0.0,0.0,0.0,0.0,0.0,0.0,0.0,0.0,0.0,0.0,0.0,0.0,0.0,0.0,8
Cl-5,0.499751377222208,0.574934329179812,0.6560827934061401,0.74219005806742,0.8399910418844201,0.895697458345984,0.933674159882528,0.946866939641896,0.9250331802273201,0.872059316184168,0.7984663247070201,0.709826909885312,0.612480433862836,0.506977533413124,0.3928578188202056,0.2772020966888108,0.1711587205906516,0.09113983102591919,0.0521911075403612,0.0390448762791284,0.03379520597657256,0.03070344695423448,0.028334171032905642,0.02684706061997768,0.025485620001543238,0.024305836282146002,0.02315669112900784,0.02214071981727348,0.02107347094291908,0.020038881569987597,0.019152494756188878,0.0181609322292224,0.017203513440341277,0.01612580632982416,0.0152160901041266,0.01465939612185336,0.01417617609769368,0.01374896499345976,0.013252811217891439,0.012887810533768279,0.012417627542309241,0.01190515265133392,0.01140455141903408,0.01078715432659324,0.0102013426607768,0.009795127547456999,0.009521579044578881,0.00934205250287372,0.00919325106769272,0.0091678059639816,0.009110490962714721,0.00906594629631024,0.00901643396012656,0.00898609163464152,0.00898257609546804,0.00891412403927308,0.008770918768265601,0.00853487488108552,0.008190724519416,0.00775430687249964,0.0073366573881378395,0.007137479685253641,0.00697073414857208,0.00688555613571952,0.00674433426722908,0.00662416628841396,0.0066145985984521595,0.006595617495953839,0.0065310207994478,0.00654941265655584,0.0065064209144084,0.00640013815381676,0.006349668786267961,0.0062167153074363995,0.0060925248532124,0.00589327289260688,0.005669688936019,0.005454351697533001,0.00523165097170636,0.00499280746073712,0.00482609724220992,0.00469963177646088,0.0045068861861808805,0.00433386249409568,0.00429147589987016,0.00416385778495364,0.00404419850427252,0.00344236418748678,0.00321987570968842,0.003205707371441876,0.00324774594288724,0.003241342282786884,0.0032801640703059238,0.003292018513887812,0.003344949757753744,0.003335543808832436,0.0033786602057704882,0.0034773530280744,0.0034614133109018203,0.003495566510995624,0.003421052846876976,0.0035473132931859237,0.003499909119111868,0.00351244562623088,0.00362176340804636,0.0036079701259583282,0.0035934212058745317,0.003614544540319028,0.003612867547912936,0.003605119975178524,0.003586017295911084,0.0026749278580889043,0.0026543545487055483,0.00256530888076858,0.0023478289203438,0.002226552064622848,0.002046671487374832,0.001901252673911724,0.001818182511159504,0.00174170944781076,0.001727469085786876,0.001677166221949284,0.0014515111529375718,0.001298737138962724,0.001359918589522936,0.001460821948282964,0.00153358491994918,0.00155426145929628,0.001658771151031228,0.001668106005818864,0.001797069000888924,0.001832618407973828,0.001864894642286664,0.00192831682568012,0.001967204975099876,0.0019451548741645762,0.001981964069326304,0.002035364106134784,0.001963587974646124,0.001994353238517936,0.001979429329388708,0.001960626281504204,0.001935365174974264,0.001992025291689568,0.0019922460666436438,0.001993703415831724,0.002062467160397668,0.002109894625979328,0.0021287247869973963,0.002195932094909312,0.0023377240809923203,0.002447362954799384,0.0025728121170345,0.002763725105243384,0.002880359110838776,0.0,0.0,0.0,0.0,0.0,0.0,0.0,0.0,0.0,0.0,0.0,0.0,0.0,0.0,0.0,0.0,0.0,0.0,0.0,0.0,0.0,0.0,0.0,0.0,0.0,0.0,0.0,0.0,0.0,0.0,0.0,0.0,8
Cl-6,0.479616342871748,0.5468344802247961,0.6227288534323481,0.702858283778196,0.796887620844576,0.861574440089164,0.9006929905603,0.93051787484004,0.924513630493728,0.884518794464848,0.818677051802776,0.732535525267852,0.63653008302716,0.534522299725632,0.42610454084354,0.3150474109320004,0.2066088954068728,0.1111581974015036,0.056908901089756,0.0410736481125344,0.03602450661688532,0.033331746041907,0.031013199401280438,0.0291689310175374,0.02733412919039304,0.025610568528967557,0.023989610546589362,0.02258913752548208,0.021344772086259598,0.02027098359743104,0.019195052117652718,0.01821051932258812,0.01728988967060068,0.01638222202973236,0.0155840113626956,0.01491479503906852,0.01430541340557512,0.01379220593782788,0.01318666276317864,0.01265620322233956,0.0121453122899898,0.011580668038380001,0.01100321359650316,0.01042591701841516,0.009830859524584559,0.009290844598082201,0.00888100024860452,0.00859143481646424,0.00833564832595272,0.008113273262145521,0.00798153856053744,0.00781871837840544,0.0076844354946979995,0.00753516182274496,0.00739846891962692,0.0073162338726512795,0.0071964029111273205,0.0070072340687836,0.00672313196855376,0.0064666199651776,0.00617942431937772,0.005944003429139639,0.00570158668550868,0.0055239475106582,0.0053386716282434405,0.00510575018814996,0.00497777415329952,0.004868321941943561,0.0048499869983164795,0.00475587983806568,0.00470248630991496,0.00465440167105132,0.0045725197656203195,0.00448702104011912,0.00430946121715536,0.00412152235753416,0.003996893010206236,0.003791048229860936,0.0036022659597242683,0.0034307556552866042,0.00329275126124714,0.003153074108851048,0.003036358506956404,0.0029329791036193198,0.0028829065752832717,0.0027897688066629203,0.002738400414230072,0.002676046468079708,0.0026091777278326117,0.0026009569540394357,0.002544818117648264,0.002472973292019784,0.002429186416053428,0.0023949614068596243,0.002376172667843884,0.002381118186605652,0.0023700563926868957,0.002433820410786276,0.002362463401238656,0.002394165414519972,0.0024260350262077803,0.002429102554185916,0.00242950881380728,0.00242745992577174,0.002445986577740544,0.002516516638409696,0.002509106631747548,0.002504246619064284,0.0024879469714796797,0.0025216403728446084,0.0026085921123973,0.0025498143336656,0.00260487457402884,0.002547780195377868,0.002438088159992568,0.002333142983845004,0.0022624880580300443,0.0021965791402531482,0.00211986396392644,0.002068663566828932,0.0021303726920729603,0.00210817788573542,0.002197986372087132,0.002184121511809988,0.002219783786161816,0.002286472682554252,0.002338782170078644,0.002409741906815512,0.002472550027476812,0.002514914272182768,0.002555597046568336,0.0026261546954584078,0.00261459893245156,0.002692414844776592,0.002725145491508144,0.0027467974339168803,0.002751701682869888,0.00277380479475418,0.002782781437886556,0.0027749212455310678,0.002712035194903696,0.002756518371915128,0.0027414419513343,0.0027480746776397482,0.002731291048764828,0.002729256920464068,0.002772830220639076,0.0027785068823322837,0.002841523425467176,0.002881851858784644,0.002990609087218092,0.0030732741895176997,0.0032165983149793883,0.003309679629700916,0.003388240225177148,0.0,0.0,0.0,0.0,0.0,0.0,0.0,0.0,0.0,0.0,0.0,0.0,0.0,0.0,0.0,0.0,0.0,0.0,0.0,0.0,0.0,0.0,0.0,0.0,0.0,0.0,0.0,0.0,0.0,0.0,0.0,0.0,8
Cl-6,0.449396422048228,0.515863092169692,0.589923467431536,0.669672853686608,0.75184402447408,0.798717885173132,0.8417384065093599,0.8723608100175481,0.863292961316708,0.823419292199668,0.760121855811372,0.68378088481338,0.600099340997452,0.51048824007138,0.413658810793432,0.3127458099619508,0.2123386913116592,0.11988615151140919,0.0593320624124444,0.040506834418048004,0.035929856497888206,0.03343294047006284,0.03174397620296804,0.030163258516538078,0.02873147585487492,0.02736627684362512,0.026248413406753362,0.02531578887508144,0.0244782484630728,0.02376720294554252,0.02304867899703756,0.022245776852418322,0.02159364886816668,0.02083665248327376,0.02017254085577836,0.01949967851043268,0.0188280403379922,0.01816705287985316,0.0174244436086438,0.01666808561927612,0.01590420504722864,0.01507521510931908,0.01432295309139788,0.01357288987428752,0.01280635912684008,0.01213250434904448,0.01157181725044048,0.01103348588570608,0.01048548063832704,0.01005890948521192,0.009690805554391281,0.00941078010472384,0.00901081231189432,0.008730275333763521,0.00840996340904432,0.0081562109130146,0.00786365507662376,0.00750640635194392,0.00716582732294564,0.00678028232499764,0.00632568766342572,0.00585276460693552,0.00534562950763548,0.00481042399149852,0.00421809022969908,0.003563356613666856,0.003081409001605368,0.002857323240553712,0.00278957053926136,0.002725832818699052,0.002680040795707008,0.0026687738693087558,0.0026122444233243,0.002442523229632232,0.002302359465695656,0.002131407090865356,0.001961977184635904,0.001777566529531808,0.001636262467543268,0.001458538610906344,0.0013125104826774681,0.001178185603609748,0.001118107247271984,0.0010339593530105798,0.000958616111780008,0.000888569931088156,0.000875602999735284,0.0008109845626361681,0.000768223738568628,0.0007810875248584919,0.000760527306946288,0.000736912360272904,0.000738637244333056,0.000684469695116464,0.00068295112325828,0.0006912181797212519,0.000755767989874108,0.000728964056641108,0.0007283667358930241,0.000739298413068992,0.00074486841992904,0.000786775668456588,0.0008368169893159079,0.00080920780676976,0.0008887230341015841,0.00090516168225426,0.0008969300544316679,0.0009150847211634801,0.0009598643858748081,0.000982648858421252,0.00108067321617666,0.001177516611930896,0.001198156336953696,0.001162619524938008,0.001068203321128576,0.000997601044257108,0.00087295407198066,0.000845701489298408,0.000781400954899244,0.000773814435414928,0.0007902120879598839,0.000817299025805528,0.000915315815199624,0.000969403302859392,0.0010630531715749162,0.001131618825902468,0.001177840108695872,0.001301025315570028,0.0014422058586845842,0.001484808486295784,0.001582926451528736,0.001615841627820596,0.00166322528392176,0.001754998402654604,0.001815177670692,0.001892503565721896,0.0019049595654304881,0.001960563413715332,0.0019310952232944002,0.001943890635763648,0.001957218549533136,0.0019740566668201838,0.001926118965009208,0.001996845211812552,0.001972340458674108,0.00196390651884064,0.00200842369499022,0.0020677365624518396,0.002077722232473696,0.002204460464052088,0.0022531624075330637,0.002401086712132744,0.002514898151540392,0.0027356628660528083,0.002876052817230468,0.0,0.0,0.0,0.0,0.0,0.0,0.0,0.0,0.0,0.0,0.0,0.0,0.0,0.0,0.0,0.0,0.0,0.0,0.0,0.0,0.0,0.0,0.0,0.0,0.0,0.0,0.0,0.0,0.0,0.0,0.0,0.0,8
Cl-7,0.1802994720186628,0.18251460530275,0.1858704688586868,0.1887506542452972,0.1965733043406116,0.2050777068539512,0.213044564197908,0.22059371463532282,0.22682560185678038,0.2312511819935696,0.2337779376069156,0.2351828308245416,0.236333082646764,0.2376381620489424,0.2388891634916964,0.23987965611663922,0.2400686262199772,0.2403887267423776,0.2418187045835924,0.2450950066980544,0.2492655908630456,0.2534547082682908,0.2571929726491836,0.2608253743562584,0.2641863413732724,0.267484978101082,0.2710112284991004,0.2745601033606972,0.27771607561343437,0.2796982882234252,0.279593983584316,0.2771288872318752,0.272828822987364,0.2679638644765796,0.2626266077926688,0.2565297672642856,0.24962664741635318,0.2422652696243096,0.2344605015811436,0.2264917518073484,0.21837612223597638,0.210030917343128,0.2018489848676448,0.1933137392445468,0.1850989408015024,0.17676568262792158,0.16866861953649478,0.16079038866951278,0.15308968252252442,0.14572506509156,0.13868658913102122,0.13183368419715918,0.1250674365562604,0.11844731129237521,0.1119826038291004,0.1056771609441264,0.0994390708173476,0.093203221162364,0.0868878836075932,0.0804681811582792,0.0738498046352952,0.06686524686853519,0.0591202822323148,0.0502126254965664,0.03929030286326584,0.026640622837292842,0.0178900420544452,0.0144425434452122,0.01318071944248776,0.01253258862390216,0.01200048245162356,0.01153395844296484,0.01106763577560756,0.010584432881460559,0.01017664835001324,0.009690225368086081,0.009280043756422919,0.00888007123100036,0.00848773053969516,0.00809843753807556,0.00776063753551872,0.00742292021213396,0.007176326032446841,0.0068888738239208,0.006652568362939841,0.00642593627634332,0.0062556559362912404,0.0060771985269298,0.0059340364599724,0.00575779248835148,0.00561404120577068,0.0054620666487952,0.005351410443120401,0.00522294211338724,0.00512587570290708,0.00499293235280712,0.004913388293346001,0.00484379250477104,0.004657579649614761,0.00461541397253852,0.004537442247281201,0.00441089907810124,0.00414436487349872,0.003994091520860516,0.0040890975821656,0.004184682070732961,0.00416001249071788,0.00416212205709332,0.00416362697560052,0.00408070173454764,0.004154365078339201,0.004136649473877,0.00408600777294072,0.003947803637776964,0.003844228178440856,0.003708818615568224,0.003491851172983412,0.0033559092004615677,0.003173624187761012,0.0031026874159871716,0.003091153667520028,0.00305193557924188,0.0030593151635739998,0.003052539612680148,0.003081208884612904,0.00310967132090124,0.003124657952233204,0.0031310599039960996,0.003151506462066376,0.003132425403393464,0.003179385941435812,0.003176843001725192,0.003232004964560076,0.003218651860822904,0.0032087495941136683,0.0031655337093964404,0.003151815863451608,0.0030809048319344837,0.0030814709211938,0.0030294899947107437,0.002960483854784572,0.002890744663405844,0.002843989898934032,0.0028478907383060557,0.002785121392830972,0.002741841897431488,0.00271041319977678,0.0027112985504147923,0.002682443683034996,0.00274713130531998,0.002706548326163056,0.002796467302562524,0.002892587675094808,0.0029612059857189437,0.0030892687103740123,0.0,0.0,0.0,0.0,0.0,0.0,0.0,0.0,0.0,0.0,0.0,0.0,0.0,0.0,0.0,0.0,0.0,0.0,0.0,0.0,0.0,0.0,0.0,0.0,0.0,0.0,0.0,0.0,0.0,0.0,0.0,0.0,8
Cl-7,0.151793823768098,0.15481884705523238,0.158380993349186,0.163614808861726,0.17102765280099,0.17944152540848962,0.18797800904557038,0.1958720086744592,0.2028925954089484,0.20884151473680482,0.2140170423101464,0.2187583221237108,0.2231565647764688,0.22715966122230719,0.23089169008573798,0.234866951433638,0.23906367757498279,0.2429925899095988,0.2468779631963072,0.2509641075189396,0.25533053482081397,0.2591962870170972,0.2628673241672912,0.266447865975058,0.2699404829630328,0.27332020682768476,0.2765597306714884,0.2793137473142124,0.2811017463092852,0.2816714928898748,0.280736235658426,0.27763776723946515,0.27282046583877123,0.2675956473055316,0.26183734847199003,0.255454608065696,0.2486711768584072,0.2411882597913104,0.233098015214714,0.2247715491712784,0.2162847244213,0.2075864949754872,0.198889244866086,0.1902382787424472,0.1815602290070556,0.1728421446111196,0.16441063853026922,0.1562394249312868,0.1482901402596772,0.1405939296082,0.13303116508856602,0.1257436406666616,0.11853374233927999,0.1113144127879004,0.1041806261769008,0.0971118278420804,0.09009355340331121,0.08291060760555079,0.07532991955793121,0.0671537672433148,0.057785845421184805,0.046362725564122,0.032141938809179156,0.02072194278450872,0.01588708757241772,0.01355908378893008,0.01231260506916704,0.01141838081238164,0.01069607861140436,0.01006557039255376,0.00947410742932308,0.00901591659371668,0.00859715877379196,0.0082519518565282,0.00782997957030572,0.00755092655702408,0.00703168297866928,0.00667508818510204,0.00635725879542692,0.0060915897996736005,0.00580662358598656,0.00546158419681316,0.0052025419856794805,0.00499910582169064,0.004915620638365,0.00469408571195648,0.004529987622480559,0.004381640904626319,0.004337875471453281,0.00420122175177392,0.00412306547926096,0.004004874685599,0.0039559506246207125,0.003821895946417188,0.003790076459136232,0.0036934960480869638,0.003605484530286952,0.003573925500282488,0.003453468665227748,0.0034390271425874517,0.003324915461548024,0.003284235782408696,0.003222581297746852,0.003121395711099328,0.0030509479327148078,0.0030476460613698044,0.0029249398396352403,0.0028571697550105403,0.002871246956545924,0.002801603038224928,0.0028690088078750483,0.0031272615831236038,0.0030568173287451803,0.00293557485854518,0.002759483555536768,0.002626786137042144,0.0024687816065662237,0.0022700603464874043,0.0022047627567015602,0.0021280664057839317,0.002090342648264288,0.002097189540269948,0.002132483451209672,0.0021301462770805762,0.002135084787083384,0.0021935425907403682,0.0021797039784953636,0.00225204070572104,0.002332911324412952,0.002417379825241192,0.002394545359326512,0.002462012639938016,0.002468465418975332,0.002510765290073864,0.002505424594827832,0.002509266207884064,0.002539096685538792,0.002533169658177752,0.002491290048420452,0.002493959458711724,0.002421175326933024,0.0023821538416832324,0.002244097539105428,0.002293784136526408,0.002224659908303096,0.002227121551613152,0.002203478985142864,0.002181236771911112,0.0022045447157185718,0.0021217075172124482,0.002151705672990192,0.002230045075840684,0.00233803150465628,0.002515073596067376,0.0026425330239176403,0.0,0.0,0.0,0.0,0.0,0.0,0.0,0.0,0.0,0.0,0.0,0.0,0.0,0.0,0.0,0.0,0.0,0.0,0.0,0.0,0.0,0.0,0.0,0.0,0.0,0.0,0.0,0.0,0.0,0.0,0.0,0.0,8
Cl-8,0.1928365547053068,0.1936531871460176,0.1943401212149008,0.1957977140959556,0.20015220222084118,0.2060204149239076,0.2128494393083036,0.2192803685808352,0.2256736693425552,0.2319202696734236,0.23783327607514682,0.2434513526836512,0.2482258619541868,0.2522126562207948,0.2559704602685468,0.2595239459953408,0.2622705447392392,0.2650441649408548,0.26777811124197803,0.27097083365756797,0.2738180337631332,0.2760814745454832,0.27789666359181764,0.2794678712837892,0.280460278946364,0.2811235767515568,0.28137167120084716,0.28141151725843083,0.2808070877044852,0.2792608883065708,0.27666488612359597,0.27376060760712484,0.27070792518916237,0.2673524567935268,0.2634078386835532,0.25878099377124564,0.2539191939176672,0.2485689433227696,0.2425545036090748,0.23587278500999243,0.228539464563804,0.220410693679688,0.21176517837422842,0.2026833077922376,0.1933450984062936,0.1839164150837496,0.17457191081805518,0.16538594886108998,0.15655192127548362,0.14777572759994,0.1392845595720604,0.130975871100464,0.122819804001938,0.1151310071207224,0.1078456617170596,0.10071014168183799,0.0941016958135792,0.0877230222125568,0.0816723861229528,0.0756226190944132,0.0695925506992512,0.0637140564047968,0.057711708690018,0.051919281674483994,0.0465307033962448,0.0411599103262172,0.035693482324428996,0.029701026038368317,0.02272105990576096,0.016083001048484,0.01183996721914988,0.00983908203606304,0.008855593430234279,0.008249206860725559,0.00771860782324248,0.00721665677997892,0.00680541332975484,0.00638698534497256,0.00595106884973824,0.0055895944394672,0.00528897640717788,0.004999139080739319,0.00473270865491432,0.00448756465938064,0.00426239689353436,0.00413418401034932,0.003929396697620544,0.003772494716512196,0.0036535896926967403,0.003530682333672544,0.00346775236658014,0.0033692185488921438,0.0032672873619374,0.0032212181368269717,0.003145059108692824,0.0030757228019445957,0.003040776973948876,0.0030126337225765162,0.0029486375340980163,0.002940748955027268,0.002898301374563116,0.002825467387010816,0.0027908264684758,0.002794155965566144,0.0027189245923182363,0.002721693858276656,0.002672028867637208,0.002688170531116176,0.0026408733301837638,0.002636062066604316,0.002659613681262656,0.002482247684223076,0.002450119144794532,0.00233558490249898,0.002188112071904536,0.00207101026141524,0.001948853365607572,0.00181196691267848,0.0017084283083527681,0.001668856242772868,0.001649269578225312,0.001623847879565408,0.001664325451696116,0.001670341893385592,0.001692901781674788,0.0017613065079094322,0.001830988909195104,0.0018222619993636519,0.001912011743110424,0.001963902532928492,0.002026049153041244,0.002056692520766356,0.002053852092861636,0.002109650446058152,0.0021475618927568243,0.002128779946297944,0.002116237574753908,0.002080512291294248,0.0020733315658643917,0.0020351835466423922,0.001964181279725644,0.001989175626833292,0.001938316229336784,0.001996108601882512,0.001926997999514552,0.0019552490560428917,0.001902865108560112,0.00194429886776292,0.001978508067187384,0.002001288398296984,0.002089085870961724,0.002177712881926216,0.00231033509005254,0.002399361426505576,0.0025914809562672197,0.0,0.0,0.0,0.0,0.0,0.0,0.0,0.0,0.0,0.0,0.0,0.0,0.0,0.0,0.0,0.0,0.0,0.0,0.0,0.0,0.0,0.0,0.0,0.0,0.0,0.0,0.0,0.0,0.0,0.0,0.0,0.0,8
Cl-8,0.1802056082141248,0.1828947249982584,0.1859307363263528,0.19002030912644322,0.19649785331431682,0.204680221385406,0.2135335135020576,0.2217884714208688,0.22930822096633638,0.23586349259593958,0.2416876492263188,0.24725753132911918,0.2518436743704876,0.2556741921033588,0.25933251438723404,0.26223829719598557,0.2655039434993004,0.2689135970042092,0.27242210463039956,0.27587179143228796,0.2787842470791872,0.2812945756568044,0.2835542698753716,0.285303783202008,0.2863700786940256,0.2873201267503256,0.28804209012560644,0.2884804307055384,0.28780786663362923,0.28551226000347996,0.2824695373161784,0.2794531163786116,0.2763803871479896,0.27330261062409356,0.2696886535027,0.26499447114578156,0.2600166913595876,0.25502890279322,0.2493423216836064,0.24286572878759521,0.235736924420548,0.2280779941455692,0.2198574329932892,0.21120174343793,0.2022398688900748,0.19263477032321238,0.1829603630430336,0.1732217148602716,0.1631122886605108,0.152785634885934,0.14256047001164002,0.1330326912858476,0.1242705981294724,0.1160057661924644,0.108287146325422,0.10079030808598441,0.0936384965796516,0.0866538155124688,0.07993316364017239,0.0734812014835888,0.0670088669541508,0.060710147146079994,0.0544550552825196,0.0483570266813484,0.042110959148818405,0.0356032512642524,0.02825297394289512,0.01987950993276016,0.012960551980772402,0.0091760680811026,0.00748206373156368,0.0066708495722608,0.0061273281998218,0.0056307606165676,0.00521344720362924,0.0047458382629136,0.0043152373484906794,0.003904505609344512,0.0035993429492019117,0.00320415974900094,0.002941783803487672,0.00264519217675742,0.002472810989652328,0.002209442773376192,0.002013471286877196,0.001860646082024272,0.00168150641555116,0.001655795538039788,0.001491598746125,0.001390308842195008,0.001339268198510196,0.001202610449004508,0.001135845827096332,0.001137729068928176,0.001139693778185924,0.001138140845333752,0.0010861195707192,0.0010679871180883,0.00099667933277926,0.001025329362619908,0.000937571445339088,0.000962263800827736,0.000920893553202648,0.000851148701634596,0.000887247100002088,0.000902881866757852,0.000821950558030852,0.000856443230462712,0.000818569789327288,0.000856766495274612,0.000924516006529716,0.001274369466321672,0.001254993464118104,0.001143703301373608,0.001038536326316476,0.000881997639474124,0.000778834448544388,0.000618068450378624,0.000578801356437836,0.000473773994437616,0.00047172589348487597,0.000443306602622476,0.00050614591200994,0.0005030011176514641,0.000599596988097104,0.0006451839835752719,0.000741116615601088,0.0007799519280961679,0.000871593192818768,0.000959683816041736,0.001039495117915952,0.001044112759770496,0.00110946512444834,0.0011642827783368,0.00127982322324268,0.001296455679165592,0.001325634151643332,0.0013146899354423839,0.001244562437823428,0.001263705273646256,0.0011947674369469118,0.001253111853034988,0.001220327029265948,0.0011768794351772,0.001169224712351328,0.001186452779620236,0.0011699301190123239,0.0012834938338236038,0.0012616942377556679,0.001393860527970404,0.00154223194540108,0.0016248523018194282,0.0018029542519125761,0.00201882847606566,0.00218533085021482,0.0,0.0,0.0,0.0,0.0,0.0,0.0,0.0,0.0,0.0,0.0,0.0,0.0,0.0,0.0,0.0,0.0,0.0,0.0,0.0,0.0,0.0,0.0,0.0,0.0,0.0,0.0,0.0,0.0,0.0,0.0,0.0,8
Cl-9,0.0732604462920588,0.07393717589198841,0.0753014538391136,0.07653888449756001,0.077060836230344,0.0769231715567304,0.0767263488425184,0.0768439651544464,0.07702792508379559,0.07708203451663241,0.07713092470426121,0.07738879476195279,0.0790915306560724,0.0800526116547656,0.080356148329304,0.0809161079892384,0.0819149108394516,0.0828571535478348,0.08393913055057481,0.08518511168252,0.0866121456699544,0.0880182604088684,0.0893657437301764,0.0904355544509492,0.0912756314761124,0.092047197011332,0.0926855328751632,0.09310831393794121,0.09319319083667241,0.0931158860255992,0.09294434902739199,0.09278787915084401,0.0924234269814992,0.09192009163981961,0.0911778391429252,0.0900553464480776,0.0886933090437968,0.0870920704243784,0.0851191364119216,0.0825728693899172,0.0798953048358024,0.077634368984646,0.07623804501455879,0.0757700987337804,0.0758621258155076,0.0760449301136136,0.0761591552193868,0.0763375937030184,0.0763980242352584,0.0765246062538216,0.07664456274197601,0.0766814064082692,0.0768432984112788,0.0768583658658072,0.076793128742266,0.0766412689520916,0.0764020886349888,0.076137815287852,0.0759479659856564,0.075921868762952,0.075889858550088,0.0757713694098292,0.07570037164818039,0.0755810131710176,0.0755112445270672,0.0753389176120524,0.07511889168094081,0.07498176564843201,0.0749412275552708,0.07474042426887119,0.0745132099940656,0.0742287206465308,0.0737365481811972,0.0732069867730864,0.0728406448426092,0.07263500083897,0.0725221963103084,0.0723121039936332,0.0721091669323968,0.0720146665670192,0.07197902143014559,0.071974773847116,0.071957863847744,0.07196918652614519,0.0718908427429684,0.0716977283309536,0.07145362859537281,0.07126041542247159,0.07105599462813081,0.0710222291512644,0.0710707620580056,0.071061919926266,0.07108882860213321,0.0711056888439064,0.0711421854732352,0.07106508265425479,0.0711228069466012,0.0710623100869796,0.071045487869142,0.071095638493274,0.0711745460939152,0.0711958712589992,0.0713091653345696,0.0714217336301844,0.07152540311852561,0.071578672769574,0.071532111565066,0.0716510442151936,0.07182852035799,0.0719284046940212,0.0720805779812212,0.07227317317085119,0.0724161325860808,0.0724578453604004,0.072509423147224,0.0724982686335628,0.0725098445336308,0.0724844862535928,0.07260015271056279,0.07271939648721479,0.0729017681753604,0.0731009941123492,0.07329433183370919,0.07355074587157959,0.0738316205169344,0.074103612473302,0.07444145087296081,0.07466893974877399,0.07479730645943479,0.074833967687754,0.0747968685740968,0.0748153855057256,0.0747121384628488,0.07460129310581,0.0744302632140724,0.0742894585758208,0.0741587076191404,0.07404035672502761,0.0738688363512612,0.07375512758684241,0.073631269927976,0.0734400602919496,0.0733030782107344,0.07304048753941961,0.07266523245845519,0.0722820909631032,0.0717870737154544,0.071177899696814,0.07053300909481,0.0697943637012428,0.06906597911623401,0.0682005880226704,0.06732457240360441,0.06634661816096439,0.06527885882699959,0.0642992109563032,0.0630366158437404,0.061700433747583605,0.0603221914037384,0.0588132918729168,0.057169441287388,0.0553410092200944,0.053475693743741996,0.0515724718170336,0.0496037468675044,0.0475718932406768,0.0455397362627948,0.043456632798953204,0.0413493852231068,0.039238354134184916,0.037193314406831914,0.03514761067245552,0.03311349555419796,0.03101583815816024,0.02892906696302864,0.026790506769653402,0.024706770787108,0.02266183234279828,0.02061433680114472,0.018646577478031598,0.01675383283278656,0.01497806676171712,0.01333316821953548,0.011850079513426679,0.01045727669374244,0.009211312617616001,0.00813602650718628,64
Cl-9,0.0496511004752256,0.0510685388694744,0.052048563802618,0.052089219224514,0.0517838627227828,0.0514730871475016,0.0512743521827464,0.0512089904492328,0.0513909618703352,0.051762372738523195,0.052265036196224,0.0529597424592488,0.053872576565021195,0.0546606458321272,0.0556030024834864,0.0566231546851148,0.0576999764949576,0.058825079280874,0.0599282271861716,0.0610522366616716,0.0622259076151648,0.063374071036524,0.064598744673506,0.0658089031926796,0.066970933858772,0.06820078070646321,0.069387845022004,0.0706592908615316,0.0718559156561896,0.0729910380178964,0.07414188941789761,0.075236177041746,0.07624704224053361,0.0771146700710492,0.0779416986459012,0.0785819215874608,0.0792139207670672,0.0797449262378664,0.0802608043437444,0.08076725971623319,0.0813885203330628,0.08217896298512199,0.083143071077238,0.08424731633537959,0.0853861953028352,0.0865302175939384,0.08758729841880801,0.08872162145867639,0.0898625197293052,0.091009811930962,0.0921050723073656,0.09291896767126519,0.0933473897145188,0.093475974405146,0.0933859047126204,0.09341459469342,0.0933101504923332,0.09316521558417161,0.0931755315452624,0.0934335222504512,0.0934901959998512,0.0932413699109808,0.0932838126489568,0.09337735896759401,0.09349536061023041,0.0937641150441076,0.09370208758395,0.0933492969978,0.093073981326988,0.0927023864214168,0.0926160910635724,0.09280540614530079,0.09295902636464361,0.0928178683792364,0.0923781768181784,0.092075682649128,0.09198236491039159,0.091999177972024,0.09242482003373721,0.093057318498014,0.093814513222942,0.09440458277074999,0.0948908680103976,0.0953254480894372,0.0955314782393704,0.0955070935800128,0.09576017339136919,0.09638836976516041,0.0970927072528064,0.09757840135553521,0.0980447770869568,0.09839650823593,0.09886402583450121,0.0994810413312036,0.1001506456399468,0.1008060281884216,0.1015150967381148,0.1020947463235604,0.1027103929918412,0.1033637080336428,0.10406351275390441,0.10474007697370201,0.10552336346254959,0.10608301550807521,0.10663386579481239,0.1070038971624748,0.1074575219434316,0.1079030077025208,0.1082651687030004,0.10865547355249759,0.1091028915210436,0.1096350404729896,0.1099994721397624,0.110233672457216,0.1102900605790052,0.1105380999109636,0.1107519969384752,0.11081484054429361,0.11085005807327561,0.1108333705586096,0.1108742094215176,0.1108980122856508,0.1108550676411472,0.1107399389076144,0.1105895706731048,0.1103166499711988,0.1099653061493136,0.1095578963286032,0.10897371434111641,0.1083123869971292,0.1075129968239888,0.1065488373963444,0.1054090068441572,0.10425670424725039,0.10297143064448361,0.1015930744999108,0.100072150965716,0.098569987099482,0.0968469992812868,0.0951098479780984,0.0932282355374852,0.09126568868525961,0.0891070183853652,0.08676077279874561,0.084262866684692,0.0815898992842724,0.07867074865527,0.07564885907507479,0.0725083131361432,0.069185682252882,0.0658153939327168,0.0623249792070188,0.0587688644063016,0.05515209740030479,0.0515081419656536,0.0478667517359948,0.044161132471662805,0.0404849514332264,0.03684381253814216,0.033206530296735724,0.02967273665270352,0.02626203553179032,0.0229935860869896,0.01986797963438776,0.01705732749483704,0.0144692474995638,0.01221037579597404,0.01017443289544428,0.00852250103401172,0.007225778446140161,0.00619690786454704,0.00546302632742896,0.004879308519305,0.0044154770524358795,0.00391329050468884,0.003594329040184376,0.003219760817425732,0.002887330292371812,0.0026028917650122957,0.00224151702484546,0.00201041083387002,0.001773653394394356,0.001624452679577032,0.001504192743262332,0.0014521309413275281,0.001420943420229552,0.001412898395030248,64
Cl-10,0.1077505541695972,0.1081215270721804,0.10957458259695,0.11189132640325959,0.11735817428324159,0.120649733485538,0.12316173176000961,0.1256496279283416,0.12624301774117438,0.1246259163254316,0.1215642891827576,0.1173293615964912,0.11239195905050521,0.106996135604298,0.10115156719265239,0.0949432745633252,0.0889282105716664,0.0836621108544272,0.08082190565043039,0.0806585258420684,0.0812628379492676,0.08208685063875759,0.0828468798090196,0.08349413468654279,0.084067482458876,0.0845497391116472,0.08499550561287,0.0852331528547864,0.0854410556969036,0.08552929920335281,0.0858737653141212,0.0863257722867484,0.0867308510959516,0.0868851109865848,0.0870230752604488,0.08715712040465119,0.0874122668189092,0.0876243053120244,0.0877661010341864,0.08784047967259159,0.087853923916702,0.0878254826748416,0.0877393286249164,0.0876459529345932,0.0875493696502936,0.0874240196512452,0.08726647320454199,0.0870945059997288,0.08684710347534601,0.0865771975240596,0.086256789512338,0.086016122472104,0.08554655992772081,0.08511748619633801,0.0847010194082492,0.0841495258048144,0.08360503962173399,0.0830110156563404,0.08230288913406361,0.08152178419102679,0.0807457213025044,0.0798883798539104,0.07898648008153719,0.0780663315236832,0.0772301364894292,0.0763987956734748,0.0755511014004324,0.07478056406658161,0.0739496196388468,0.07314241534761161,0.0723489178273136,0.0715014067979384,0.070610213631824,0.0697253386663608,0.0687480292762,0.0677569588044512,0.0667188078409944,0.06570211281755439,0.0647020030317576,0.06369246000293,0.0626623073062648,0.0616954918771088,0.0607247952167276,0.0597547425134412,0.058820996662427606,0.0578364885503828,0.056678179560186795,0.0554673220657256,0.0541575250946116,0.052743130075831604,0.051101551846653596,0.049334723907948005,0.0474416036302088,0.0459437561967872,0.0448125176435588,0.0438349885464204,0.0430707974381664,0.042425465788834,0.0417922986114796,0.041287438743098,0.040717066739360395,0.0402565623516768,0.039753183582383445,0.03930563549804212,0.038858219723490676,0.03845849506879728,0.03806444465918444,0.03759763699575088,0.03724208712526168,0.03681763450957196,0.03640257583077928,0.034808828085491884,0.034299551480219244,0.03386671078644737,0.03340403261816568,0.03288072714073216,0.032355685860422,0.0318511400063802,0.03142691308199048,0.03097128763676156,0.030586854924656643,0.03012052315519976,0.029824747192497243,0.02946628980057504,0.029141267300336678,0.02886186507209796,0.02857055883015524,0.028276985788279918,0.02800572257812764,0.0277134001806744,0.027427222998784837,0.02711937186382452,0.026830964588682282,0.02656957108216428,0.026277981816793482,0.025981136667940722,0.02572722380944876,0.02544333690614264,0.02509506791331068,0.02480462545978696,0.0245069691345814,0.0242011055274814,0.02389494089265172,0.023647970519714397,0.023339146292228437,0.023052402767336642,0.02280646241416924,0.02259726955222692,0.02231098338814964,0.02209123186499776,0.02192889985948164,0.02174456875495412,0.0215653839957484,0.02142465566456852,0.02132974503020668,0.0,0.0,0.0,0.0,0.0,0.0,0.0,0.0,0.0,0.0,0.0,0.0,0.0,0.0,0.0,0.0,0.0,0.0,0.0,0.0,0.0,0.0,0.0,0.0,0.0,0.0,0.0,0.0,0.0,0.0,0.0,0.0,64
Cl-10,0.1047606813153828,0.1040766396012564,0.10418755943605999,0.1058328398902836,0.107400356726996,0.10776373022150401,0.1086867484864652,0.11111808715938279,0.11191169431068479,0.1110342959198524,0.1090329837992228,0.106199827629158,0.10290879115424281,0.09917535609326239,0.0949426293802332,0.090237501188266,0.08572234491238,0.0816870234351412,0.0791996426501924,0.07904218668241521,0.07966545583796039,0.08040394845219401,0.081021202800084,0.0815479400747456,0.0819434343550172,0.0822767194891168,0.08255357509856201,0.082814094131854,0.08309054257959281,0.0834286774503,0.0837135603059604,0.0840037743960392,0.08437511874787719,0.0846886770787096,0.0849579554688068,0.08514360587961199,0.0853658955211332,0.08551144312267159,0.0855849004472668,0.0856050311444224,0.0855857559618992,0.085467325362788,0.08535395637444801,0.0851827412329236,0.0850213143649668,0.0848858573534632,0.08465656074256761,0.0845278604566036,0.0843064339407984,0.08409231355355559,0.08387467058330281,0.0836885830272192,0.0833686972700384,0.08299253061986199,0.0826326507655488,0.0822148227071236,0.0817788603693044,0.0812718059351476,0.0806657727333252,0.08005966780127839,0.07939044429355241,0.07862991289954001,0.07777616945261841,0.07695650518214679,0.07607794440584441,0.07529027503155361,0.0745366592043072,0.073846737475826,0.0732772776251628,0.07263479460555161,0.0719985504171812,0.071359216463176,0.0706307766671232,0.0698952048477608,0.069138022217152,0.0683540671384572,0.06756676494661759,0.0667308418008932,0.0659283350117372,0.0651108479318208,0.0642793964294056,0.06350580949515519,0.0627011037308408,0.0618639477342552,0.061074820735594795,0.0600924040195024,0.0592448684215884,0.058268593370348,0.0572387748424524,0.056059796151699204,0.05473979705944,0.0532833692484376,0.05174202494686,0.050047422288762806,0.0483308610179836,0.0468195533792988,0.0456437211803712,0.044605636105551606,0.0436910236693836,0.0429795373657004,0.0422160100993896,0.041598097667067596,0.040953504695758,0.0403756717540168,0.03994162715461508,0.03942261144603148,0.03894806529361328,0.0384913570165416,0.038090330254086,0.0376192727900018,0.03731365282372048,0.03705742941552304,0.03663803991646624,0.03621287984918044,0.03572395310549104,0.03517088820489436,0.034693615337186116,0.0341868410643098,0.0337797142243508,0.03334802972748572,0.03296330458933952,0.032593751229470884,0.03228757872614956,0.03199131798661056,0.031661958200500044,0.03139000886523032,0.03108785327347216,0.03081495429518544,0.03055924958834308,0.030296106522157442,0.02996216548672988,0.029714821499941882,0.029386513878870597,0.02913802341699484,0.02883448640895352,0.02850269085511092,0.02819484033779844,0.02785926205272008,0.02753496800737116,0.027173012375910202,0.02679457448779404,0.026451030731212518,0.02610085912939508,0.025789056945571,0.02545255360524396,0.0251501857278598,0.02485920086643216,0.024524613850057442,0.02424435380237292,0.0240105809249956,0.02381928064723236,0.02354347567357264,0.02342068941860096,0.02325300418960016,0.02309957233346532,0.0,0.0,0.0,0.0,0.0,0.0,0.0,0.0,0.0,0.0,0.0,0.0,0.0,0.0,0.0,0.0,0.0,0.0,0.0,0.0,0.0,0.0,0.0,0.0,0.0,0.0,0.0,0.0,0.0,0.0,0.0,0.0,64
Cl-11,0.1267779610549608,0.13015019043123519,0.1321587447476908,0.13377079669917522,0.1372640762351232,0.14062180585979958,0.143603666494584,0.1465330941637128,0.148334778496654,0.14908070844584198,0.1490927446491468,0.14865492058388402,0.147991363870528,0.1470920172946064,0.14557228706987438,0.1436963831689852,0.142250963256648,0.14120429313821878,0.1406331573810436,0.14079959539965198,0.14101280475429043,0.1411892570319448,0.1413968542060004,0.14131814095887,0.14146256283384678,0.1416473651723312,0.14159193769543318,0.1414564577389108,0.14141579654035602,0.14135813507872,0.14095053500102322,0.140394118281924,0.1398067131379636,0.13902953180810398,0.1381792374936964,0.1372210520433024,0.13636817484407998,0.1356184041378732,0.1348140489409124,0.1338775162131596,0.1328268794128388,0.1316345928972472,0.130243951734576,0.1288568237171572,0.1276168751564184,0.126473095827352,0.12512759122489,0.1239110078322516,0.1226373828804868,0.1212687740825604,0.11994867743029561,0.11852459656934479,0.1169869911156968,0.11522072498687161,0.11374917149718679,0.112306639687416,0.1109169373542464,0.1094916629327424,0.1080667444357196,0.1063358326136368,0.10466578516294921,0.102852267878682,0.100823304338846,0.0989743534405612,0.0970225460812584,0.095087461982324,0.0933381017244444,0.09178152194648681,0.0904562110196724,0.0891726360872388,0.0878319335368964,0.0866172410419784,0.0853474093305676,0.0839835228173488,0.08257902557365039,0.0812805673565708,0.0798808822909628,0.0786598850038944,0.07731465529748,0.0760289508291464,0.0747437452418292,0.0734401732745488,0.0722139239771024,0.0709210886800816,0.069676330632936,0.068495751970668,0.0672591375376692,0.0659451564284664,0.0646486750117976,0.06331267422657359,0.0619216060333848,0.060419335017242407,0.0588933485831108,0.0572574648061644,0.0556278204331032,0.0540485548001068,0.0524989407989168,0.050978626443374406,0.0495523858543504,0.048181727434582794,0.0468687610276948,0.045581723005909604,0.044375443629263996,0.0431560827051536,0.042020497546788806,0.0410436339251236,0.03998539456625048,0.038948689254925915,0.03809654664954408,0.037099233788555966,0.036262854735312204,0.035210338142367396,0.0343589333425396,0.03349035920310896,0.03264451026904552,0.03172681583222448,0.03081631769974488,0.029997810432690963,0.02920143619606072,0.02846672864413408,0.02781389638951828,0.027133439726496563,0.02652505284002188,0.02592441369608552,0.02532457719492668,0.02477304088461716,0.02424511142147336,0.023646142010435,0.023161556201111922,0.0225422095093612,0.022039245694043,0.021450466621387238,0.0208771841174566,0.02035239600773384,0.01979689674234828,0.019252814278606242,0.01865602171297516,0.01805523294698784,0.01746441752746264,0.01682941882281596,0.016212768179757,0.01554261840582768,0.01486523001828788,0.01424811622104556,0.01356404509163384,0.01288704824065492,0.0122359301484946,0.01152236041140712,0.01074375633985648,0.00994895107053968,0.0091974794649624,0.00845396245012712,0.0077358258482592,0.0069672265702644,0.006393121091913241,0.0,0.0,0.0,0.0,0.0,0.0,0.0,0.0,0.0,0.0,0.0,0.0,0.0,0.0,0.0,0.0,0.0,0.0,0.0,0.0,0.0,0.0,0.0,0.0,0.0,0.0,0.0,0.0,0.0,0.0,0.0,0.0,16
Cl-11,0.1369802739157112,0.1404331411757932,0.14418829586841678,0.1474637373329376,0.14911223006675162,0.15146311984779479,0.155522165605808,0.1592104962103796,0.1622750551206064,0.1646875319458016,0.1666947821300784,0.16817154132992038,0.1687983754140468,0.168297449394432,0.16673147428208598,0.1649221812734236,0.16343632282838041,0.1618018437382712,0.16059807375718718,0.15964965901445483,0.1585519945903576,0.1573065121490352,0.1563760177000308,0.155436394006968,0.1544593374403348,0.1535586374309916,0.15277212648336358,0.1520898169801764,0.15125515893178082,0.150232866855212,0.149269458102736,0.1480219152869944,0.1462545685427336,0.14432874541186042,0.14242053744898162,0.1405875786739316,0.139225087919222,0.1377812470705272,0.1360984902459092,0.1344399376645124,0.13296476300758597,0.131514806221496,0.12984645280334478,0.1282852468640844,0.1269249809470796,0.1255745556150504,0.1241577736239072,0.12283007951196641,0.121754896958046,0.1207723769703796,0.11979601984879361,0.1188127738401528,0.11784567686938639,0.1167820626517488,0.11566478769682,0.11424598365233879,0.112721123623516,0.111290224896862,0.10983629575222839,0.1083082584912228,0.1067420786953768,0.10506926310605119,0.10321453073611041,0.101389330326924,0.09981123477239881,0.0985343781868928,0.09749775923865,0.0965728520639384,0.09567953578587761,0.0947459650111924,0.0935853449295776,0.0925183686318936,0.091438364315876,0.0903895990963584,0.0892830209567292,0.08813846911706319,0.0868695005816584,0.0856576907149552,0.0845908783702776,0.083520400487456,0.0824559970726472,0.08142065781191281,0.0803350870285956,0.079124914006346,0.0780695621719112,0.0769507316484316,0.075913639824492,0.0749100504088424,0.0739684531604036,0.07286776589392041,0.0717131673684132,0.0705096279795048,0.0692064362875588,0.06785253335781119,0.0664272028684792,0.0649390538764604,0.0633850281712456,0.061803857697404,0.0602346646618536,0.058690361734412,0.0571188071993592,0.055662988980996406,0.054206824142914,0.052879759281428795,0.051512140067450404,0.050264993664404796,0.0490253006605264,0.047788501227458396,0.0466115424627044,0.045521690962292805,0.0445056650896964,0.043836106691236,0.0427669596894472,0.0417186297648148,0.0405610842442276,0.03939591337208244,0.03826019440308872,0.03718206192438052,0.03619383366211712,0.03527744258024716,0.03437218278723068,0.03351496815735836,0.0327237528174932,0.03192842874113512,0.03110951121247416,0.030461451331776558,0.029726177354694,0.02896979560220736,0.02824818550016536,0.02749493271722844,0.02678660077936284,0.02605031659685688,0.025324427161908362,0.02459712659483464,0.023852725848781477,0.023092644031245762,0.0223908411344858,0.02153758209949352,0.020683240426434282,0.01989826393653056,0.01899219520344808,0.01808885308188624,0.017112124141510802,0.0161586698656362,0.0151191223799506,0.0139390432480994,0.01264092820126308,0.011181765650274601,0.00932772954520944,0.007168018687035081,0.00518967869399256,0.004082836708471959,0.003675805379679516,0.0035619775376994557,0.0035968589316724923,0.0,0.0,0.0,0.0,0.0,0.0,0.0,0.0,0.0,0.0,0.0,0.0,0.0,0.0,0.0,0.0,0.0,0.0,0.0,0.0,0.0,0.0,0.0,0.0,0.0,0.0,0.0,0.0,0.0,0.0,0.0,0.0,16
Cl-12,0.2629483439613504,0.2841884988376608,0.3069162577745328,0.33181300748095205,0.35663276340040156,0.38230938383749796,0.407373149499516,0.431580061788624,0.45857722144045604,0.48697772342034,0.511690238332188,0.528007098732416,0.53033614802234,0.5147186183583039,0.492270747590268,0.471145606857308,0.45293782625376,0.435459154855308,0.415907798396144,0.3932419742723476,0.36809753164438636,0.3406951582486244,0.3145595817955508,0.2895280183324108,0.2663585578548832,0.2446028543249784,0.22442220117833078,0.20514432826483361,0.18651164999426278,0.16827422068388923,0.150065147913848,0.13150742269129678,0.112039186053856,0.0903815372159676,0.06280247256443959,0.0427055662422136,0.03612732925654072,0.033326915346499196,0.0312918007055394,0.02954977097082404,0.02787948473267436,0.02643330649169604,0.025074141631528442,0.023659069055714278,0.02238860066007988,0.02118588711513296,0.0200799698393766,0.019089525524391998,0.0180014701837664,0.01697992661636704,0.0161942370866722,0.01554406974186148,0.014800078379244921,0.01418896550024096,0.0136915702328576,0.01314525328858976,0.0126041898264222,0.01210300387740096,0.01152142166843748,0.01092318863105036,0.01030500397427612,0.00964172668304048,0.00894526525305488,0.008243257949292121,0.00774984781661896,0.00726056959136536,0.0067149856168738,0.006254083411807281,0.0058500787746454406,0.00549916740361932,0.00519751619840628,0.00495257279507724,0.0047875516689041605,0.0046091830967586005,0.00438330683914588,0.0041394692768132796,0.003928299990379404,0.0036797079422621237,0.00346575327710518,0.00321657231886006,0.003039542240623536,0.002837755910892668,0.002698626578579492,0.002538767520918684,0.00241232654450668,0.0023057840717247,0.002256600079987624,0.002169986121844644,0.002158565387404992,0.002061195833319912,0.0020711975984453483,0.002003070088792644,0.002025049466086712,0.001962267391724136,0.001995685709625824,0.001944323145528828,0.0019302085382289001,0.001898688599494424,0.0018734606205673481,0.0018994835172065122,0.001814954679680832,0.00176726572245938,0.001736417312440596,0.0017215246782361759,0.0017110057045471201,0.001707952458478344,0.0016915606225523841,0.001661224229424284,0.001724373651083404,0.001681531816497644,0.001699401220920556,0.001631269713987304,0.001628956368640232,0.0015346153288573,0.0014146369428072601,0.0012413790695019,0.0010291911487568639,0.000954885240418356,0.000872085778124572,0.000813027193844972,0.0007795257869789919,0.000773873542460872,0.00083115457764304,0.000839866348743944,0.0009036567565886519,0.000964516037684608,0.001051659142820708,0.0010795579012825162,0.001172471495578224,0.001188696529786764,0.001272576614223872,0.001324739113327504,0.001394666466530108,0.0014482074716712441,0.0014482206381290922,0.001473704783895588,0.00149462976500058,0.001489001079121748,0.001465646986059328,0.001435063675951016,0.001434030045418576,0.0014005135030765682,0.00135775123924724,0.0014050836194668,0.001368720969662072,0.001340923234025176,0.001302733769667088,0.0013146895511591198,0.0013038536652469359,0.00132961138506266,0.0013705220804492639,0.00148641253053774,0.001674278970321204,0.001839812820556708,0.002069522374930736,0.0,0.0,0.0,0.0,0.0,0.0,0.0,0.0,0.0,0.0,0.0,0.0,0.0,0.0,0.0,0.0,0.0,0.0,0.0,0.0,0.0,0.0,0.0,0.0,0.0,0.0,0.0,0.0,0.0,0.0,0.0,0.0,16
Cl-12,0.2593401463572012,0.2871376555461268,0.3150256620135772,0.3434353415507892,0.3721621044677904,0.402089480677228,0.4318252921665,0.46013775939946,0.48969059929754,0.520779100789616,0.54894534854454,0.5692653846004601,0.57534506449836,0.5649847035026799,0.54459485986006,0.5230962907902079,0.503890644451784,0.485276204760408,0.46519162950206,0.44198580051762004,0.414138097641676,0.3845101370158676,0.35438847379505317,0.3255158974239828,0.29854143185533044,0.27410633695522685,0.2518451118630368,0.23117888227574163,0.21153682569420598,0.19228354139073078,0.1730288601168096,0.1533554786891396,0.13321798936695398,0.1117774058021348,0.0873137733658136,0.0552837628084124,0.035575924122469876,0.03076749153892332,0.028812715065948118,0.027240530260628962,0.025770728580835,0.02431119535444228,0.02294720745184376,0.02163955893423956,0.02041220688767156,0.01923528374020192,0.01809334237922916,0.01709464610562104,0.01611811984541488,0.015230964463473001,0.01441696854810832,0.01372845739733548,0.01263462474693324,0.01216836726434248,0.011731924252071,0.01130284806556236,0.0108458234925486,0.01037280442856884,0.0098439909235504,0.00928853281473728,0.00871241627670944,0.00810791821033632,0.0074995109235222,0.00695584543427704,0.00644218196182392,0.00596358849490812,0.00546671889025652,0.0049884551633198404,0.00455109385581664,0.00425940693918284,0.003984189692981436,0.0038371459385835804,0.003688610797293988,0.00344210020681402,0.003242000110269284,0.002901161904372404,0.002696863255647824,0.0024263002142110757,0.002205649386143796,0.00196876442770438,0.001782190971635204,0.001573321333568284,0.0014548199910609481,0.0012768617933711882,0.001165167011254676,0.00107399728327758,0.00102469045140434,0.000942070354481076,0.000908902395915808,0.000897778091970752,0.000841940101270164,0.000852768610195388,0.0008492202379219001,0.000817518731366248,0.000865287423686296,0.000832485358405044,0.000864877422479884,0.000857040812845996,0.00086254911477566,0.000909633674672756,0.000868606853755336,0.0009132008339223159,0.0008979997679748,0.000883515111658984,0.000914879751865456,0.000952198128312376,0.000919343563468396,0.000932140828136828,0.000993824268086616,0.001024447944994724,0.0010427321623633682,0.001112788404102736,0.001101066796816324,0.001000217840404524,0.000873091524873484,0.000716070400342464,0.000549148756397084,0.0003560606786709556,0.00036959453296638,0.0002443205693466688,0.000277414268582152,0.0002411793611351076,0.0003226419045606036,0.00035931270301419637,0.00041450541254707204,0.000538679389244856,0.0006258338321187,0.000740735448876892,0.000876585502760896,0.000942615594301856,0.000963969794292572,0.000993916321688396,0.0010539310024975479,0.001130430355720416,0.0011863604397830002,0.0012694930616945518,0.001267513245177464,0.001322379519260364,0.001243359450936196,0.001269286272027808,0.001226477216795268,0.0012234058849268721,0.0012213504033817479,0.0012674173629214,0.00131071688248826,0.001265205264180092,0.00125845129566004,0.001362130633449164,0.001424688357697748,0.0015302427184504682,0.0016952879609807721,0.0018575295919008039,0.002161757036867224,0.002392841958119328,0.002595669154905644,0.0,0.0,0.0,0.0,0.0,0.0,0.0,0.0,0.0,0.0,0.0,0.0,0.0,0.0,0.0,0.0,0.0,0.0,0.0,0.0,0.0,0.0,0.0,0.0,0.0,0.0,0.0,0.0,0.0,0.0,0.0,0.0,16
Cl-13,0.3377830074267984,0.35930227226902756,0.3845726887100232,0.41098921300381197,0.436800201995884,0.460625961880148,0.482906480929724,0.499187378769868,0.514651336800208,0.5263686174807081,0.5356630109945241,0.5473465473933999,0.560341933515684,0.571721887969632,0.58006149429274,0.583024282375688,0.573455147088756,0.540704995921624,0.474772051640396,0.372585271476526,0.24953689580978722,0.1374012164446732,0.068986972164758,0.049034752047840795,0.045396108649074,0.044277658556657204,0.043450339579793204,0.042689250059549995,0.041855875755278396,0.041006523241183604,0.039991378460533925,0.0384355693119468,0.03636574861235004,0.03395157784380532,0.0313449871585388,0.02842356122574012,0.02628645249341352,0.02553748596554284,0.02511839504646412,0.024869448316372122,0.02451481372248544,0.02413147559783352,0.0236736136088404,0.02318354807452976,0.022654194356934478,0.02207518474230996,0.021376469690719803,0.02056359028150948,0.019564635989140117,0.018451403890537482,0.01696731539214976,0.01516564678092952,0.0129846066341554,0.01066346547494544,0.00909689691827816,0.00844941535049412,0.00817290298348592,0.00798557767447572,0.00774704908424592,0.007582445058346,0.00743750853745164,0.00723911375361824,0.00702991747935324,0.00684685546103156,0.00665162624388544,0.00643893991672952,0.00623310215074388,0.0060443170410908395,0.0058171723981394795,0.00554995252611708,0.00525422341119784,0.0049703387700265195,0.0046378367138632,0.0043071392320445595,0.0039832094358876685,0.003782424957176944,0.003544963809908244,0.0032987299173021438,0.003048144449567852,0.002851960553588364,0.002675667975756932,0.002383791790290492,0.0022299550922256117,0.002076016880209888,0.001948894231285472,0.00177098433837206,0.0015732577921256118,0.001382998059398928,0.0012798973249438762,0.0012154464075446881,0.001109334820063236,0.001042496294178572,0.0010097611747131039,0.000975549990828812,0.000852347582066064,0.0008517930815591001,0.000843742374048792,0.000814320376187612,0.0008148648302839921,0.00083578292719658,0.0008449724252561879,0.000820404142977072,0.00086536271967276,0.0008002225163876279,0.0008126213282789279,0.000852030593174204,0.0008223768242675959,0.00076921896264858,0.000834852832175604,0.0007635848420047,0.000710308143675592,0.0007046089704421679,0.0007156319601651761,0.0006549163317632199,0.0006073155534132561,0.000603987395365568,0.000508247954455916,0.000422019362115232,0.0003870297946936552,0.0003174457692973976,0.00040337062605407995,0.000289670338734492,0.00019204560401653282,0.00010304770119487761,1.373415094030588e-05,6.28401297198704e-06,-4.40406132261552e-05,-6.95360245569272e-05,-6.58997754308748e-05,3.1645041205374518e-06,1.5803364040014643e-05,9.07613938618668e-05,3.389096872314724e-05,-6.435768667164921e-05,-0.0001559574442049492,-0.000229721879117314,-0.00038366439832387836,-0.001113432807260004,-0.001264258011202024,-0.001189157507337836,-0.001228363472252388,-0.001211149295816484,-0.0011545499922404401,-0.001093546663381424,-0.0010740343550656119,-0.000950340844343008,-0.000803052542099448,-0.000751227185464724,-0.0005764680026325561,-0.000416168869331044,-0.0002174886955364044,-8.762644804369201e-05,0.0001245137788168548,0.0002531588911679404,0.00045106175125578403,0.000592715922440768,0.000778654470076092,0.000994580791009836,0.001179837571356824,0.0013661875162600161,0.001571798166832908,0.001749666797881808,0.001979520327463716,0.002198417260351604,0.0024855961538285277,0.00271170386994026,0.0028993760681933043,0.0031031299797050684,0.0032561668848335003,0.003520113988064728,0.003629855143591636,0.003756635519805468,0.0038321064054839364,0.003899557892861956,0.003986984501650408,0.00404841532928476,0.00400844808759264,0.004021234698113761,0.0040526987984134,0.00398754143704612,0.003997555026880776,0.00394392304370956,0.003868346827169844,0.003842122636461996,0.003749940776090812,0.0,0.0,16
Cl-13,0.35668384519012436,0.37999113196640877,0.40661929742945196,0.433353611241544,0.459974138977648,0.485352474915832,0.5088234429034401,0.5252948239543079,0.5408288178686359,0.5524934465911561,0.561623267570848,0.5747823334837521,0.58792285626786,0.598377360961504,0.60398974020434,0.601223965214176,0.5822560230813401,0.538358076921176,0.471286796198236,0.37394088782709084,0.2541629042514424,0.1427178307174864,0.07347348171821559,0.0500510597469604,0.042249934801380805,0.037616125863709916,0.0344699903463252,0.0326559017205324,0.03148620176699156,0.03054963529909404,0.02969428267971756,0.02889020606383488,0.028057880423467282,0.02734137463650704,0.02670579697112824,0.02608435870746684,0.025490507025324,0.02503272154442008,0.02463918675799304,0.024257046550159082,0.02385878224630752,0.023459710472485563,0.02305318045573472,0.022499795921688923,0.02193795432460072,0.021225558826694642,0.02053360158382032,0.019630340955235918,0.01853321863703656,0.01721634852786856,0.0155661462916924,0.01352536506276964,0.010962358524301401,0.008636313545266,0.006832381527753921,0.00605772394209552,0.00568617534995076,0.005530650429013481,0.00534110040539268,0.00511963633231164,0.00501181896954544,0.0048566245429424405,0.00476777035306336,0.00457488905502116,0.00443585994088076,0.00424921780772556,0.004118740439440279,0.003965263586792136,0.0037529943724994757,0.003481307675648,0.003237320078239176,0.00296053555088558,0.002689707037560464,0.0024061253844835,0.002098221220904088,0.001825389628290684,0.001604894939652064,0.0014274803549687721,0.0012186038492198318,0.001028816814117736,0.0008414316231623559,0.00063316856246328,0.000472600087229404,0.0002634306326942596,0.000118687377987972,-8.20349054726092e-05,-0.0001885643237572164,-0.00027611186139159163,-0.00028858481791201116,-0.00041559162218836,-0.00040617033642883197,-0.000534379357203188,-0.000479471257504832,-0.00045920083828167205,-0.000507341255144924,-0.000472650830118924,-0.000450522613960364,-0.00043037675680612,-0.00035523600541956317,-0.0003513395604058368,-0.0003943619534389984,-0.000372719584636406,-0.0003237373160645772,-0.0003561597211104808,-0.0002781269074427696,-0.000226345313962744,-0.0002010061764490556,-0.0001824615445884352,-0.0001766607855868432,-0.00021835548736673,-0.0001834621217786468,-0.0003259309929963668,-0.000205498621215186,-0.0002321967021727096,-0.0002080709302191368,-0.0002507264968114088,-0.0002831492438401388,-0.0003490322744870596,-0.0003880213113104552,-0.0005795848395104721,-0.000917084506733136,-0.000930155624040336,-0.001047968456608768,-0.0011053402685202122,-0.0011664585170072358,-0.0011846788288163602,-0.001263148521436172,-0.001242800416673568,-0.00124222828274034,-0.0012137938018355482,-0.001160932213572616,-0.00111824369756876,-0.0011423736453062521,-0.001177595653288096,-0.00133010075228122,-0.001398409042456324,-0.001523080577048444,-0.001722041980794164,-0.001690634522040828,-0.001734258443972392,-0.0016691712505573718,-0.0016404673049597999,-0.001587282253331584,-0.001490853078745388,-0.001388255837309396,-0.001353105771998952,-0.0012554781415043481,-0.00108640480193748,-0.000979755499863988,-0.000805648682639336,-0.0005863423559163,-0.000443200488607544,-0.00022344330941332722,6.2567064356486006e-06,0.0002607381228513272,0.0005234899360598399,0.000692124535334712,0.000957612865052228,0.001190357809509896,0.0014511810651076959,0.001729312780124808,0.001944300941583764,0.00220702361541956,0.0024762601353980683,0.002785676490660308,0.0030976263836737317,0.003360100962551292,0.003650201591198784,0.003831073632507916,0.00400708439422012,0.00420061674136488,0.00438132714220128,0.0045408746395856,0.00460423316623908,0.00472171505928352,0.0047269923587725205,0.0047877508215680405,0.00477454815224688,0.004714384713284361,0.0047351867307466,0.00467511622512336,0.0046619413550516,0.00458449421152928,0.00450978697126524,0.00447566436829916,0.0,0.0,16
Cl-14,0.31365280357690317,0.33349032896776404,0.3545444042362528,0.3753986163290304,0.3959761674638192,0.415653304260964,0.434387906875952,0.451984555728984,0.467088944426568,0.478344515821848,0.485485465375976,0.493092587787972,0.499652309233084,0.501999227848888,0.5025105809593601,0.50170394446344,0.49804809648694404,0.49039597952806,0.477891140183676,0.459037264604424,0.432252055117388,0.395844937123354,0.3436855587333048,0.269270573856004,0.1820751109003956,0.10589902608900639,0.0573064983364296,0.03714409447054244,0.03081282873501472,0.02832265281780672,0.026627226527244918,0.02530090790900228,0.02412854027921792,0.02306617836465636,0.02209901810975704,0.02124351397939572,0.020466564893501838,0.019709259414592162,0.01906626845659064,0.018455919457269078,0.01787050886887832,0.01730467938043584,0.01683765559539576,0.016306126727432962,0.01579434034582012,0.015342191905554999,0.01488731979407244,0.01437186072537812,0.01387247651779132,0.01331165005137392,0.01267804103279264,0.01197817414594556,0.01121561387225848,0.01035803254146396,0.00970325345878328,0.009378117301985761,0.0091011987846676,0.008924000311008401,0.00872980872042888,0.00852538771807656,0.00836573129947496,0.00824048416601784,0.00807344131938828,0.00797692515932372,0.00783126963867892,0.00770181301243292,0.0075690607032996,0.00740445957640672,0.00715454556397492,0.00697831015791972,0.00671912792372368,0.00642760632348816,0.0061607356418794,0.0059264039437538,0.00565249110069708,0.00545718925986908,0.00524628055454784,0.00503188026180912,0.0048590638869062,0.004716942295279441,0.0044804290363643605,0.0043476395725244804,0.004206166058329561,0.0040148257584888,0.003889635823080244,0.003656424046434668,0.003552211413910056,0.00349496777726922,0.003378773831764028,0.003285966163023288,0.003250467538856884,0.003188952388062352,0.0031963778730349558,0.0031703223760636877,0.0031084842299136557,0.003158018051665068,0.003183395031128568,0.003169935877568864,0.003120226518214004,0.003109586483814196,0.00316440295083214,0.003127201007322632,0.003175341786292544,0.003146162963594032,0.0031661240311450477,0.003136808286446692,0.003128654869118208,0.003096441985183596,0.0030629962374614317,0.00297272611752194,0.0028858981816360482,0.002823905152292824,0.002396270726564456,0.002350180450943412,0.002325111610455044,0.001831429064681652,0.001741343796580748,0.001680225069700712,0.001646960128334144,0.001469399342134944,0.0013407322983868559,0.001223686099736292,0.0010959517386859362,0.001053789821013228,0.000963609206667684,0.0008735801797902,0.0008395912847113079,0.000798347730336148,0.00084256161848014,0.000797004949032852,0.000803756546080556,0.00086368349993828,0.000822969911727732,0.0007612517334131879,0.000626774599282532,0.0005260547497110279,0.00046561447094836,0.0003296332323595008,0.0002581549265546632,0.00027648842948469236,0.0003221513353895888,0.0003092535729138316,0.000346221713905776,0.000422764276201916,0.000469292294298228,0.00043438380743650003,0.00050584908016782,0.000594798095113208,0.000801341033358548,0.000904377629728764,0.001114078531940188,0.001276863583519864,0.001480375206575516,0.001653298262726012,0.001874973111383908,0.0020870429090930117,0.002283167386537,0.002519929703337536,0.002721513061120632,0.002983236518144024,0.003220386195574164,0.003383322457469376,0.003639195161701152,0.003865498244365432,0.004099623351550881,0.00432546650624632,0.0045572517718322,0.00479563008749048,0.004978424242477199,0.0051211318156552405,0.00526082677096636,0.00539895125033172,0.00544863835664152,0.00547279523181644,0.00551018456859064,0.00551872378253156,0.00555083893267948,0.00550119620003228,0.00550772293088632,0.00539993061915896,0.00536670115735108,0.00527302681816084,0.00519749763340868,0.00505682429228936,0.00493519435340644,0.0,0.0,8
Cl-14,0.35546307923399,0.3791591205632256,0.4028844781066,0.426200176415652,0.448026218037512,0.468149339760852,0.486478334428268,0.501329042725108,0.5101717505948,0.5134873071488759,0.5169451949062199,0.5188384302385121,0.5168787786859961,0.5136462954573919,0.509067816835776,0.502215335108776,0.49227282912196396,0.476831281343432,0.45503737559193597,0.425510033089684,0.38299495478785517,0.31261974017351557,0.2135078830531596,0.1163351925298864,0.0518261662018456,0.027105248535255283,0.02036534365804628,0.01804575397577452,0.0169033819947518,0.016189538999507397,0.01553989990931492,0.015122826319810401,0.0146658421940608,0.01430708192267316,0.013862567187570481,0.01350407510077184,0.01314642551594908,0.01285981925888332,0.01258464940956812,0.01231048485109832,0.01204898847182868,0.011790046582507,0.01157897131553168,0.01133908891591984,0.0111142697992388,0.01092594383708552,0.0107715031595228,0.01052440291648,0.010320930757065281,0.01011696773103456,0.00990866840557076,0.00972322893704008,0.00953332237227956,0.009302137235007842,0.009039245648824681,0.008884411966952839,0.00875229724001368,0.0086432306581,0.00854158596508376,0.00838627430674568,0.008326599122262478,0.00827701965843208,0.008143951151104601,0.00804643441688704,0.0079105942837518,0.0077942877165888,0.007721100322033599,0.0075440013097322,0.00743113177829956,0.00716392609145428,0.00693475991680404,0.00667570683753952,0.00639665298211504,0.00616172704276936,0.00591018223104052,0.0057368227444073595,0.00547218005676912,0.0052099244448056805,0.0050020195221572,0.00485545323988604,0.00460125865044292,0.004448054309241239,0.004262753040984841,0.00406763503427024,0.003868012945690596,0.003724599788749952,0.003656689453682768,0.003527133552197244,0.003462034924935884,0.0033799951631514518,0.003283637509196744,0.0032386930622050917,0.0032318068408574317,0.0032114892484898802,0.0031654116653950003,0.003180443852680048,0.003161203904409824,0.00310458123048806,0.003087016023736532,0.00307635861090834,0.003086026036733296,0.003064833404587608,0.0030651954639287398,0.003047423138929112,0.00298004590530976,0.003021278865342504,0.003036922390274776,0.002962359656300444,0.002972455771146132,0.0029325605949831204,0.002833619224365356,0.00310296893974118,0.003141511242250108,0.003079379495015872,0.003000934636055632,0.002946617585067928,0.002872979063839896,0.002804939606752992,0.0027470362089774157,0.002751072881521348,0.002616886530492428,0.0025031724818398763,0.002333167756636124,0.002287907795796928,0.002165366499988404,0.002058471347402088,0.001954587618867932,0.001853802611956772,0.001920393449444884,0.001895431972243796,0.001921320670382148,0.00192479627243922,0.001890471028033308,0.001769051658903768,0.001646032388734656,0.001536734783219884,0.001408997857379832,0.001264052594764452,0.001242668579704208,0.001192891755958204,0.0011959306277650038,0.0012263690129999001,0.001275341357591276,0.00127146679827118,0.001275620256572584,0.001390460081348124,0.001446347459208308,0.001543818101934084,0.001701694952234064,0.001790275454974168,0.001936474699841156,0.002064359725479068,0.00221449575507184,0.0023851511269484564,0.0025491636429965203,0.0027571125678360763,0.002863240461269256,0.00305897180874766,0.00324186369048148,0.003418085383317588,0.003620536052150464,0.0037356420880009884,0.00398341887788792,0.00416610574175144,0.004350907178479279,0.00457771683648728,0.00478536045900244,0.00502033441887128,0.00515879457439112,0.0053491544201155995,0.00547256909690204,0.00555863951021444,0.00562060025468936,0.0056661058282808,0.0056582472895814,0.00570561338836152,0.00572020435175072,0.005700306213148681,0.0057104358561794796,0.00561704438502092,0.005546355078507479,0.00546957612915072,0.00535837367030076,0.00528182291676172,0.00521999832701508,0.0,0.0,8
Cl-15,0.0824422564706488,0.0835347341090492,0.08559952732920399,0.0877917311468468,0.0905011548434456,0.09349888344680239,0.09662699028278961,0.10005921923162239,0.10325378091013,0.1061366536012508,0.10887638394523999,0.111329754668512,0.11363977417130801,0.1165698767435068,0.1209482016298916,0.123787570170676,0.1270670176922448,0.12983683710468322,0.13168155200349282,0.1324521892960284,0.132395468332698,0.1323169264357868,0.132117172522492,0.1318205231681288,0.13148824456700958,0.131069979901024,0.13078487867207722,0.1304617009290688,0.1303675611252076,0.1304885864888156,0.13063215078734,0.1304752452305836,0.13007964247273962,0.1293297219221648,0.1287042837127396,0.127924483313336,0.12769830864729478,0.127205393315896,0.1266335558873492,0.1261941030519296,0.1257721298815288,0.1254375376117224,0.1246253733753416,0.12383059117067159,0.12294965977328841,0.1221636227599756,0.12129111564130601,0.1206866000421684,0.1196686414273484,0.1189006392580184,0.117981620915458,0.1169734558244892,0.1158820120081844,0.11434056060755719,0.11274042249816399,0.111324603781074,0.10997146873576681,0.1088064131082872,0.1076080927811284,0.106438647676708,0.1051789619018812,0.104098578626072,0.1029348751657,0.101957113343806,0.1012138269917104,0.10012201092091201,0.09927762532751279,0.09850703151917481,0.097528684619086,0.09642503743716,0.0949371074763564,0.0934984241850636,0.09178110736092,0.0897676780231648,0.08796562701754079,0.0864368050072696,0.08492388577761881,0.0835269808395356,0.0822575919681036,0.0810117579243988,0.079783003705688,0.0786429621553776,0.0775139242033664,0.0766163375538032,0.07574514767528799,0.0749458193640068,0.0742164055237528,0.07336537416666801,0.07249159845171761,0.0715982540168452,0.070794560715396,0.0699087203543204,0.0692085346864644,0.06834578498989881,0.0673645520095468,0.06638279603640321,0.06531665935996,0.0644968486510776,0.0637394157022432,0.0628883544779744,0.0619378832892316,0.0610680056710748,0.0603294126567436,0.0596095451255668,0.058855123651193206,0.0581920671472692,0.057363959780546404,0.0564677172801164,0.055856145057034394,0.0551458359630124,0.0543892865425824,0.0534763278680648,0.0528155627899772,0.052062544125515205,0.051372556392318004,0.0505523104334508,0.0496631533591748,0.0488936120710628,0.0481133471129872,0.0474101279404752,0.0467258911102476,0.0460631706162048,0.0454106777993792,0.0448211031073204,0.0441618925904812,0.0434987414824824,0.0428329509467924,0.042176613729025196,0.0415769042915232,0.040928064793034,0.040367020920103996,0.03973180518652444,0.03910277038082592,0.03844211467091,0.037822457565606364,0.03714649755608184,0.03652523697535588,0.035858965840855926,0.03526622642898908,0.03465309154898604,0.03402879880540608,0.0334407503146402,0.03283637627878408,0.03239162091236684,0.03180779739938832,0.03124685693914292,0.03067699073309556,0.030084051927299283,0.02947241716555676,0.028888093563963678,0.028357433010890082,0.027867681361183082,0.027422308082224598,0.026956251193230637,0.02660411081190728,0.0,0.0,0.0,0.0,0.0,0.0,0.0,0.0,0.0,0.0,0.0,0.0,0.0,0.0,0.0,0.0,0.0,0.0,0.0,0.0,0.0,0.0,0.0,0.0,0.0,0.0,0.0,0.0,0.0,0.0,0.0,0.0,128
Cl-15,0.0913886625267732,0.0906694913271516,0.09109287249652159,0.0920130114940332,0.09318806400711879,0.09465311083671639,0.0964631753479048,0.098387938837808,0.10038867954501281,0.1023092250467316,0.1041971171605252,0.1060023253849512,0.1074845145894828,0.1087403178592656,0.1097157976405844,0.11142702702901759,0.1132825160624268,0.1148872435994604,0.1164871607287164,0.117857740623312,0.11872554665376439,0.1191742639312764,0.1197066016859676,0.1201453501212868,0.12055217514547201,0.120823381457466,0.1211259687596304,0.1213120634546872,0.1214035499418528,0.1214410794845156,0.1213992326886968,0.1210675209928016,0.1207412227034204,0.1202844703199768,0.1198106983226192,0.119145588518642,0.1191215015654848,0.1188942436352436,0.11851970145762919,0.1179269247057656,0.116795165030416,0.1156807275748924,0.1147559234772996,0.11402515539072561,0.11329981958976719,0.1126245882372304,0.11178623058787841,0.1109638869294768,0.1102262778647316,0.109714296963456,0.109203355504714,0.10854990460272801,0.1078051025365256,0.1069303485654264,0.1059493277224996,0.1047664936119684,0.10385457114204599,0.10301369285114281,0.1023422737592284,0.1014099786376584,0.10020876187234999,0.099163484325922,0.0981448531816428,0.0971881430266168,0.0964922915970056,0.095879735491118,0.0953134098485328,0.0946496237166716,0.0940526729078984,0.0935943072673424,0.0929780792328616,0.09229297709576041,0.0916277171738312,0.09086699715789641,0.0900195414445116,0.0890966552937952,0.0879934933972544,0.08685429441882521,0.08558671801568561,0.08430344595616719,0.08275717067482159,0.08105411439976641,0.0794381792585432,0.07783930717459041,0.0762959099886108,0.07482108054069199,0.07348449789876921,0.0721661014711016,0.071071209709736,0.06993020408014679,0.068848831997764,0.0678880643080804,0.0669548359620392,0.06608214121268839,0.0651857449638416,0.0641147341818348,0.0631501469354452,0.0621751897272132,0.061208792258165196,0.0602092935837112,0.059252225310224,0.0585259827989012,0.0577363879884132,0.0569595198891452,0.056181977049221205,0.0553901943836512,0.05459959693997039,0.053746037450562806,0.0530598546672376,0.0523051530992864,0.05136221763304,0.0506734658674748,0.0498397424921644,0.0490963526360964,0.0482230805084788,0.047329367229520795,0.0464079099854128,0.045487903893141994,0.044632391856610804,0.0438211306125292,0.043155799548092,0.042460347789774804,0.041721969613804394,0.0409518462421208,0.040226500889923994,0.03957973784250344,0.0388805155526756,0.038220705127186366,0.0375108287070804,0.03684161154687516,0.036231110861824914,0.03558368205653764,0.03492583206217336,0.03419926829457568,0.03352826814676444,0.03290669128091484,0.0323789672977264,0.0317263647631968,0.03109954402555308,0.030498390852832843,0.02984568522047788,0.02921932302888884,0.028602874407067477,0.028005557034910238,0.02744901225815936,0.02684950508958088,0.026176168000490597,0.0255895044155698,0.0250138677720538,0.02436003972531056,0.02377348880277304,0.02330402512000648,0.02289073563406372,0.0225358945273046,0.022139267154163717,0.0,0.0,0.0,0.0,0.0,0.0,0.0,0.0,0.0,0.0,0.0,0.0,0.0,0.0,0.0,0.0,0.0,0.0,0.0,0.0,0.0,0.0,0.0,0.0,0.0,0.0,0.0,0.0,0.0,0.0,0.0,0.0,128
Cl-16,0.1200938050356236,0.1202183768191524,0.1201437007193216,0.1226388123763604,0.1239427050971768,0.1252667022395744,0.12686551090406079,0.12881521771944118,0.1311852854329996,0.133765692325058,0.1364113466672544,0.13862350370192042,0.1400897028219788,0.1405656784919788,0.140506311125762,0.14036823730959322,0.1402190861356068,0.1398304734565056,0.13921191535339442,0.1382597970439964,0.1368560428069824,0.13477116401826958,0.1323401275498976,0.1298074640440584,0.1272347859950852,0.1250143552324808,0.1231687465709308,0.1211735245102,0.1193693172453116,0.1175458612642784,0.11584142238548241,0.1141249791030928,0.112518174532698,0.1108295746849932,0.10846222542504999,0.1059355800217692,0.1045285925232084,0.10358715309866161,0.1028234665973196,0.1016676071543812,0.10050487488971839,0.0993572477373268,0.0982025347826348,0.0970984114517928,0.0960376337443848,0.0952593076394496,0.09429945093965039,0.0933372777174228,0.0923918387124732,0.09147918954980361,0.0908066074210268,0.0901641710053012,0.08940562050543199,0.0888390755947584,0.08830225900058081,0.0877865747655284,0.08724374676810641,0.08653111507909399,0.08564260715293641,0.08484070388014359,0.08410411400560519,0.083187319731536,0.08232628071520359,0.0815814649778464,0.0810712350294112,0.0803946365274844,0.07972269379682599,0.07901303529171641,0.0783703262523444,0.077623801439156,0.0769714933607404,0.076224219344442,0.07549907343644119,0.0746874983080096,0.07389253658797079,0.0731753076888604,0.0724454512570224,0.0716006063757184,0.07067583378461159,0.06974934687621161,0.06890189863537201,0.06820129617119279,0.0673343077996044,0.0665408778236176,0.0657421185868852,0.0650149008900904,0.0642532908092132,0.06348657172406601,0.06276055507848001,0.0620812177906232,0.0612809455809564,0.0604844095184744,0.0598155444607576,0.0591184685916952,0.0584771973530432,0.0577895080208172,0.0571208806588052,0.056487503775172004,0.0557502882825412,0.0550507378808728,0.054271703978892805,0.053468456652543205,0.0526924955384236,0.051840767629638004,0.0512691310554668,0.050630144092052,0.0499868561600992,0.0492609589597948,0.0485707631730764,0.0477922228235992,0.046987706005546005,0.045672682278074396,0.044786594142737994,0.0438439071421636,0.0428600565010168,0.0419428560029568,0.0409472709882444,0.03992570256587292,0.03905611409246096,0.03837496924335616,0.03769417274961328,0.037023397427638126,0.036471780513375476,0.03595458374868656,0.03538715350866496,0.034875698369067995,0.034362818695609594,0.03374469969236148,0.033145671884261076,0.032542887498605164,0.032030565316553884,0.03157339182478336,0.03095425797052884,0.030427537571960362,0.02999860762967432,0.0295171447973418,0.0290207004211794,0.028552110695182202,0.0280492494600166,0.02752714752495216,0.02704568014981108,0.02657494949181668,0.0260933669693684,0.025672436440829362,0.0251952634931044,0.02470596158765876,0.02419444715809572,0.023708223462170122,0.02324847732622484,0.02283798720485796,0.022452751620996237,0.02208719816100532,0.0218225803565394,0.02143789587920644,0.02118738635418984,0.0,0.0,0.0,0.0,0.0,0.0,0.0,0.0,0.0,0.0,0.0,0.0,0.0,0.0,0.0,0.0,0.0,0.0,0.0,0.0,0.0,0.0,0.0,0.0,0.0,0.0,0.0,0.0,0.0,0.0,0.0,0.0,128
Cl-16,0.1005197282012888,0.102427195340636,0.1041529933852852,0.1080145683396692,0.11093386735249079,0.11423532494277601,0.1174057703886056,0.1202672052719176,0.12415294185661879,0.1291630389153684,0.13455873206830402,0.13951769444458922,0.1434884145378868,0.14615468492297318,0.148183288463478,0.1495949610032644,0.14827502775407161,0.1457758839588704,0.1465394057066448,0.1481765399703184,0.1497708470248836,0.15007590339083002,0.1445558772302868,0.13685422803291641,0.13301778240001721,0.13252717435051242,0.13084582847866,0.1219753175224868,0.11617932473580479,0.1114477003288856,0.1112320986718384,0.11180243891111721,0.11200053713094761,0.1118167492599108,0.1107319647838276,0.1092009112291308,0.108043890283048,0.1074531508255308,0.1069908293330952,0.1061338217949416,0.1049947912350096,0.1037989471480744,0.103053438801058,0.10227373222010801,0.10149585539154679,0.1008304615353104,0.10004119314250601,0.09918243511188721,0.09854762479985879,0.09786894047958321,0.0972139781602332,0.0967227859367176,0.0962879562696008,0.0958315893795768,0.0954269689126188,0.09483704784095001,0.09418134987768399,0.0935520534852948,0.0930041407325788,0.0922949137928048,0.091674161538218,0.09105946385899359,0.0902882226626736,0.0892993782526156,0.0884064169892048,0.08769143823922801,0.0870354157209596,0.086310361451232,0.0856413047635036,0.0850409589424316,0.0842122019642944,0.08371341770674,0.0830338690980672,0.08233393284119439,0.08130123472053241,0.08001835363671679,0.07912486471599879,0.07848244125502281,0.07790887609741,0.0771820516057472,0.0762768336782028,0.07557319563389839,0.0749366572505724,0.07420364312245481,0.07366064065619721,0.073021567840738,0.07245082476045199,0.07171516152639239,0.07101178754364,0.07018589591349039,0.0693603256564364,0.06861757012865399,0.0678363276702472,0.0669478289393,0.06605310930298561,0.06502379530178799,0.0641495695216752,0.0631994347345512,0.0623688836258148,0.061559748904688,0.060579412907692004,0.0597991784345284,0.0589606236666688,0.058054386423964405,0.0572301232824592,0.0564562832360536,0.0557127198646932,0.05504573740189,0.0544453491253328,0.053801099875197204,0.0531553022495248,0.052505468706804004,0.051838155925346796,0.051214703105012804,0.0506117201709448,0.0499603211720592,0.0492836049623208,0.0485486330035408,0.047975781688444005,0.047309525170403606,0.0467342874403828,0.0460937935326752,0.0455021275724812,0.0448267904430668,0.044162082226552796,0.0434908119197032,0.0428506483516664,0.042311580764237196,0.0417219953798216,0.0411505228661724,0.0405398665777564,0.0399544022798174,0.039381892066505844,0.03880129854929984,0.03823251356153976,0.03764365665694948,0.03707631427686524,0.03656931568996248,0.035975791133657724,0.03543985227621676,0.034835343976460445,0.03426861617643876,0.03370843840705048,0.033119421355984884,0.0325517891072056,0.03190109932959716,0.031249480154801598,0.03070219632170404,0.030071798743518757,0.02956076563775344,0.02897332585069192,0.028457175948947998,0.02803751400091116,0.0275439215689322,0.02701516004531216,0.0,0.0,0.0,0.0,0.0,0.0,0.0,0.0,0.0,0.0,0.0,0.0,0.0,0.0,0.0,0.0,0.0,0.0,0.0,0.0,0.0,0.0,0.0,0.0,0.0,0.0,0.0,0.0,0.0,0.0,0.0,0.0,128
Cl-17,0.033873567065402926,0.0338910617205226,0.03445669017788972,0.03524698701222488,0.035995158108134244,0.03671253617566616,0.03764810605994456,0.03886043672386952,0.040197999692751604,0.041534865405754,0.0428683631167888,0.0440790993239612,0.049790194185338796,0.055801497123338796,0.0568168703554632,0.057826730749788405,0.058746405924696,0.0597241080107684,0.0606267627260184,0.0614654368530564,0.062409244497486804,0.063266632184522,0.0637583516463352,0.064346997394596,0.064940719808046,0.0654265380699416,0.0656869850116588,0.0660267193161288,0.0663056904149636,0.06654731404938001,0.06670235284881279,0.0668460931430768,0.06668855517720959,0.0665048326465772,0.0663591874876524,0.0660603332544808,0.0655780661788536,0.0649328271554976,0.0642276127976176,0.0636831132679668,0.0631758173844092,0.062602062228496,0.0617724250844744,0.0609624153005412,0.06018614606659,0.059422697965856,0.058790669047923204,0.058208806628204005,0.057489058978822,0.056849261074028,0.0561397235588564,0.055213818574918,0.0543339356530172,0.0535107106272496,0.052709378026026,0.0518299369955228,0.0509410740543964,0.0502203852011212,0.0493177077661332,0.0483611173279736,0.0474251173509268,0.0464624334978496,0.0456660139156144,0.0448239081484548,0.0440240767351196,0.0432853365534756,0.0425172897977124,0.0416857268106872,0.0407640066803616,0.03977169058199792,0.038894969008355436,0.037971031122727726,0.037173839432047676,0.03633009679624996,0.035490232279250356,0.03468372784086196,0.03376106902727952,0.032858058836358284,0.03194262821298468,0.03098007424454696,0.03012209457969324,0.02929271439269348,0.0285207143163146,0.02765323544043732,0.02692671367729104,0.026265352350584158,0.02557057078716696,0.024955245662982642,0.02433534225868424,0.023647113174058522,0.02309312762603184,0.02248679382296464,0.02188351804681972,0.02133494315222564,0.0208296233358816,0.02028669813659108,0.01987804183780148,0.019412018037509922,0.018887253228281397,0.018389878282954717,0.01786397048192896,0.01731455525567548,0.01679946483046896,0.0163532118098028,0.01586098938258644,0.0153881344293508,0.0149484225084034,0.01449256977545632,0.01417837728720408,0.013788350786790719,0.01343975709405856,0.01308919706709348,0.01271385227649496,0.01233238592425912,0.01190934443330108,0.01150048209063076,0.0111497739444888,0.010815772816516599,0.010436039301357801,0.0101524306991526,0.00984916081738932,0.00963019441235744,0.00934193092972496,0.00907208692374436,0.00888605974143296,0.008629726527326121,0.008421914561909879,0.00815234834871352,0.0078891734805434,0.00762523971686068,0.00732557864992792,0.00697480473225012,0.006656011472835521,0.00635819358628664,0.0060035019546172,0.00576102458448384,0.005556661059311,0.00535636765889716,0.0051460013777014,0.00502478940661044,0.0048804975161729595,0.00484911210741972,0.004762604676598959,0.004739378815264999,0.004721708141214,0.00465282126676172,0.00456976433711772,0.0045003110141188405,0.00437343305287588,0.0043204723476006806,0.0043038573202872,0.00424705361616428,0.00420576606813528,0.00415262977356408,0.00416682900859188,0.0041879384463574,0.00414900024823772,0.0040603050472844395,0.00400637118852488,0.0039087288872114035,0.00386280609483208,0.0036909553046588044,0.003530146381757224,0.003370360614245764,0.003205201508226388,0.00301884683864266,0.002841834100684564,0.002705494246163064,0.0025935884546565598,0.002383450056916444,0.002220682506982408,0.002179603102075188,0.0021122340087016238,0.0019840046650866482,0.0018693409092270681,0.001776129223640944,0.00159305690198276,0.0014365396856446239,0.0013285895023576319,0.001177861085871216,0.0010830795697578922,0.000985805300949588,0.000904768380268612,0.00089570331589662,0.0009010598644886,0.000929963330223752,0.00099158650942272,64
Cl-17,0.0574326489066216,0.0548410360850868,0.053574046429167195,0.0530274310503968,0.0523350290941576,0.051906584385448,0.051886809068545606,0.0522561473029304,0.052778153781193604,0.053294979307936,0.053833395349363204,0.0544820680306088,0.0541186957307932,0.054799014427138,0.055245021698985604,0.055742925700826805,0.056456191780145194,0.057271636382778,0.0578512531052236,0.0580053976926812,0.0585224348168092,0.0589807551930852,0.0592434393696284,0.059423624798773604,0.0595368999410904,0.0595975824699276,0.059578493215467196,0.059380453439416,0.05896731526778921,0.05839303024117121,0.057937132358800394,0.0576269521004468,0.057013177802010394,0.0562345751366004,0.0551498271685284,0.054092484862419195,0.0531179377211336,0.052313326991047605,0.051454960170856,0.0504521228319712,0.0493461315405668,0.0482597366824808,0.0472275063801736,0.0463176741208532,0.0454235878063792,0.044500878125832796,0.0434537362923756,0.0425732637669292,0.041644715720499596,0.040774429248725604,0.03997319053038348,0.039125586558955365,0.0383009833656306,0.03741061130533028,0.03645778054550424,0.0355326331105476,0.03458697602901268,0.03368694200071144,0.03318130364330988,0.03282010750986472,0.032432283143090844,0.031776697374417996,0.03129539161818544,0.030416063476135877,0.029608326056611362,0.028677907024479962,0.027713832557126398,0.028491806044690437,0.02865841543268892,0.02907031067921144,0.0281248603580512,0.02727548822397216,0.02651099003811876,0.025457206014001917,0.02470077148286752,0.02397481699943356,0.0233736862533288,0.022562693631227638,0.021979088530785,0.02132375944256768,0.02069083260695808,0.02013794790850416,0.01953634802616476,0.0189243112597706,0.01834183546216812,0.01765731323339684,0.017079755669924642,0.01651630369431676,0.01596138558207036,0.015419906614188919,0.014940646376658,0.014440162071887001,0.01400574200845776,0.01359964277844392,0.0132420183843244,0.012842100874197399,0.0124461015206742,0.0120427670931574,0.011604173053684599,0.01115499590056596,0.01069201648601832,0.01021749072433024,0.009758721168837919,0.00930844998153748,0.00890119201859396,0.0084926610574142,0.00809683340272516,0.0077596056073205594,0.00748443420037736,0.0071900001910107595,0.0069750249150854395,0.00677251777735108,0.00648607242551068,0.00622319895236692,0.00587469192322252,0.00561886159575304,0.005309722897624641,0.0050752129946198005,0.0048472493015737205,0.00466656437243092,0.004511971943455081,0.0043710999752865996,0.00420335463187256,0.00412182783403292,0.003971174310682776,0.0038498227278947,0.003748475453314916,0.003618438424010944,0.0034084120542649398,0.003205080667499304,0.002984342817056496,0.002712819393395336,0.002389572981136112,0.00213506520955108,0.0019453934525806799,0.001727408260881396,0.001643471953975144,0.001556132221530288,0.001428199475008248,0.00136947951394426,0.00138359633882678,0.001518330642140888,0.001580013867979692,0.001614380087506228,0.001683792736631772,0.001712959687185172,0.0017391191883485999,0.0017934526942076522,0.001796958587394668,0.001777553244050004,0.0017767279093205718,0.001868870085209164,0.001915065594436832,0.001973593787954012,0.001643096713926216,0.0022005681103006883,0.0024452853821213,0.002587860684907744,0.0026360986622605076,0.00270761497564336,0.002660122363945712,0.0026139230206026678,0.00257961832481018,0.0024380459429359804,0.00233897959609836,0.002198678947183988,0.0021016224407614283,0.0020035997866064,0.0018458930330971842,0.0018034417535581998,0.0018219434455172,0.00174326706406464,0.0017826584026027481,0.001688898691208072,0.0016294962804025439,0.0015416346972395442,0.00144480013174142,0.0013541265378652042,0.0012440295947340001,0.0011932041298835761,0.00114222346164928,0.0011076386481494041,0.001145000378550772,0.00122521730560544,0.001304780791602272,0.0014514203233813,0.0016680140404631242,64
Cl-18,0.0573503253219912,0.0579027254531892,0.05796095766681399,0.0573378779550928,0.056288646565868,0.0556107627704192,0.055372653398174,0.0553085125714124,0.0555152643824536,0.0556979919435716,0.0557896494215028,0.0558799852060684,0.0546076190346936,0.0544187050110872,0.0548414890223524,0.05522398205826,0.055494594391068,0.0557595896844268,0.055976864294551607,0.0563442448519476,0.056817556771226005,0.0571607809378716,0.057440777266802,0.0577043408986776,0.057856888664376396,0.0581644648016128,0.058442872265366,0.0587703971652724,0.0588593881308948,0.0588531895489976,0.0587850582936028,0.0587503525440548,0.0586408742160076,0.0584665831290528,0.058210464392885596,0.057877880503269204,0.057349433269874406,0.056699627446021604,0.0560692054843232,0.0552399545655216,0.0544262954037492,0.053642719902128,0.0528223457659344,0.052016704433384,0.0511506177220896,0.050360445890014,0.0495123193966132,0.0486001904658332,0.0478794341788076,0.047260327827797606,0.04669442513562359,0.046041026670944,0.0452927701240288,0.044453443672028,0.0434771069961892,0.0424984425815864,0.0415874768349304,0.0407086565116608,0.03979171214421696,0.03878175171327108,0.03787914323004296,0.036917456955346525,0.0359671155382688,0.035087723698306046,0.03419025365302432,0.03327472130666944,0.03237169602728304,0.03157201819315156,0.030701465400489,0.029791865964341798,0.02886777031083376,0.027876384228305,0.02685849754698412,0.0259554035180386,0.02512596282075048,0.02429856322905152,0.023394883483472,0.0224671185602694,0.0216364549456682,0.020881507028524718,0.0201138850020108,0.01942563900191552,0.01861296396442244,0.01784124829181572,0.01702897049843524,0.01623781839526988,0.01544980629151,0.01471480632659132,0.01397230267057396,0.01335408657480872,0.012761942732941121,0.01219523054609476,0.01173149891348196,0.011267918410464199,0.010859405231606839,0.0104884839479458,0.010038819794119361,0.00956326142386504,0.00918455964096872,0.00872946998024944,0.00828183307971604,0.00782050437253428,0.0073700170520644,0.0070267166788432,0.00666447351508276,0.006311579214852,0.00598386487640168,0.00569163688344352,0.005423461802926801,0.005182140768743919,0.0049750299409126,0.00468658163488904,0.00440006472097488,0.00416095299032104,0.0038628927787666,0.0035909776701587882,0.003280778131260964,0.0030609492795097,0.002824814128945344,0.0025981401283309,0.002459909097625424,0.00234408459295028,0.0021541047166159723,0.002041516820294724,0.001957378470891316,0.00183511143182812,0.001719882405014512,0.001645572561915792,0.001422039867559112,0.00120653797754124,0.001006358033879932,0.000714880797629028,0.000433157767821024,0.0001728956135358068,5.47190634816248e-06,-0.000202910098274414,-0.0003800949230854812,-0.00045226466720228,-0.00051847232958792,-0.000539153209001888,-0.0005027319660065,-0.0004259382034812,-0.00034024992397267,-0.0002671652969190432,-0.0001646136302400372,-0.0001151479089725668,-0.0001495206989165748,-0.00013360609752537158,-0.00010968450800067519,-0.0001321079460245804,-2.775791798166632e-05,2.202052421047304e-07,7.473842396950279e-05,0.0001517515790391416,0.0001523579129295032,0.000237575567705658,0.0003078824233589128,0.00038070831822009757,0.000412664605995592,0.0003931042303528328,0.000350545816600712,0.00030487472058074477,0.00015614041251606,3.033825345731888e-05,-9.2670417828142e-05,-0.000202330575400854,-0.00029664986015790916,-0.0003627352493400628,-0.00045538080221525204,-0.000500110625508724,-0.000539834573321236,-0.000556167768398016,-0.000506991796646176,-0.00053490127104002,-0.000602308643985056,-0.000654484301803752,-0.000748845161799188,-0.0008870708434067401,-0.000929151331001692,-0.000999654521405144,-0.001046051952121972,-0.0010505397456204838,-0.001048190998944188,-0.000974065844471544,-0.00085377710036418,-0.000685878678484232,-0.00048854782132344,64
Cl-18,0.074657588295766,0.0741594230220308,0.0737479944666716,0.0726506678997816,0.0711011319206672,0.0703151181724372,0.0702653125432912,0.07041318865225919,0.07078101101357161,0.0711703015326284,0.0713477181707852,0.071670397953102,0.07204000503317841,0.0725439199288272,0.073247374627838,0.0739025918015012,0.0744141088691108,0.0750471272889168,0.0756537598946128,0.0763095720167044,0.07691349701081,0.07722224488282041,0.0775852021885576,0.0781074166376848,0.07859495035973439,0.0789779399393912,0.079251655631354,0.07934244502931681,0.07939498586546599,0.0794359320966672,0.0795215954329516,0.0793996526378164,0.0794163956956536,0.0793059360758048,0.0790350671291736,0.07860337956006841,0.0779114326964956,0.07699572327920759,0.0760237932127376,0.0751261963466964,0.07434674875394759,0.0735743961658428,0.0725180845375168,0.0712646645391684,0.06990854923988679,0.06861818393527039,0.067453765049458,0.066157627116268,0.0652635744548052,0.0643140327286212,0.0631870535154972,0.0620577928628852,0.0609111883278676,0.059744370710659606,0.058649923485115205,0.0572939347343572,0.0560877958890108,0.054824850163646,0.053538578040054394,0.0520905619887096,0.0505603980197756,0.048982765446414,0.047452573129784,0.045948280531085205,0.044294080596658,0.0427895987301096,0.0415383338209264,0.0404360148868976,0.03940069934176852,0.03834256037042216,0.037282951742167,0.03624170473951704,0.035246634145186154,0.03430420728838852,0.03335449639078424,0.032443633948946476,0.03150581098087596,0.03058606793652416,0.02975110615972432,0.028881912970192443,0.028122357493852838,0.02725445827480604,0.02643515714480624,0.025608236770981202,0.02478624276540084,0.023946132881284762,0.02305413629644552,0.02223187730891904,0.02142177351220624,0.02076534271187776,0.020071235094896243,0.0193546079555628,0.01878257991898752,0.0181503835017118,0.01760152374856184,0.017061335130550317,0.01648193488368772,0.015948424889897,0.01534096851270408,0.014695701836762961,0.01407199002424332,0.013510856168937239,0.01296977099312684,0.01247909018822176,0.0119509671752676,0.011464912750701479,0.01101386253215556,0.010661588956642999,0.01028553872918504,0.00994490906320184,0.009699704689845481,0.009394028936726279,0.00909384606693624,0.00883596185650916,0.00843848284581236,0.00811865668016256,0.00779047872771092,0.00751824486538104,0.007174099095675001,0.006952211011118601,0.00671178368408816,0.00656062120629624,0.00637408507493876,0.00623429919734124,0.006086325095110001,0.0060092884932791205,0.00581557001654832,0.00571411994239232,0.005467132469744121,0.0051707425139516,0.00492297231090588,0.00459860328697804,0.0042368653787274,0.003950469248304112,0.003692752336621268,0.0034979791194071283,0.003310322458001916,0.0032289439819054282,0.003111259270622464,0.00305609735692676,0.003097069970328548,0.003102911324727252,0.003157197927288836,0.003234007513133608,0.0032543218534175156,0.003288617035589856,0.0032348896432939076,0.003249565674730364,0.003208608108969888,0.003196038127814748,0.00324101877135528,0.0032903966501366,0.003345310441257532,0.00337961618911732,0.003450141191776312,0.0034977762564735483,0.00358654154440248,0.0036084695132698437,0.0036178506195397443,0.003607966000862284,0.00348293161576384,0.00341468917768482,0.0032972217134184557,0.0031423624247186683,0.002974607810158368,0.002816293819505428,0.002698191795826492,0.002578295811469556,0.002483863788949164,0.0024122479723933557,0.002360293017631612,0.002309331938186616,0.002361602121081744,0.002290994997184284,0.0021731876148527317,0.002038532150319396,0.001906356875119716,0.001751911747661464,0.001591026764063548,0.001487358085324068,0.00134519680759452,0.001264370648581992,0.001264992325993112,0.001325534898488908,0.0013835655154419719,0.001540297927940044,0.001767353523083124,64
Cl-19,0.1290562542934764,0.1315946374536788,0.1345541286282252,0.1378574214400472,0.14133716314158762,0.1449479838128396,0.1485707008235288,0.15218080617918242,0.1556567159214976,0.1590435576224524,0.1624727288264124,0.16559974414788162,0.16847181898326202,0.1708782670354912,0.17358558107196398,0.176258227751204,0.17893019665324722,0.18146394117911482,0.1839653818364408,0.1862218058368928,0.18811722623236882,0.1898791754789748,0.1921230373494128,0.1949112107141816,0.1980715552899272,0.2014637724440108,0.2049786888387572,0.208716629698426,0.2125361595236456,0.2165601999060884,0.2209500881078208,0.22566961386029002,0.2308142677626152,0.23604218356738998,0.2411766261928932,0.2464192749353044,0.2510650960656164,0.2550850312557348,0.258360229679444,0.26085560848296924,0.26218561842005356,0.26208501147975843,0.2590989617462212,0.2526445223880556,0.2449475671373512,0.2371414533644956,0.2291157763119668,0.2216922122953996,0.214775096950024,0.208103922660902,0.2017362310173948,0.19574503127424758,0.19011955173763762,0.184560511937754,0.1787870531635444,0.1723644161139968,0.1649329486060416,0.156154646832148,0.145687339229376,0.133140815161708,0.118328704430768,0.1015391276734928,0.0829942030718364,0.0626510953405896,0.0426454035540168,0.02662027708246064,0.01759331261020544,0.013906639581641081,0.0122714960108898,0.01122724654937968,0.01037060285365716,0.009559073543832999,0.008886834028997839,0.008199049083021761,0.0075418377386260805,0.007034452873398,0.0065135980253758,0.00604230736343392,0.00561241667918248,0.005260351925248641,0.00484513541233304,0.00446833694737584,0.0040860314875388,0.003708087647583408,0.0033349175931159077,0.002964660829695732,0.0025641650972151957,0.00216221173724306,0.001830084151224016,0.0015517366994769399,0.001250295417990316,0.000960876912181968,0.000741927529610988,0.000547858525455876,0.00036850087621011164,0.0002425322275061604,5.62964860642056e-05,-9.784478190385321e-05,-0.000338203956168582,-0.000584932580352624,-0.000808748101188136,-0.0009804487202251279,-0.001171359612562792,-0.00132409150661094,-0.001455641172097944,-0.001604581980667928,-0.001690627387862676,-0.0017353145775486321,-0.001753244748160084,-0.0017618902755194722,-0.001796990955169788,-0.001825900714234292,-0.001915289127742052,-0.0019308201842327159,-0.002023736002261384,-0.0020946514701086797,-0.002210437483398696,-0.002241613377517328,-0.002308863303255556,-0.002326372191239664,-0.002336516228613036,-0.002310979084642104,-0.002333016885036808,-0.002354014114692364,-0.0023041475632167158,-0.0022280445697539283,-0.0022208431407964324,-0.0021976875489378277,-0.002225987754799584,-0.002347799481243508,-0.002467669816349252,-0.002611213199502416,-0.00275944651317682,-0.002915150336386476,-0.003037692301975648,-0.003074638577584928,-0.003137019492082948,-0.003132207924904432,-0.0031053330093114917,-0.0030953149982675277,-0.00295316704774062,-0.002843828394863872,-0.0027389815752680204,-0.002611628728424824,-0.002499562451191556,-0.0024117749184046963,-0.002321182948424552,-0.00224973813150174,-0.002191356684302956,-0.002163197566368848,-0.0020184449183288642,-0.0018850589202203281,-0.0018220790218128919,-0.001740407123146212,-0.001574496082047748,-0.001479879354859864,-0.0013272914828404401,-0.001321617355512916,-0.001223239894622532,-0.001212599076372676,-0.001228454584629676,-0.0012788581765820679,-0.0013407927114703,-0.001463982402704004,-0.001574973529457592,-0.001684497817768204,-0.001716506934564644,-0.001800723344273688,-0.001907966079248988,-0.00196903644646198,-0.0019069162144524441,-0.001966707328080716,-0.001948362556144288,-0.001962450907029176,-0.002003727098713144,-0.002096468110924436,-0.002147019435473448,-0.002325580138979456,-0.002366345081012444,-0.002431199706592392,-0.0025372303594493563,-0.002560630823401412,-0.00255139083303366,-0.0024652476598019638,-0.002406540411594324,-0.002248786870150216,-0.002065280443606536,32
Cl-19,0.15898979554896558,0.1602933044920868,0.162550349305432,0.16513506974570918,0.1680358489160472,0.17102428822155322,0.17399135704723118,0.1769765061992272,0.180033616107246,0.1828557262461268,0.18559829462081082,0.1881337411884356,0.1902625970834496,0.1923196268069828,0.19479242465816718,0.1972044783396976,0.19979623449712322,0.20221868108325441,0.20447084713761482,0.20676944061978159,0.2093597311848644,0.21226588152336562,0.2153605674145544,0.2187633080953156,0.2224135425936488,0.226213906984748,0.2302287952939228,0.23436938302812121,0.23868697104701642,0.2432999669683276,0.24802644299145998,0.2526437851140996,0.25707972457241196,0.26129995630402236,0.264484730287998,0.2671243803781584,0.26901576450166076,0.26991335069803557,0.26972684147830117,0.26836705905874997,0.2655168602335272,0.260332747508212,0.2533959951353884,0.2455470818849888,0.2370547357908524,0.22847072120597242,0.22013566112059121,0.2118057541638156,0.203098024055866,0.1938467968283712,0.1835799186467288,0.1716089986136872,0.1575164584511856,0.1406511588770588,0.1213071508222128,0.0995094870543376,0.0762851693225956,0.0547512278418824,0.038843471954651,0.030273045312991322,0.026136585268240878,0.02360978586542132,0.02166049407493456,0.019861630543717042,0.0182139143546428,0.01690760400269472,0.0158426379088566,0.01492579956124736,0.01420956002036608,0.013309586042725441,0.012607906840509081,0.011979524394534159,0.011331546358020519,0.010688904936913641,0.010153753254617679,0.00968291392079632,0.009246216269856401,0.00886313237966672,0.00852612386383592,0.008236724109032879,0.00795863679694644,0.00768100023990716,0.00740514361932752,0.00703333457282884,0.00669623395047408,0.0063733035408738,0.005989491815241761,0.005706709904806801,0.0053876951033320795,0.00505238563186252,0.0049189195778931195,0.00465706031255752,0.00447206989992988,0.00432783523497512,0.00419011310134616,0.00405056190085672,0.003898919380855308,0.003710506876296712,0.003472965483304484,0.003316553013914592,0.003128632193346964,0.002919695427956188,0.002756808459770128,0.00255260650665684,0.002456903224842012,0.002358752783420752,0.002267577172271536,0.0021807897897852284,0.0021984738766070364,0.002152749330284732,0.00212057264094226,0.0020757486503364523,0.0020000384718691123,0.001873530795776936,0.001643652853114188,0.0015255540335661999,0.001467172608812824,0.0013317302895628,0.001257234202713984,0.0012589197183705881,0.001242181125957204,0.0012320502120160399,0.00123615532797242,0.001270993969465236,0.001295984387574512,0.001336381358554116,0.001378772490259848,0.00130256968165318,0.00124454521385934,0.0010923692137710802,0.000969069512710992,0.000777718805568368,0.0005565224954696441,0.0003896626135169228,0.0002847307569940152,0.000174174205723862,7.09106085721652e-05,4.2057719520141595e-05,6.0797592953568804e-06,8.55084857923408e-05,0.00017320030053238962,0.00025922400066391,0.0003941995862568864,0.0005514014593481201,0.0006437289242302,0.000714157339051244,0.000652877513881708,0.000627270738741956,0.0007267454803859919,0.0008188342198236121,0.0009080188582132361,0.00098441151405638,0.001141787592019892,0.0011939052652769479,0.001275664593818644,0.001392371307251548,0.0014862492317026079,0.001584103636649356,0.001634215356316004,0.001606361330786164,0.001574179588022172,0.001515600963736424,0.0014145857711374442,0.001230538901917748,0.001122633002312492,0.00105487970134598,0.0009040106851030481,0.0008334657676577,0.000658086837825104,0.000602954300649292,0.000646010854350476,0.000579434124735,0.000604105089233048,0.0005088187695138239,0.000430179705558308,0.0003368482598317068,0.0002169674268779016,7.1260214454686e-05,-6.334586353207359e-05,-0.0001617183038154408,-0.00028086264613279397,-0.000301997417870434,-0.00032685068040776323,-0.0002768877916400636,-0.00021633999957358042,-0.0001048478233231272,0.0001226454380009748,32
Cl-20,0.034635773420725886,0.036497119533920604,0.03876809349087696,0.040762237209221605,0.0422403019342588,0.0431997266100968,0.043782475144608396,0.044435807428848,0.045117463669512,0.0458147859628232,0.046633031127312,0.047391199168660796,0.0477928300714012,0.048496029422301606,0.049178915510958,0.049481114356088804,0.0499916129533352,0.050672617717152,0.0511404387530808,0.051417361617014795,0.051387981989638,0.051376627651500396,0.0515180701635464,0.051655927243841604,0.051764758372298,0.0519019072557692,0.051926093240118,0.0519871533753176,0.051866195511863195,0.051665627536152794,0.05133121724352,0.0510663875998984,0.050638090445574796,0.050141990907686396,0.0494876288067956,0.048787388299645996,0.0482056276462952,0.04761215370694,0.0470685308493008,0.046538732486688404,0.045968552644882796,0.0454583007549984,0.0448856678614276,0.0443107749555528,0.043685254787223994,0.0431490361879028,0.042505756362868,0.0419105422306988,0.0413440540744124,0.0407284499363384,0.03996644349396312,0.03912070942026772,0.038020496980921845,0.03683181121262924,0.03544458301894744,0.03402943525194596,0.03239200614602828,0.03096424799759076,0.029630420804741403,0.02867155785881896,0.027869903151148078,0.027169933815625838,0.026424196075560923,0.02575998818786508,0.02506678233622148,0.02432953844943948,0.02348577407974532,0.02270103530444744,0.02179909810506792,0.02082407529841632,0.019748620692008837,0.01868981569962432,0.01768015234432196,0.016669383164668757,0.0157866392654908,0.015019964319166119,0.01448240253497796,0.014093863982029919,0.01384304596375328,0.01357999168594388,0.013386788163524161,0.01320354422604988,0.01298604107982812,0.012758868298641,0.01253215247056084,0.01221730703206668,0.01193707599936872,0.011661612607746999,0.011455953040802401,0.011224060832464,0.011100930539223921,0.0109210260240892,0.0107875704177478,0.01064164986699388,0.01058061120864188,0.0105033474313512,0.0103982295122686,0.01025096645040488,0.010119572229081641,0.009966187074093961,0.00975787657294044,0.009599945221303401,0.00938908757895436,0.00923249304102176,0.009118179562703681,0.00901672994375784,0.00884822540472292,0.00881116513770164,0.0088086574391138,0.00872700286388896,0.00863555315706656,0.00854296110655344,0.00840036573600904,0.00821974846765332,0.008073926177846519,0.00791614114716108,0.00772459200197508,0.007542540004010719,0.00749958221562936,0.00743074449829144,0.0073281373348084,0.0072881695895178,0.00719964771129684,0.0071743245547264,0.00722800751316736,0.007139301539809521,0.00712934586269328,0.0071041605303169605,0.00695474699715336,0.00675702831879084,0.00657572191849344,0.0062814195018902,0.00603110411913436,0.00587264321636504,0.00558932026562704,0.00546001151750848,0.005287535777604641,0.00526409374527724,0.005190688309390039,0.00516991529098276,0.0052686938089167605,0.005319541173581081,0.005400034306397439,0.00543461921196664,0.0054995811184702,0.0055305835044676,0.00553484349944148,0.0055024362457348,0.00551913498566476,0.00549813731031896,0.0055100696126698795,0.005566505447257401,0.00558939654969536,0.00566705891534912,0.0056830204447908,0.00579692184162696,0.00586006838166396,0.00590044326587808,0.005897211500969801,0.00584725684160044,0.005762853968644161,0.00558908318984148,0.00547007358634472,0.00530246305535768,0.005069794104451321,0.0049105435211699204,0.00479346960486464,0.00459924589698984,0.00450323494023148,0.00436457156890908,0.00431795555154384,0.004274258415837641,0.00418306317305228,0.00413553797620044,0.00400174212284676,0.0038497423231466,0.0037200015634524923,0.0035240118692799797,0.00338998689604094,0.003179464262913804,0.0030606293838032917,0.0029281461450162637,0.0028990559441875318,0.002946454906004408,0.0030013868473180117,0.0031404957771974037,0.003228826222701544,16
Cl-20,0.02908864229015128,0.03252065364171868,0.035758149849713594,0.03854576929747656,0.0406425559325676,0.0422691077813912,0.0435424315567748,0.044404294703703204,0.044907061234912,0.0451229208111388,0.045385145374919604,0.0456935729549164,0.044310267017374005,0.0439227380533512,0.0443615699247064,0.0448236745246232,0.0453261507828096,0.0457700643401672,0.046195742755745596,0.046443988855822,0.0466872666251736,0.046741916575,0.0468409577600168,0.0468484193693436,0.0468356204415852,0.04671533360563,0.046596816765426,0.046285111292656,0.045928898076946,0.0455098298178204,0.044993470746889995,0.0444690057636184,0.043807624712812,0.043137855459831995,0.0424107969727188,0.0417063411549192,0.041037956812042,0.0403265809169108,0.039724988322692195,0.03925221164164364,0.03879810271993784,0.03840310266882936,0.03802884010772596,0.03769168374158044,0.037349767112112194,0.03701292464093052,0.03665762857478092,0.03633577242720124,0.03601564663497112,0.03563843479536552,0.03525873420419824,0.03481373738171216,0.0343122440696104,0.033785296897560005,0.03325830334128236,0.03265598128077732,0.032103633198529845,0.03150154240989424,0.03091511604866072,0.030321315304119398,0.029776585055199197,0.02927342454408924,0.02876274721522924,0.02818538420341592,0.02763829861824324,0.02710249497987952,0.02645802857797484,0.02578575736033908,0.025049879528648438,0.02425306887817128,0.02340284829744544,0.02257796634147,0.021726923339960798,0.020841934105951282,0.02007572209600176,0.019366680220598682,0.01867367267106436,0.01815030992880444,0.01774512896673668,0.01744505195941452,0.01723547415157464,0.0170719805234408,0.01687119849061272,0.01666395882786508,0.016422073913962918,0.016194282582853957,0.015935570611551358,0.01573384204778536,0.015561142762195081,0.01532021363025772,0.01516517271675816,0.01503001186842896,0.01493269241274896,0.014786449086506361,0.014717769254399441,0.01460481081487192,0.014489757493807041,0.01435040522383252,0.01420467560912972,0.014066757526853801,0.013873088286078559,0.01369586909218944,0.013465945817217079,0.0133444903182262,0.013208216800175199,0.01311951256194156,0.01301336480801952,0.01291155603499388,0.01284983383048648,0.01277830690034628,0.012635125555919521,0.012562566127869159,0.01242803280228032,0.01224687175125808,0.01209434346884492,0.011927323289068321,0.011715220418750519,0.01157537168196592,0.01144927658584948,0.011328686546628481,0.011207321089340761,0.01112524205179044,0.01104486132798212,0.010983163833390479,0.01094542396098116,0.010887591655768001,0.010829868050469439,0.01075025730765264,0.0106151515566304,0.010472268917850719,0.0101722223963712,0.009936693577701399,0.00970756540408548,0.00943782858930996,0.00924912745138844,0.00908397154780208,0.008961004876186321,0.00884198469845168,0.008749523432091481,0.00870130907893584,0.0086661364007298,0.0086830649889576,0.00870221896938816,0.00866107691032132,0.00873661616294896,0.00867438523723504,0.008626499202745039,0.00860936369718476,0.008548613959130879,0.00846665111883804,0.00849443425542508,0.008439368908204679,0.0084528216460158,0.00846045912370356,0.00845448812312352,0.00848238620937228,0.00847771129690336,0.00849571558478452,0.00845075243017104,0.00838466821575912,0.00828468557968532,0.00815768036492512,0.00800036641258232,0.00784326397408836,0.0076649141576481195,0.00749103592158556,0.0072989542206072,0.00721237595940076,0.0070726256336872,0.00695370669929156,0.00691089052118128,0.0067590422524186,0.00667071101870588,0.00661746527650024,0.00643880142832816,0.00630197426270612,0.00616795571463572,0.0059811362731196005,0.005832210564121041,0.0056925456679482395,0.0055608739786268,0.00545086879840468,0.00537486347602904,0.00534567469822072,0.005314156766510801,0.00537305394549636,0.0054343364715115595,16
Cl-21,0.02955861790297712,0.033073657746348635,0.03661579995077628,0.03953385062451852,0.0413564909162488,0.042243258610231205,0.0432178734064548,0.0443915279898412,0.045606206867672,0.046626423367631196,0.047527680839976806,0.048331663563696,0.0490238913758824,0.0490324670706832,0.049528136072505606,0.049926236702364,0.048983747058923596,0.0487839819782264,0.04820404254738,0.047428683942278,0.047213017729084,0.0468685480811556,0.0457237108438436,0.0449294793022828,0.0440440499355432,0.0434473401776408,0.042571585238934395,0.04164406562665,0.04050923945766,0.03928986394601048,0.038309570030301436,0.03738626358311268,0.036458596319328844,0.03538723874357404,0.03450596391257668,0.03350000055135436,0.0324386002624868,0.03142375424719164,0.03040101493250508,0.029280249804569478,0.028042879765541758,0.02683406164454116,0.02587024241348684,0.02517916287820832,0.024605852005750918,0.024027659235542242,0.02352625707871336,0.02302893635273048,0.02266700801584808,0.0224206296615388,0.02208293717154684,0.02169945543589484,0.02127525269707084,0.020846956895841602,0.02042353369516952,0.02004286765743896,0.019609985012654922,0.01924040986970792,0.018845031603899477,0.01849162642965412,0.01822481539905476,0.01791851710628136,0.01765876199725264,0.017359499893728682,0.01718539456107836,0.016960879848483,0.01672855689760916,0.01648160002457156,0.016295473473786723,0.0160189311660804,0.01566587320969764,0.01538695277031904,0.015144606706595919,0.01485566148484,0.01456567117945964,0.014369435039708719,0.01412261855391788,0.01393440251497848,0.01379170123939408,0.01358247773155664,0.013493862002807161,0.013337880491815802,0.01316855051409312,0.01292884221435868,0.01270853661252636,0.01244870705002052,0.01224601474663156,0.01202089947035936,0.011759520192106921,0.01152687827725004,0.01138173829121552,0.01122086594864776,0.01102350947381896,0.01089410007767412,0.010769480626350721,0.010678728601548278,0.01052774039917448,0.01037592212305392,0.01016993585883016,0.00993221654243536,0.00965457564625012,0.0093614917340408,0.00904204944871068,0.008793958546331719,0.0084878957454634,0.00814867434619472,0.00786444702165548,0.0076102569058817205,0.0073894031842376,0.00719424228930668,0.00705148112670356,0.0068525089330436,0.0066043004555361206,0.0063396576724658,0.00609233259345424,0.0057985133758242,0.00559768554564196,0.005302861736952359,0.005127451193516081,0.0049213840279946006,0.004829950737446281,0.0046824592360362,0.00458574127312624,0.004437306715438,0.00441673301139068,0.00441043207290008,0.004355009492256041,0.00433113646884464,0.00417189009024316,0.0040506628263354,0.0038458899640459563,0.003673824740694328,0.0034484887678995243,0.0032343153481979,0.003051805666042092,0.0029082511748570678,0.002850935139632156,0.0027429140053161958,0.0027009138191571237,0.00270824117180464,0.002725684671730964,0.0028303076114902562,0.002942900185250656,0.00303528481555456,0.0031391417800182204,0.003185151478197512,0.0031962326883240404,0.0032409248290478677,0.003219757094100216,0.003224737076555188,0.00327109594177062,0.003329455427900344,0.003370652871815268,0.00342879199236034,0.00343396553133944,0.003565819644260864,0.003602851098295592,0.00363699437778936,0.003638808457081832,0.00356168185713204,0.003549606221516232,0.003434373007994572,0.0032994202659368003,0.0031939565466334,0.003055056420005248,0.00290527714872638,0.002721401625198288,0.002579467193582392,0.00246122792072898,0.002339960563607788,0.002276450848964596,0.002253691550950968,0.002209127844055608,0.002112212412526056,0.002014159418355348,0.0019501701530037,0.0018138353811030402,0.001647899985750872,0.0014953735237910799,0.0013969492266036481,0.00128185389449498,0.001260839807352996,0.001211038971934784,0.001183208190980996,0.0012499577531933882,0.0012937211669228961,0.001435248016265348,32
Cl-21,0.061521774128546,0.0635747842922932,0.06610823532954041,0.0674063026959236,0.06821558276320999,0.068519794881144,0.0692648000154128,0.07002445786815,0.0704743664598748,0.0704315188197088,0.07040133862260561,0.0696280309690304,0.067824954563548,0.0668409672651352,0.06621677331309679,0.0655713822373756,0.0647209342240232,0.0642133111560952,0.063639180893786,0.0631095051596088,0.0626060485497776,0.0621885055547996,0.0616714576687648,0.061213344706776,0.060595903371268,0.0600270187527296,0.059523285179762804,0.058960342023195604,0.0583196065639436,0.0574368403082392,0.056587220931928,0.0556899642382188,0.0547525933449664,0.053698923094353194,0.0525972407507356,0.0514970238100788,0.0503383164290652,0.049227158298387995,0.0480016251323096,0.0466415220784408,0.0451671444155244,0.0434701644423976,0.0418457328916912,0.040647357968382404,0.03955870069319448,0.038509574257389,0.03747998323951548,0.03668062689269984,0.03605885059597108,0.03551985741100868,0.03501573993732012,0.034406936994402997,0.03378534108899912,0.03313663352652928,0.03246379219866264,0.03182451138375292,0.03114787651756932,0.03053211243748576,0.02992739405579568,0.02931310174797884,0.028806716275219198,0.0282602798872152,0.0277620979237942,0.02724644024222324,0.02678869702971284,0.02629890485758304,0.025740387647288362,0.02522857201666644,0.02480983361694392,0.02424983616399928,0.02369919941166068,0.02314638611663712,0.02257315596767624,0.02204608728173664,0.0215382715993396,0.02108019228159572,0.020593087480908198,0.02011938213601632,0.019734365768157718,0.01937810009280004,0.01899425058347992,0.01860513086400988,0.01823424016745076,0.0178178582617976,0.017349685431831803,0.0168802857036004,0.0163877571208014,0.01592434073010848,0.015543210612228039,0.01514977648633032,0.014777995758837401,0.01445889281466504,0.01421667822692012,0.014021070939005639,0.01377985827364048,0.01364088858077336,0.01337552470269412,0.01308762869246256,0.01276419753937888,0.012418552538078,0.01202279116423032,0.01156586594427732,0.01116196678751692,0.01070318088870076,0.01021397233136536,0.0097046870505712,0.00919746935437844,0.00867401360712212,0.00832529420384792,0.008008568427517319,0.00786198616443192,0.00768325976065792,0.00748724676657256,0.00733444957565024,0.00706792229592732,0.00689051496874172,0.00669085026662028,0.00647424077001616,0.00633200660191028,0.00619087184752316,0.00613359675790056,0.00601782610608912,0.00594699007292644,0.0058860028130748795,0.00584003875277996,0.005815825265861761,0.00578323725108612,0.00573525526473892,0.0056110713041232,0.00541803752854824,0.00522059529385064,0.00498467126598936,0.00472685939021252,0.00447986915483596,0.0042867130845428,0.00408258512547044,0.004016847186046679,0.003901207192828824,0.003746734447811832,0.003763782795166028,0.003831374926623912,0.003931454478331072,0.003996457273779792,0.00409449836608204,0.004153009550797279,0.0042168379755354,0.004237910961162559,0.00424408386203872,0.00422738440001288,0.00420183516265804,0.0042344699583260394,0.00426987803858544,0.004339927299665361,0.0043698277069156395,0.0043851276938258405,0.00442311536398736,0.0044829346455596,0.004550041635314641,0.00451436901105516,0.004509615894450041,0.00442176301483464,0.0042860897890298405,0.00414750458048812,0.003950576077536344,0.0037959437161918597,0.0035977439127117,0.003429067939283764,0.00325666281894024,0.003068127220872464,0.0030056531623622396,0.002928655629509692,0.0028558904639594883,0.00283043603582246,0.002694485943078268,0.002575880395890792,0.0024790144808071683,0.002321221460121,0.002179839692119788,0.001997633532745204,0.001865350331355472,0.001723844633217,0.001650053528360112,0.001550399556377236,0.00160991903222846,0.001631770251881276,0.001726292183303396,0.001883277075494604,32
Cl-22,0.128458082575,0.1315691304048816,0.1353519326102428,0.1385427359827944,0.141117284519958,0.1432685107863188,0.1448728902434148,0.1462332859923716,0.1473692803539708,0.1481960787482764,0.1489604310970648,0.1495122936071304,0.1486585652639684,0.14881216002374759,0.14956636423491199,0.150426293389074,0.1511958191205484,0.1519759471752008,0.153060175519516,0.1543466185816956,0.1559704696547032,0.15781682662692278,0.1597780312605184,0.1620465867898028,0.16443046833487,0.166901280863238,0.1694701004508228,0.17221505149139282,0.17499029319676318,0.177661633624614,0.1802719748789404,0.18290431528870038,0.1853474961690696,0.1876550638109656,0.1897137499725528,0.19163806285233723,0.1933283437136212,0.1946200658394448,0.195491041314058,0.19587124599990802,0.195751832251484,0.1949470949428224,0.19379525439940598,0.1925089229900592,0.1907367333444864,0.1886549687755468,0.1863744958516972,0.1843966217208792,0.182563479941554,0.180655021965764,0.17859020135753598,0.1763055841105656,0.17372906231143,0.1708686542966056,0.1677520139283024,0.16438079463743238,0.1607453665162212,0.15696659068695998,0.1530717549549292,0.14903008308632598,0.1448565969866504,0.14057655620704798,0.13618936526554318,0.1316969094929272,0.1271421024081736,0.1224821013088704,0.11769870592549919,0.11286017481331559,0.1079396553220332,0.10293482164495679,0.0978873788435668,0.09275340718819279,0.0876405191904084,0.0825416226775904,0.0774617472534684,0.0724128162066788,0.0673960045088264,0.0624353719139264,0.057533884843380796,0.0527252452824064,0.047963828266954,0.0433086187410172,0.038632265534098,0.0340646803016104,0.0295467911229262,0.025193120324120157,0.021041696825877722,0.01711982629100128,0.01355923221863676,0.01039920402061628,0.0077801594266799605,0.0057838302318725604,0.00447090825062832,0.0036102322329368158,0.003017206082892956,0.002643679441476796,0.002270234388941272,0.001892210990241544,0.001572985136382392,0.001218268204403468,0.0008408686212521441,0.000459615476412548,8.74387526042024e-05,-0.0001833391622970772,-0.000488218719386716,-0.0007991096248417559,-0.0011087883306341439,-0.001329576482478444,-0.001473484151330388,-0.001525468777958296,-0.001613294293097864,-0.0017251352892432442,-0.001773991566734648,-0.001856868831877824,-0.0019451941643500398,-0.002073576458441476,-0.0021992328975882682,-0.002260288812518496,-0.002298684994577624,-0.002366630228823264,-0.00237566000193356,-0.0023480720948465842,-0.002419315940939416,-0.002373217057586504,-0.0023332616178695764,-0.0022812814927595402,-0.0022662115767156637,-0.00218263844739586,-0.0022826007742253,-0.002339368569767844,-0.002466522332407104,-0.002627376261535532,-0.0027974194157302803,-0.0029394036895761043,-0.0030355601586652117,-0.0031346623099401277,-0.0032065366493400278,-0.00323228809359146,-0.003195475565072052,-0.003127016936876264,-0.002999580147994192,-0.0028652594337896763,-0.002743039979142832,-0.002606972507975688,-0.002428974070150568,-0.00233257121713794,-0.002319398350281668,-0.002240045901468408,-0.0021939173731663,-0.002180762287207428,-0.00207664030612688,-0.0019802538647123997,-0.001914399731718976,-0.0017799449848280879,-0.001677759842820308,-0.001581934312149924,-0.001497133819051004,-0.001406913940811992,-0.001360774360503156,-0.0013851655889724039,-0.001421538007826864,-0.0014402744217275121,-0.001522920107074908,-0.001613271752675296,-0.00176569238704268,-0.0018577191289953201,-0.001985436010417096,-0.002059429224527196,-0.0021330422283525083,-0.00216333445902606,-0.002194257339967508,-0.0021708840411402523,-0.0021720792367655563,-0.002180030110301088,-0.00223605564044796,-0.0022973348281007363,-0.002363398682130752,-0.002497994353716444,-0.002533562467338272,-0.002655253302473536,-0.002710066510729872,-0.002722889396789364,-0.002680405685659292,-0.002624797907541172,-0.002581743830388092,-0.002458895577832676,-0.002254548312168864,64
Cl-22,0.14122383775858238,0.1425485173441624,0.14405795916156522,0.14387694294922,0.1437335649575152,0.144002079146376,0.1445262153919192,0.144144158020942,0.1433568121104776,0.1427061100195556,0.1424621057655024,0.1421722900746152,0.1417093563954532,0.14135677666196197,0.1417375451557092,0.142480686335916,0.1435139085890644,0.1444731956745608,0.1451030423424648,0.1460738466963348,0.14720757020253358,0.14820730666405482,0.14921062272796082,0.15040766583147439,0.1515542910236388,0.1527312646228564,0.1537785637391592,0.15474649667598359,0.1554089598850012,0.1559423073465188,0.1561471820472772,0.1561548776533024,0.1559945708080364,0.15585084792443438,0.1557069908807536,0.1553901110203152,0.1548431242611552,0.1540337422436224,0.1530665883257696,0.15199763344455122,0.1510260522394608,0.1498786645689068,0.148616459375928,0.147446853009562,0.1462926623446992,0.1451275044963784,0.14420100316999362,0.1439373675057024,0.1443273126160432,0.14480327289314682,0.14533514601423161,0.1457759219926556,0.1459857334098204,0.1460385925569348,0.14594273017617518,0.145777191160226,0.1455250001998876,0.145179004285332,0.1447198149129596,0.14417562931751,0.1435818781052704,0.14276035663199038,0.1419188833746724,0.1408706641388668,0.1397393384326036,0.1384182027481084,0.13686242074222882,0.1351479950825276,0.133285154740096,0.1311943236921816,0.1289394105563044,0.1265892828097936,0.1241812442489484,0.1216509891459428,0.1190388169273172,0.1163410368889924,0.1135501919306628,0.110662770263302,0.107732296510882,0.10466767779319999,0.1015622114722964,0.09829585651942441,0.0948756911162964,0.0913073372321664,0.0877162447072924,0.0840303648705696,0.0802920527395228,0.0765063945141512,0.072736718784428,0.0689731402912004,0.065140025749162,0.0613504096469052,0.0575811773873944,0.0538436354357644,0.05016568366800599,0.046474747588335606,0.042764950743627204,0.03901180725043476,0.0351953739036856,0.03139464903313704,0.027551832016816078,0.02378744991628904,0.02008703913600884,0.01647022926460092,0.01302711392571284,0.00975423513065448,0.0069074751236182,0.00472077783611864,0.00317160505414766,0.0021884625007498803,0.001638404983609868,0.0012366462521602398,0.0009203860068148,0.0006765638609058399,0.000423007823600288,0.000165603203173866,-5.67916213527344e-05,-0.0002246249705661548,-0.00040672906797057203,-0.000512427179867908,-0.000613935695553948,-0.0006898368338519521,-0.000771480977734584,-0.000851966411229796,-0.000845114228175236,-0.000783497322194184,-0.00081584792745338,-0.000840001895370572,-0.000964985814971032,-0.001112453824615504,-0.001307379807200776,-0.001517653188554532,-0.001744530706792756,-0.00197415352473872,-0.002121349180368096,-0.002280574674476536,-0.0024433840456849357,-0.002472043574426556,-0.002450025385640228,-0.002420795514859716,-0.00233688350491644,-0.0021744325834232477,-0.0020348782373599923,-0.0018558133147337681,-0.001737393207459476,-0.0016356254134676281,-0.00157004076189222,-0.001527470717605772,-0.0015073340832357281,-0.0014284607996035762,-0.001362637685792784,-0.001278559716839136,-0.001189227741434908,-0.0010594030854033081,-0.000926908249796676,-0.000788921475686092,-0.00063952239016754,-0.000580374501077088,-0.0005257974866086161,-0.0005299907229668081,-0.000564082374155,-0.000634286866139816,-0.000783539940370016,-0.000923984956752812,-0.001051280104324376,-0.00120546333091996,-0.001335456801923352,-0.0014711685864842602,-0.001553226329494496,-0.0015921373687449601,-0.001618142828685908,-0.0016840882845411999,-0.001645427334345524,-0.00170720726419616,-0.001731789980494468,-0.001875791881829472,-0.001997904623860008,-0.0021254564923537723,-0.002267971703949124,-0.002398686630406344,-0.002481743069473164,-0.0025847148205252603,-0.002569532361225888,-0.002495783183502008,-0.002387477609279812,-0.002256884218443028,-0.002077287551154316,64
Cl-23,0.147709644022818,0.1480942237267636,0.14914233799458482,0.1501865681577016,0.15115434665841762,0.1522868208583368,0.1537754426872944,0.1555518064858992,0.1573303152202232,0.1589472349611524,0.16028792503500158,0.1614155681344908,0.1627183668898596,0.1636976831400328,0.1649100553496832,0.1665222295463536,0.1685054139216812,0.1705409924014908,0.1724586229791,0.17410205958546562,0.1757954324472616,0.1775093349250684,0.179464272308176,0.1814658449020912,0.18306535822891398,0.1840803201983652,0.18453740567230678,0.18441483631406722,0.1839173219086428,0.1832092944631284,0.1822620080635664,0.18107643870341722,0.1795852607225268,0.1777571323939784,0.1757114382484368,0.1733633660253276,0.17086960057663877,0.16826097233555,0.1656307333106412,0.16356677103215758,0.1625252801029896,0.1619114340295292,0.16134947573708477,0.16079710632077002,0.1602961982272756,0.1598213760013588,0.159325281606466,0.1589351532000584,0.1586621386633856,0.158277923397306,0.1577015882026344,0.1569144421650828,0.15598150180727963,0.1547812593485772,0.1534295343510816,0.1518340109530044,0.1501041147435412,0.14822019674283562,0.14624068827234918,0.144095102761174,0.14187027917976122,0.1395024822309808,0.1370364192530176,0.1344723108634372,0.1317814181343368,0.1289261703305952,0.1259364374217228,0.1227807546082536,0.1194546326564664,0.115994192234674,0.112451009163802,0.1088764761247844,0.1052446512125676,0.1015684276119144,0.097839116537782,0.0942066208993168,0.0905484336134428,0.0868821693870776,0.0832658017472064,0.0796881991001936,0.0761083648014456,0.07253216736515,0.0689804324155312,0.0654000589220172,0.0618579098625996,0.0583842547951952,0.054987026604926,0.0515739249002012,0.0483263724843012,0.045212277387002404,0.042165486465067605,0.03923768020180116,0.03647681060182512,0.033829560401489635,0.0312916117665112,0.02894045708680048,0.026631123193268522,0.02443683890852468,0.022320258990754842,0.020271377336619,0.0183484335756674,0.0166305715656,0.01501885717315616,0.013544663805632282,0.012294696330130798,0.01111675023420356,0.01007785569708892,0.0092608436012734,0.0085465536245516,0.00797540045533712,0.0074692497771414795,0.00695061089553152,0.0064470397811744,0.006042879116336,0.00559104674425332,0.0052140703102168005,0.00483938452211596,0.00452933774848068,0.00427145058199092,0.00400292494345392,0.003620853644587584,0.002797568434108528,0.002137459363245308,0.00166965766207632,0.0013748044923022839,0.00122235959306286,0.0010931741319658518,0.000958903209063012,0.000810200254713868,0.0006081485455173799,0.0003617197923593432,0.0001331374220352152,-8.63081809026976e-05,-0.0003338753687556176,-0.000503566761293632,-0.0005954043332259839,-0.000723263945882252,-0.000746243394545824,-0.0007726732436127281,-0.0007827896007614759,-0.000680845325051584,-0.000558091417364968,-0.000451467381400152,-0.0003269249021616052,-0.0002377007134088092,-0.0001333776384587052,-0.0001036692443257796,-6.2312147521674e-05,-4.01173205959456e-06,1.8987389778784e-05,9.5559002788104e-05,0.0002004834581022984,0.00022001107862908438,0.00030010653692366516,0.000414639640201736,0.000515636922228596,0.00063733857904978,0.000686180546560576,0.000749923390184076,0.0007492480475306241,0.00067509951285322,0.0005824264706997,0.00047762827654706803,0.000321956061379058,0.000147444610706438,-1.707908357933992e-05,-0.00010718006876886079,-0.00023168211439367081,-0.0003888673251469488,-0.000471868587423976,-0.000467031340344828,-0.0005361120735695441,-0.000509721346219804,-0.000581954884593072,-0.0006587272582373441,-0.000715787189761272,-0.00087402620149296,-0.001041146625577372,-0.001134617717931508,-0.001268395607792992,-0.001379427066596592,-0.001445621259917732,-0.0014479681434892639,-0.001416735033862024,-0.001348574609577116,-0.001202242372641392,-0.001028131416868224,64
Cl-23,0.1446707461359032,0.1449197607276704,0.1457902601799964,0.1464215440823804,0.1468503735547344,0.14747613694670242,0.1483216229248964,0.1493847934256412,0.1505425616142132,0.1516488810046076,0.1529051542840396,0.1542102481944824,0.1568948548379072,0.158262795105178,0.1600916612437904,0.1620565699709724,0.164153583415244,0.16623110397561958,0.1682472500395784,0.1702152277854864,0.1722374751254072,0.17436066246203522,0.176428309388646,0.17818851800680158,0.17955112238652482,0.1803303746758348,0.1805663574796012,0.1804133298941108,0.1799460790704732,0.17926575163806122,0.1784405858311404,0.17737974444269441,0.1760852690329828,0.1746084237082156,0.1728446411470704,0.17093381631064242,0.1688808975914532,0.1668163486247232,0.1647041590965068,0.16306334392355443,0.1623679993966452,0.16216199298277478,0.1620107146832972,0.1619778044338044,0.1620240698889896,0.1620259769424996,0.1619996620065564,0.16195085943540802,0.16172027814914,0.1614046614368292,0.16090072593899798,0.1602602307036108,0.1593805945885276,0.1581971729973104,0.1568769744928036,0.1552235544374048,0.1534823290957872,0.1515758564751084,0.1494827159993232,0.14730428098193518,0.14503141316246201,0.14255851562498079,0.1399883043295368,0.137322806951502,0.134519387386238,0.1315290922019972,0.1283625845987472,0.1249339821917968,0.12147849106000799,0.11779985542919601,0.1140531357376304,0.11021910957209159,0.10630673169976519,0.10232114870147041,0.0985366792727308,0.09486853670353079,0.0912798175791464,0.08787064020481761,0.0845639067130932,0.0812109491862064,0.0779341397922844,0.0746266123595144,0.0712742166894736,0.0679084307103072,0.064573968421548,0.0611782994245688,0.0578662879448272,0.054664337394943203,0.051437120286154804,0.048352756881119605,0.0454057834526424,0.042461392721892,0.039656999197020044,0.03695969362207024,0.034330133822544635,0.03183044123239008,0.029327732165788357,0.02690299968995884,0.02452956581501136,0.022245130531190083,0.02006273465659412,0.017997620907963162,0.016027345704028518,0.014168518659162039,0.01251890244517824,0.0110405945180764,0.009710296835084798,0.00849239786734976,0.00753431409586612,0.0066994062525182795,0.00595643372352332,0.0052928381632318,0.0047296100984551195,0.0042465532005818,0.003697584889431344,0.003301301406155676,0.003022398876276248,0.002717922424877968,0.0024803082927361483,0.002320034946091604,0.002204005036709536,0.0021308219296321037,0.00208061580854376,0.002020799744531728,0.002014147560799,0.00202379683622236,0.0020282020759122,0.001914595950092592,0.001814913065906384,0.0016498440457477078,0.001438057353543964,0.001163910696479124,0.000865753324148216,0.000642328474938156,0.000478031684635516,0.000315082298852648,0.0001237931666820708,5.17196620222852e-05,4.33294010698856e-05,0.00012598381086955122,0.000221225456799246,0.0003242055147089204,0.000472047294880796,0.0006263058072004119,0.0007542401452143241,0.0008059864503815401,0.000887333934484696,0.000915318239208492,0.00096785005782646,0.000979647043941672,0.001098608636512036,0.001164411856256608,0.00128780986441864,0.00132982910021606,0.00144612832064948,0.00152884426689694,0.001655693021484212,0.001761651195936568,0.001778561486809828,0.001788807885962572,0.001698325271091516,0.0016620028667149321,0.00151109163190324,0.00129963581356606,0.00110627019946372,0.000956363041622444,0.0007820976568932881,0.000682566154723272,0.0004903533643009119,0.00041376467422066796,0.0003896991974818944,0.00034766146754173436,0.0003638194193055364,0.0002921265152232492,0.0001588254534821152,2.0639805941872e-05,-0.00012876723158163238,-0.0003391232891092908,-0.000501880139135468,-0.000673525163949672,-0.0008024297486730079,-0.000901586707509948,-0.00096636932484254,-0.000883903598917132,-0.000833000674462436,-0.000713657207742524,-0.000437280583488896,64
Cl-24,0.1017602872171052,0.1036632086308496,0.10599682164097,0.108660016800932,0.1116081248755256,0.1147119527461392,0.1177985957955368,0.12125769196764599,0.12479621881543519,0.1279515186046168,0.1309662084920144,0.1338266159340484,0.13676354737538,0.1394415596467908,0.1423304015608636,0.14511506096440557,0.14790724020052762,0.1505707780696416,0.1533606475476648,0.15622547224979438,0.15925904126978882,0.1624482681805716,0.16579170001511961,0.1690575581769056,0.1721659907271528,0.1751489720381516,0.1779346455354464,0.1808411668711768,0.18374933888696318,0.1866316542418924,0.1894569211715256,0.1924542544146012,0.1955241680695828,0.19850489780149,0.2014182307265896,0.2042877321870564,0.2071891663495848,0.20970804759466402,0.211695641324704,0.21377137011449118,0.2161201428425676,0.2187253518447176,0.2212633917700772,0.22370578427246401,0.2259756847728844,0.227953203832288,0.2293684573974212,0.2302128218506164,0.2305659193383124,0.2303965279906284,0.2296341953780952,0.228304789382438,0.22633132301741,0.22377975070518322,0.2205912849844356,0.2168281643314356,0.2124001959881312,0.2074716334997492,0.2018121535422888,0.195706493430896,0.1889516337269512,0.1815869226600212,0.17355903466167003,0.1648714231369596,0.1554096028816088,0.1451115210021444,0.1340269678711424,0.1220557013845668,0.109206295974908,0.09561870126977359,0.081549915420018,0.06712752887189,0.0525655908244088,0.038374594338111,0.02617893783934136,0.017948889260933878,0.01355677333376276,0.01122547695559944,0.00998860015386288,0.0091535220298322,0.008618506626819279,0.008117629929561,0.00769105965840112,0.0072208990711834,0.00677485568826964,0.00638423901502356,0.00593619067756072,0.00554720633227628,0.0052366311607571995,0.00495439681734028,0.004676036964892359,0.00440806908098432,0.00420182386647984,0.00404333415778308,0.00392768556806862,0.00378939109334992,0.0036104683494709963,0.0034685919767590916,0.003285806648840044,0.003079706148316196,0.002871550709506264,0.002716630762468632,0.002526751322804304,0.0023591669008698564,0.002231184892397228,0.0021253805296948757,0.001966697896356232,0.001933853523852668,0.001924015260703564,0.0018549585970678239,0.0018080347206632522,0.001760242506855612,0.001649316408208924,0.001545372009792288,0.001393311223606116,0.001305475451772408,0.001163998625796228,0.001029220203111048,0.000977719306137608,0.0009231425500889001,0.00087907621866384,0.000877779285954296,0.000867406493558596,0.0009478149540215641,0.001007860211478816,0.0010024189486076561,0.001029156013531048,0.001086902771731328,0.001005504969932012,0.000892530742563988,0.000799409378924536,0.000619351673726668,0.00042078647519668,0.0002760960605472236,8.85863063014348e-05,8.075861359195919e-06,-7.47537376639764e-05,-0.0001033797450205704,-0.000111574079862008,-6.38132275142248e-05,-1.533340183688884e-06,7.31235071860372e-05,0.0002214119506296256,0.000299666197886198,0.00040256571851380403,0.000492023298026412,0.000539453672586524,0.000551981745122156,0.0005779565225863919,0.0005816601165199,0.000628607329178336,0.000690725374072604,0.0007602880883814321,0.000828447238169064,0.0008538891947226081,0.001022350631609704,0.001094931434671404,0.001161893919518784,0.001175756365012796,0.00116212624454108,0.0011075117615311082,0.001008002356903904,0.00089762552824874,0.0007147801955830359,0.00054136312666694,0.00039900206714847404,0.0002901376002324288,0.0001259478929124864,2.671947510897656e-05,-5.76830713158476e-05,-0.0001153582648006016,-0.0001536339100004676,-0.0002155731688938096,-0.0002835714396656024,-0.00038201663647625077,-0.000484505570793176,-0.0006129434660051361,-0.000803397779697384,-0.0009445450902204921,-0.0010952004371564078,-0.001218182845025396,-0.0013041975899203719,-0.0013540598070294122,-0.001349212449411104,-0.001238963531492564,-0.001159225411867584,-0.001002299723754176,64
Cl-24,0.12680474573220601,0.1280879399760536,0.12997276550545359,0.1317883159637068,0.1334456078366304,0.1351378960118312,0.1377281512862896,0.1405693559851524,0.1430935394567436,0.1451065393318304,0.1467968076625708,0.1486515421040292,0.1499199020310924,0.151581292408364,0.1534105790682824,0.15488574159643678,0.156229985790488,0.15757206030847082,0.1589134766917552,0.1605502380564504,0.1626695673903144,0.1652272390161312,0.168182157045244,0.17130662659100282,0.17462130234480921,0.177982639421304,0.1816248239323496,0.1854085053502484,0.1893422822827056,0.1934171459829748,0.1975742979105056,0.20199237648851762,0.206463237431368,0.2109475430816048,0.21529976361241482,0.2191171328124872,0.2223200516907288,0.224700229845812,0.2273366158616324,0.2303485376970148,0.233377731359654,0.2363317858694008,0.2390368495116792,0.2413451631854176,0.243199291100962,0.2445322095636632,0.2453177227263676,0.2454636504730652,0.2451241950549096,0.24427665664757,0.2428028574758912,0.2408208636687532,0.2384485912937376,0.23560854864853598,0.2324053831750344,0.228764368084098,0.22474647009132598,0.22030350394221843,0.21541887274300758,0.2100338994337608,0.20430695202114602,0.1979693885332528,0.1911498154949256,0.18369200168749159,0.17566537869553842,0.16693625886689,0.15738607700957,0.1471567909855704,0.13624625034667118,0.12449302169747721,0.1119840328714036,0.0988678493550664,0.0852264255621916,0.07139459201381641,0.0581275901075664,0.0452997784987536,0.033177229187644236,0.02318776490321488,0.01650464036179204,0.012794797580933841,0.01095126436069112,0.00994772334710656,0.0092405448388026,0.00869664185414816,0.00823060371059268,0.0077627747949296,0.007385062890543401,0.00704458940670364,0.0067482855338078,0.00641877040503992,0.00620805771578996,0.006009980852972,0.00584047754887552,0.00568985747731732,0.00557532866642584,0.00554709481981796,0.00542808871378808,0.00525398448110996,0.00513010956638144,0.00498601981250656,0.00479971871055744,0.00466427182206336,0.0044785052539462805,0.004360188953543681,0.00427900997020804,0.00424341243796296,0.00414371844735856,0.00408344294229112,0.00412376508657016,0.00408553565254228,0.00406125974866644,0.00402592062208328,0.003953314358567532,0.003822549769699648,0.003709583832216052,0.00359074178618072,0.003442511700434688,0.0033821739713174883,0.0032575356275723203,0.0032198844511162517,0.003215482811866708,0.003136147325494612,0.00316181680986676,0.003160810537409204,0.003180529055681864,0.00321141493652054,0.00318653822969612,0.00319209121471842,0.003109391205279788,0.00300870724252118,0.0027762974766329237,0.0026243466460831757,0.002440804815731028,0.00220865217280324,0.0020267281836161438,0.001932046932448528,0.001853056860986336,0.001746111047369936,0.001661066072812904,0.0016191409996203362,0.001632470872866812,0.0017108995625577399,0.00183010709011626,0.001838188915711036,0.00193807348123424,0.001974203606739704,0.001939600914828292,0.001955231706458216,0.001931982438446112,0.0019427464799568399,0.002019479809593316,0.00202330808744012,0.002098455999088488,0.0021118324200618682,0.002162868137802552,0.00224295190208214,0.002281441177875276,0.0023054440088348,0.002254780472739336,0.002267783899909368,0.002232394388422168,0.002108737294660028,0.001997936076252676,0.001824193127631248,0.0016706489237704881,0.001563077318001712,0.0013765433518594722,0.0012328543066517318,0.001146218599423,0.001121456686548204,0.001072888619809396,0.0010001951177027678,0.00092973887803852,0.0008516268240820999,0.0007568142388083841,0.000674000076839584,0.000538296328748708,0.0003802247041478864,0.0002280651672007652,0.0001071341335221156,1.394496685736672e-05,-6.06446357694412e-05,-6.520001816831559e-05,-5.21607834832152e-05,-4.2173950394201595e-05,-8.88542543094308e-07,0.0001310225353074528,64
Cl-25,0.13090760562118522,0.1365681268781516,0.14369077930918478,0.1521242763897416,0.1610065886496316,0.1694069083281544,0.17686305270674482,0.1825417692359792,0.18597413024586082,0.185786033302792,0.18370066220085682,0.17997489099433842,0.175193190459114,0.1698764155849316,0.164856922068842,0.1603128483358924,0.15609394269014562,0.15237140972795601,0.148896767921312,0.1458646209992064,0.14288900912174962,0.1404200807792296,0.138132292748886,0.13602895102505438,0.1341345447279928,0.1322618624422156,0.13058886884922918,0.1290533309933532,0.1275399210773208,0.1261236794076592,0.1247210443818784,0.12347585811234281,0.1223938328581592,0.1212869866070776,0.12028659648435401,0.119447052219326,0.118740548978352,0.1180505637122112,0.1173826903358812,0.116743667064668,0.11583177086574441,0.1148384899839876,0.1141463249847248,0.1133663983190464,0.112659770750746,0.11180925095044521,0.11098022171230841,0.1103522776190992,0.1098245256053324,0.10936269352030961,0.10896905811751721,0.1084063058067232,0.1079677153108472,0.1074750234345732,0.1067672905870408,0.1060672405111668,0.1054593975025504,0.1050579752609948,0.104525702081614,0.1040854836261328,0.1036876856430072,0.1031404020368364,0.1027879126249324,0.1024115834246072,0.1020919305171808,0.10185052210363721,0.1016335135305824,0.1013420330214108,0.1010573077085276,0.100782100428866,0.1004825240647556,0.100214393512566,0.09994737153910761,0.0995717357706752,0.09913462652424959,0.09875079969418481,0.0982592466918176,0.0977283008702332,0.09719493043072239,0.0966225373781272,0.09608263200885121,0.09541623709795,0.09472818375402041,0.09393349416226959,0.0930967160574212,0.0922157040888084,0.0912677990127944,0.09035839258816161,0.0893600004143888,0.0882645226565356,0.08721729950156601,0.0859982148883236,0.08474382238402799,0.0834608350684952,0.0820665118472028,0.080571268144568,0.07894211770724119,0.0772249916383136,0.0752942196020384,0.0732902511633616,0.0710629554209212,0.0687927235590672,0.06632580561936921,0.0637586130386284,0.0610418485124716,0.058178773619476404,0.055118947347754,0.0519320606675996,0.0488963695640648,0.0457582684789304,0.0425904688945236,0.03939813410961584,0.03618589569600612,0.0328954883246778,0.02963155992423048,0.02643541768120184,0.023326056420799598,0.02037651753022804,0.0176623799257342,0.0152548875566606,0.013220003880906678,0.01148257066160496,0.010116953080252239,0.00905787129911716,0.008220954267045921,0.0076458294943252,0.007220748499862,0.00689606453618332,0.00654515345194444,0.00620060907952492,0.00588886587331744,0.00567748144222276,0.0053284780485832,0.00501625370466024,0.004790648004782,0.00457735387745124,0.00441640028964584,0.00431101702428436,0.00426790939172128,0.00421686299524612,0.0042063862116774,0.00428461984973784,0.00434122010046612,0.00438241897961336,0.004466344237107,0.0045168111718022,0.00447960208813992,0.00445435379311468,0.00446013114469796,0.00450428551441128,0.00457299429941436,0.0045602818704084,0.0045554629336,0.004632854546752,0.004660763306748201,0.00473970854839496,0.004830023467452999,0.00487750241711856,0.0048544037346768395,0.00476556912631764,0.004781597749038759,0.00465388823056788,0.00451527866049676,0.004315833521664081,0.00415611071560808,0.00400088406236816,0.0038133078329015803,0.003644327139001552,0.003493600378742716,0.00341542939453022,0.00332903253695912,0.0032247029253300277,0.003147103344691224,0.00304827041664996,0.002876718237703424,0.0027134053939626003,0.0025410730394898563,0.002386146899263052,0.002216706058514216,0.0020513070845462117,0.001910620010118772,0.001870972842454948,0.001808337172935308,0.001814084212858964,0.001871409507853348,0.001925037621501204,0.002004922182245068,8
Cl-25,0.1313816485971212,0.13632423700796242,0.1433074592368064,0.15135610307543562,0.1596810543406052,0.167451545604584,0.17429490951164478,0.1797678425964956,0.1832676173143524,0.1841027248819288,0.1823405960678392,0.17881837456950359,0.1755311925374792,0.1699894337946488,0.16440704578587362,0.1596334837158328,0.15544975772744082,0.151949955230206,0.14866404901814761,0.14575563165028121,0.14330804438975678,0.1410357698379976,0.139039677159836,0.1372330231136884,0.1356285946943764,0.13413544843230882,0.1328080637775004,0.1316418395858952,0.130517174600572,0.1293795628831152,0.1283178635159228,0.12720708952553558,0.126030579594922,0.1247525025200964,0.12374691863908281,0.1229888873529264,0.1223065420942888,0.1214373995245008,0.1204133490222908,0.1192695069329528,0.11830809324272759,0.117338636759266,0.11621196800902961,0.1147499987429324,0.1132872210827696,0.1118049026986268,0.11053812855660161,0.1098439117094684,0.109469212464696,0.109188950329882,0.10908639217677281,0.1088592665039348,0.1085774033249728,0.1081829216104008,0.107716734230662,0.10735205162575279,0.1070481148198912,0.1067511203665332,0.1064863002257356,0.1061759085189968,0.10593383477034919,0.10577600877915119,0.1055797011536756,0.1054733854513968,0.105315545941232,0.10519566588893839,0.10518687259391599,0.1052037012776856,0.10526667126778559,0.1053307804179824,0.1053167547403652,0.1052227020177568,0.105131159323054,0.10503277553184119,0.1050026226915192,0.1049579485911316,0.1048514598237032,0.1047239260495476,0.10458083189063519,0.1044454559556508,0.1042764651860856,0.1041040107437208,0.1038380283650564,0.1034582277549824,0.10298363849655161,0.10233081212450919,0.1016892415187812,0.100958289169056,0.1000635814001784,0.09905295761316521,0.098012244954454,0.0966885541356096,0.0952405320549556,0.0936616472080308,0.0918093550140464,0.0897314521755892,0.087278079732802,0.0844434280617356,0.0811381586170364,0.0773179014774864,0.0728110142743528,0.0675399038076512,0.061434598216649594,0.054310654886796796,0.0459852391416004,0.03656125963783024,0.02661922289853848,0.017543476819344518,0.01086167323899876,0.006811804512766359,0.004568486202141319,0.003307445398417884,0.002495726523257324,0.00190480445224626,0.00147046532837504,0.001049230267440904,0.0006714082621138841,0.0003573377200619576,7.016340878116919e-05,-0.00015159003534242119,-0.00033593760476841923,-0.000479501673491056,-0.000607001142840328,-0.000703960364872712,-0.000748532220413356,-0.000787118589968296,-0.0008590034374709519,-0.00095033678147852,-0.001070845656873636,-0.0012207334373891881,-0.001419255113066328,-0.001629577881588212,-0.001774478455273072,-0.001985563040267196,-0.002165371845529512,-0.002340269937399308,-0.0023976097917838717,-0.0024223370596113242,-0.002431128666310184,-0.002420242737534572,-0.0023611669354591277,-0.00230037470725336,-0.0022047892374393962,-0.0020575368042443118,-0.001993551852568464,-0.001926557474102808,-0.0018825469080769519,-0.0018470052852279039,-0.0018434083145311359,-0.001778961905590188,-0.001741977338767176,-0.0016306767268340042,-0.001573842129392424,-0.001458603439976788,-0.00138076703226956,-0.00127033622204198,-0.001215201897872548,-0.0011656779108653239,-0.001101946044368224,-0.00111490543885296,-0.0011584588163454802,-0.00124398978493844,-0.00132290277795092,-0.00147344094806324,-0.001651470305201168,-0.001742775367961084,-0.00183987213366716,-0.001905938139553768,-0.0020072483088357396,-0.00205272911599448,-0.0021088557599951477,-0.0021697520665038003,-0.0021635120483850558,-0.002206632910316696,-0.002297171029407792,-0.002372326271030136,-0.002443237792737576,-0.002598393156395824,-0.002748694875240264,-0.002829335623491924,-0.0029200517470525642,-0.002964892987416692,-0.002920335954166352,-0.0028082178134433804,-0.002764103484700828,-0.002652559066499448,-0.002486538435984728,8
Cl-26,0.22086967236110722,0.23374105928163,0.2479897996860792,0.26240724602863125,0.2761442924629888,0.28672542904318643,0.2928339818024636,0.2962868507753684,0.295516560313428,0.2934857834863112,0.2925021924131412,0.2907037751529996,0.2882116155233876,0.2876578072402196,0.28796151751494475,0.2880336481754208,0.2884365896166348,0.2890359184131344,0.2902347293914812,0.29155818531100197,0.2934198498901588,0.2954736225044124,0.29760979437547924,0.2993010107035532,0.30034711769204436,0.3019253142766404,0.3038934796681164,0.30589241717587284,0.307718348489778,0.309156368490858,0.31031078326440964,0.3108644451006524,0.3105815041254408,0.309263106321492,0.30676309276443076,0.30272237579960437,0.2964431211221132,0.2874879845385936,0.27469527276023964,0.25751316075841324,0.2360214798874664,0.2102629179213176,0.18048787901745642,0.1473782120361816,0.112361489661898,0.0788429481828756,0.0527465429270872,0.038201057329980796,0.0321676264605702,0.0296144835290604,0.02817375781093056,0.02707036674366816,0.026081311444996442,0.025161475563498962,0.02428224916861896,0.02344948201383208,0.022622173346834,0.02186025770383312,0.02108956764570268,0.02050183526193472,0.019875936050749717,0.01936842965658236,0.01883010182014484,0.01835101384447596,0.01787515706529776,0.0174284249031992,0.0170126062127222,0.016572803522077,0.01609504695691852,0.015563064862449958,0.015035161821096599,0.014572489432516279,0.01405046578929924,0.01359355488486948,0.013190626291192241,0.012755970977074281,0.0123624692787988,0.012004225133481601,0.011727792489986321,0.011408687769946161,0.011074429783352161,0.01071110654595304,0.01036135319363872,0.009994123825052,0.0095800792124754,0.009198140185266001,0.008803082227073,0.00840638836607188,0.00809039499654208,0.00775515454205448,0.00751664729047752,0.00727838384341188,0.00702397607325552,0.006859606323285319,0.00672894786777816,0.00659022640090992,0.0064494339460771195,0.00622792258953148,0.00598472770601148,0.00565999498411104,0.005286823126066081,0.00492525352607916,0.00452753194364052,0.00406459658482852,0.003666501119227084,0.003182476937497836,0.002642764208958336,0.0021823665505627437,0.00185424124027206,0.001668852904809844,0.00152814103248416,0.001466269031881504,0.0013845369388145038,0.001270056663694788,0.001158994742632464,0.000984353077226552,0.000832717516987296,0.000742441744616672,0.00065996438475332,0.0006035271836179081,0.0005791437329415599,0.000567202659372864,0.000529189885924772,0.00053992049416984,0.0005528817419764281,0.0005874949508985639,0.000586176842505844,0.000548837702309928,0.000475375478912268,0.00034004784746326277,0.0001598228198872064,-1.5872073077307518e-05,-0.000215471500805164,-0.0003530628396798012,-0.0005018998037654359,-0.0006700051816117481,-0.000757859019330116,-0.0007462310898908801,-0.0007357332754957679,-0.000766476231002464,-0.0006707624430156601,-0.0005602300263144199,-0.00044216867231766,-0.000296190920439016,-0.000193565870262082,-0.0001336896514906208,-8.812911580279e-05,-2.196352601882596e-05,1.038677699908972e-05,9.30026121751056e-05,0.000101509783984472,0.00022659815288633158,0.0003441656620784448,0.00040737471490302004,0.0005039801734878199,0.000637857334380664,0.000712207587507004,0.0007625541037097881,0.00081938876364852,0.0007976872640874479,0.0007696154119048521,0.0006869585823647761,0.0005809378084521159,0.000453951720225248,0.0003129104719440408,0.0001762146683778364,5.68989288938236e-05,-2.28619500359602e-05,-0.0001684381981659964,-0.0002437519833523616,-0.000314589106334228,-0.00033117920154656163,-0.0003684431343408772,-0.00040964452891838,-0.000557713969579724,-0.0006090748135657999,-0.0007461099568281319,-0.000933275552896076,-0.0011017231850487198,-0.00114332003454142,-0.001269241639643644,-0.0013209036785464402,-0.001334706295835712,-0.0012655540696354399,-0.001179284368958772,-0.001056569666345916,-0.00090613698771734,16
Cl-26,0.1796098429854172,0.1934671861710972,0.20783037622210718,0.22166314608082602,0.2342366215549464,0.2434683979405204,0.2507502734293132,0.2551840432120636,0.25692591815767957,0.25731790562641244,0.25684695121219403,0.25556656686409557,0.2558718932721892,0.2574441146783516,0.2597882063906564,0.26234282179276236,0.2653602505998532,0.2684514636063684,0.2718784344994932,0.2755980782266408,0.27913867598628517,0.2825821435749432,0.2858791991543888,0.2887171256336172,0.2918361481973452,0.29491985025580403,0.2972959635930204,0.2989299737962672,0.2998427106138888,0.3002638823067156,0.30014709245010723,0.29914844187209283,0.2968890681335564,0.29324440469473884,0.2879987482049588,0.28059788333146124,0.27026573186442315,0.2563801121217672,0.2383495212667848,0.2165514180986628,0.1919467224652912,0.16443594767214362,0.1343075606479688,0.1021354517317388,0.06956034440817921,0.0407564285476904,0.021855588260085122,0.01336777679129448,0.010132112335124321,0.00871466084314068,0.007859086381463121,0.00715799443371932,0.00648104062275352,0.00587119880232044,0.00524404873873056,0.00466437685689504,0.004114255039437759,0.003655991875511952,0.003164365733985684,0.0027892959009215403,0.002476404430323584,0.002170921030992832,0.00185363451370962,0.001629623993805648,0.0014590928447883959,0.001236940526639808,0.001022265918236768,0.000808355758880056,0.0005132719275113879,0.0002290135436097308,-0.000118207383880566,-0.000409110150189332,-0.0006826946468660599,-0.000987352583475624,-0.001212228492596456,-0.00138931896687248,-0.001625615720720936,-0.001852645752929,-0.00198238863754274,-0.002120807864118284,-0.002243509265638548,-0.00238918669291576,-0.002551604930785232,-0.002815589713537908,-0.003112652672471232,-0.003385388073356512,-0.003628986855604436,-0.0039022531236035077,-0.00418014769244236,-0.0043981061879884405,-0.00453655838707516,-0.00467194893892768,-0.00482329630050772,-0.0049192022181906,-0.00497740365345748,-0.00502271956364492,-0.0051340222180215195,-0.005229466054723,-0.00541942474752976,-0.00561714903725776,-0.00584649809726092,-0.00603766848135436,-0.00624223165993964,-0.0063875350365876,-0.0065040498275420406,-0.006622996099933679,-0.00667951744699228,-0.0067588188371644,-0.00671707528567896,-0.0067158763843868,-0.0066562633262538,-0.006612501591198359,-0.00664285144982028,-0.00667088852031796,-0.00672041463812512,-0.00677056938466968,-0.0068624449832060804,-0.0068950378194494,-0.0069208945940390796,-0.00688331912396812,-0.00682412995949148,-0.0067658660702804,-0.0066778338155491605,-0.00663799404641892,-0.00651878785432816,-0.0064290432369688,-0.00631964720815256,-0.00624735197908552,-0.00626823325235312,-0.0063757724469988,-0.00650451787167316,-0.006687124322142519,-0.00689022406721996,-0.00703877344926544,-0.00715055778206352,-0.00726890790803444,-0.0072922748192159196,-0.0072240862063554,-0.00718971057787192,-0.0070843671129112,-0.00692632748958716,-0.00674932621374756,-0.0065226864243317206,-0.00631075581131712,-0.00610988524732204,-0.00600959499659708,-0.005877411963748559,-0.00575049909485704,-0.00565221918140212,-0.00550680443476548,-0.00538984886436248,-0.00522225678428416,-0.00505240059273056,-0.004882332200769919,-0.004687340930792239,-0.00451892021003372,-0.00435422683230516,-0.00418120943026012,-0.00409681109166512,-0.0040498483627567595,-0.00407005765101276,-0.00413905268897436,-0.00420075183302356,-0.004330442920729719,-0.00448232425976936,-0.00461948506210628,-0.00470539443692248,-0.00477183950090192,-0.00482752400713748,-0.00487075379405,-0.00487060714799796,-0.0048717871330644,-0.0048997011768322,-0.00489930629132008,-0.00498125402591912,-0.00510081704510328,-0.0052051049613693594,-0.005371435764982759,-0.00549896731385416,-0.005641447698125439,-0.00569884926017044,-0.00568412386696652,-0.00566479505338564,-0.00552497629519236,-0.0053997488774108395,-0.00522898663199532,-0.00496796844686384,16
Cl-27,0.12828202020328,0.1321662823349316,0.1370505435955344,0.14206551163409,0.146819790587156,0.1523814301705216,0.1599602143325588,0.169685984086182,0.180750898391632,0.19290189067705318,0.2062933940253644,0.2211530946451176,0.2384472806205236,0.2569162903674304,0.27757555212122004,0.2999411724301628,0.3239792278256116,0.3495481658747812,0.37463281199650283,0.40027951107592796,0.42458910610044,0.448335679821132,0.474592740429024,0.499422096291544,0.51710383729368,0.52535066851974,0.522712843652716,0.511696592071176,0.49395698287762796,0.470254573591916,0.441184928611544,0.407122355356992,0.3687745935144896,0.32618922760239083,0.2799823069313916,0.230984799948714,0.1802528988557288,0.12856831157104198,0.07892016317511841,0.043940333061214,0.03101846445076396,0.02661331621643196,0.02367400297322092,0.021079409429208842,0.01857116226600472,0.016260227753878278,0.01449439697187588,0.01329523530708452,0.01252364107469128,0.01186194395906848,0.01132756924449512,0.01072183652662464,0.010103433014439039,0.00950556139511328,0.00896197053165544,0.008388529730174,0.007838640239619681,0.00733115538889488,0.00681474057503536,0.0064249841993194,0.00607240284061148,0.00569697466086964,0.0053670790484428,0.005014270473135719,0.00472308187510616,0.00439457411488228,0.00412678136194248,0.003856072455059212,0.0035594304124278242,0.003197144664289924,0.002804116754505864,0.002440106913652112,0.002076498627253952,0.001732893273152288,0.001433556797692072,0.001185933820726244,0.0009524703710210039,0.000730021466286456,0.00057650289863092,0.0003683661076480592,0.00019838719431882122,1.524180500999852e-05,-0.0001659938721013024,-0.000441515046104664,-0.0006690098601849161,-0.000903376963297852,-0.0011933383924765159,-0.00144785964580138,-0.001669370025384104,-0.001889915049670944,-0.001998958164243688,-0.0022070446713950724,-0.002370571429815588,-0.0024566649947507877,-0.00251805786149726,-0.0026201465317680357,-0.002687045892471352,-0.0027618164438484158,-0.00292670122680058,-0.0031107173608873164,-0.003280228369651708,-0.003431381940428976,-0.00357848027799464,-0.003746909423230212,-0.0037645432032572482,-0.0038620313484565,-0.003929475717960976,-0.003937316918471228,-0.0038924008667626203,-0.0038365627933259158,-0.0037888829053961117,-0.00381235392479944,-0.003870065735985484,-0.003948087940358088,-0.0039352113425770675,-0.00406406301778776,-0.00416319712401232,-0.00415858078340064,-0.00419886381031904,-0.00417336305105388,-0.0041658257621084,-0.0041179739216117605,-0.00414441548570304,-0.00408629072923456,-0.00402885249577312,-0.0039496376825072285,-0.003893579983329568,-0.00388651186025242,-0.003917579026439612,-0.00397183952580042,-0.0040928164253878,-0.00429744055631724,-0.00443456227593828,-0.00457954479770308,-0.00467458443860288,-0.00474041808961456,-0.0048115256218997995,-0.00483134866751568,-0.004760534438104,-0.0046809990642278,-0.004567457444533359,-0.004412626824148,-0.00425218114716668,-0.00409169843600496,-0.00393067314213258,-0.003847891420992092,-0.00373935693024418,-0.003677677093765696,-0.00354959993184224,-0.003433610176913796,-0.003343200469750588,-0.003193105711615028,-0.0030718712962816037,-0.002948691093244628,-0.002744342172596908,-0.002585902851562124,-0.002482285001576976,-0.002401425132379488,-0.0022793327960411677,-0.002311788859873404,-0.002331517689133232,-0.0024159692061473162,-0.002489404012487576,-0.002575578079667184,-0.002646614094701264,-0.002801509182880372,-0.002896198240387208,-0.0030237509344887,-0.003109139900775052,-0.003133243329349212,-0.00318878432161266,-0.003204944459681712,-0.003214092274145492,-0.003208938855153332,-0.003309576566375228,-0.003404784188376952,-0.003472037436312076,-0.0035942164294168284,-0.003729882333720648,-0.0038040720398419,-0.0038682032288519237,-0.0038758083200157037,-0.0038582546045246523,-0.003784652450049348,-0.003692149786170572,-0.003517953443521496,-0.0033478144588100396,32
Cl-27,0.15723690306932722,0.15915144497062841,0.1623681331920872,0.1659262749465168,0.16986140621673082,0.1754569559268316,0.1833749316362028,0.1933811953777132,0.2049635191776808,0.2177092918104612,0.23202098975222318,0.2484019393831032,0.2674480525152548,0.2884263743317848,0.3107160211136224,0.3346108114504168,0.35956374594319324,0.3848752457837284,0.410612468065604,0.43574035400551203,0.461730979711232,0.487875716454016,0.510632162513344,0.526853206952184,0.534536332530868,0.5326952081665599,0.523303953360352,0.50675513998372,0.484607151933652,0.45715848463508,0.42626750725576,0.3914305583739596,0.35332626215349844,0.31247859460348676,0.2697393419108112,0.225358696473106,0.17977798901850242,0.13379627650819198,0.090064712796332,0.0572236812960952,0.0426461819268844,0.03760719326796612,0.035131146392177036,0.03326915601503572,0.03175630178280612,0.030497415314763403,0.0293745092259896,0.028456822064172438,0.02761524277982504,0.02685821235681168,0.02613552737196524,0.025384932789747718,0.024631199281285363,0.0238699033738024,0.023043068830303357,0.02228006869570768,0.02147704898050268,0.02073723536856548,0.02005633419151472,0.019448025788490402,0.01889149260272452,0.018380049710034718,0.017859600367896238,0.0173952821654794,0.01696698088271212,0.01650839962088304,0.01601293161163648,0.015537737095465281,0.014965021207969,0.014313488853029799,0.01369510288292788,0.01307219885995148,0.01247462508255736,0.011843069789914,0.011369225264080119,0.010886641354396239,0.01052127208088768,0.0101819627184736,0.00997062716325492,0.0097051935589048,0.00948012073928412,0.009230436361988961,0.00896977577862196,0.00861436625556556,0.00831161313512484,0.00794385540205144,0.00755783432791712,0.00722750542748956,0.006924149321014881,0.0066520537850455995,0.00644781458958724,0.00623946938571612,0.0060026648219977195,0.0058757752288566,0.00576993028678572,0.005646100937847,0.00549431861465292,0.00527323274110044,0.00508253084556372,0.00480836368145756,0.0045134130977795605,0.00431596916242368,0.00409891235394504,0.0039158414559527874,0.00376511726539546,0.003652840554942684,0.003523959774979452,0.003428752285031368,0.0033842993321251684,0.003354724037415596,0.0033200215460447483,0.00315682194762808,0.0030714128252789957,0.002826647370250888,0.00268599258478018,0.0025075245670318318,0.002365519087447992,0.002196274230888728,0.0020987575848233518,0.001996004917076664,0.0019814720896120237,0.001952715122978936,0.002004040904947508,0.00196082320720266,0.00201543667146212,0.002042533592972816,0.002128611900840324,0.0021348962182233724,0.001970384742870832,0.001801701147992564,0.001593015861079752,0.0013167107565708281,0.0010791012422132799,0.000872701320992896,0.000649563697587924,0.000496802521891752,0.0003981886381845768,0.0003786294775836812,0.0003513142722448492,0.0003861336074031212,0.000442279045300068,0.000606339284075372,0.000728615328871828,0.0008749961997776839,0.001020981858110128,0.001082790591673772,0.001153879091070008,0.00122102802785762,0.001189667863399228,0.00130388922609186,0.0013271636010143918,0.00144559051705728,0.0015510910645673318,0.001641838943570932,0.00173206229250612,0.001912744777141252,0.001997108578405452,0.002043833530641088,0.002078439499959984,0.002044527733763348,0.001986293798325232,0.0018578768084875359,0.00171366935693026,0.001537833814777908,0.0013667484625761478,0.0011615801408685839,0.000950197888688452,0.000795228284340728,0.0006684597431185841,0.000594774801821616,0.000484884324802136,0.000400876429504876,0.0003266317409165924,0.0002172738215218928,9.5538920913682e-05,-7.453084321723199e-05,-0.0002594839828243512,-0.0004889056738098441,-0.0006662909776175,-0.00083774166557944,-0.0009350600344314441,-0.001055861323668664,-0.001145668546275248,-0.001071128116941916,-0.000983265184928636,-0.000869179123404476,-0.000718692872089216,32
Cl-28,0.12431902874767481,0.1225572838836164,0.1211739527935052,0.1195768559392272,0.1178315599910344,0.11630380706266681,0.1153717354521128,0.1151425562753548,0.1150184729098972,0.114662268680094,0.1144340455581432,0.11488873644488401,0.1149927773343896,0.1156112676903316,0.116342778153116,0.1169631613603064,0.11778505422804361,0.118859788152002,0.1197175668842092,0.120845539939474,0.1218809662941944,0.122911475502926,0.1239168838253348,0.1247714077550984,0.125251721549558,0.1251637488573764,0.1246351389355588,0.1239296586836696,0.1229252540505328,0.1216287133515956,0.12024901221759719,0.1186247217332496,0.11681598453239479,0.11471855453869961,0.1123368532835668,0.1100385893834564,0.1075635138904564,0.1050085451337308,0.1026027290850124,0.1006886073558608,0.0996221470785,0.0991960033880316,0.0989078236060188,0.0985061477421216,0.0980337418531268,0.09791673009813841,0.0978090553754568,0.09754193101081,0.09725056568257319,0.0970027566558804,0.096833903166382,0.0965482941904256,0.0962521716722612,0.0957201639415552,0.0949694549096356,0.0944536130705316,0.0939505449304516,0.0932518460681644,0.0923851624140252,0.0917125217925856,0.09132581879467919,0.0908654437359048,0.0900750223100612,0.08924384238334361,0.088578749347612,0.0877513032761164,0.0866969871056788,0.08561181520599921,0.0846155522203248,0.0836097652151352,0.0823668037591776,0.0812808006279236,0.0801978138457264,0.0790033800788696,0.0778239652971008,0.0768440694622056,0.0761360127319484,0.075559056750058,0.07510889699228321,0.0745160084688836,0.07407599883608999,0.0737463494569884,0.07322651127047079,0.072697584101862,0.0722144911683264,0.0716315488490184,0.0709473419456708,0.0704408994978092,0.06993888820125921,0.0694331556256012,0.06900435230039681,0.0684841366862948,0.0680214102863288,0.0674926537158024,0.066920358205234,0.0663254178918036,0.06574326792509641,0.06516849730620039,0.064646136118076,0.0640421161906988,0.06341979311885759,0.0628089218634388,0.062162951612821205,0.061500868734978,0.0607610916668344,0.0599459748947456,0.058994326167674,0.057998261308254,0.056988285456972,0.0559463574786352,0.054695753698768,0.0534868947396028,0.052331349356225604,0.051259372146904,0.0502040776491632,0.0491913285425412,0.048222597437976,0.0473609449469352,0.046592382451474,0.0459518542424984,0.0455343460865896,0.0451799778880156,0.0448968786147444,0.0446638782936356,0.044498723371236,0.0442582226722088,0.044101582477662,0.043995073345205596,0.0438252598605828,0.043461147788509596,0.0429946210709812,0.042567747243920005,0.0422666699468068,0.0418663524574776,0.041423140281948004,0.040976464353044,0.040579989538556,0.040156153812673206,0.03975088211224668,0.03948028063986052,0.0392521776895792,0.03904304318250156,0.038898738875966524,0.03874604075754704,0.038511557221707154,0.038178352099007516,0.037884958563031076,0.03751724435611908,0.0370460090490964,0.0365336260495882,0.036134887834296234,0.0356060915928562,0.0351177665998424,0.03466178574780612,0.034124083075021724,0.0336873616988196,0.033215540107225036,0.032687784139743124,0.0323280290449696,0.031963468966725916,0.0315377620690318,0.03099647617370184,0.03039643866146272,0.029822224046166,0.02918943536999812,0.02857075062361332,0.02791390137457496,0.02722091139570896,0.026556254547128042,0.0258845538711094,0.02530740910297644,0.024717933607607923,0.02409897554933508,0.02346873331356632,0.02279718912387896,0.022091270656409877,0.02137137488246852,0.0206696382797094,0.01996268532182148,0.01924630403288824,0.01858713275858544,0.01793844017241604,0.017339486570658518,0.01683148721295932,0.016328470290812,0.01588758563581652,0.01548813348130176,32
Cl-28,0.09653469652264281,0.0954980650163028,0.09432251279649241,0.0928414109274808,0.0910822609952568,0.0890838010972632,0.08738458447042881,0.0864722955352976,0.0860795356638852,0.0861258796335196,0.0863977883117564,0.08703525363598319,0.08846156492290601,0.0892508722844416,0.0902764099845428,0.09142282724884081,0.092662944349258,0.0939269905399732,0.0951489022588388,0.0963487466638624,0.09748862648710001,0.0986041197047324,0.0996616687759124,0.1006332025625708,0.101520441525142,0.1022944561252704,0.1030143118460092,0.103668619718468,0.1041921086327112,0.1045384211007344,0.1048761702172972,0.1051998690278144,0.1053987582444744,0.105397666519936,0.1052554771103064,0.10495895336147999,0.1044291270812516,0.1038793813296024,0.1032488939037168,0.1025455186918016,0.1019492976510136,0.101457264330546,0.10101922014480201,0.1005468897927064,0.1000303999448088,0.0993511541963632,0.0986143872743736,0.0980330374832772,0.0977257764554032,0.09767179178288,0.09766186465655041,0.0975468443163712,0.097365351851294,0.0970373470490144,0.096536001124816,0.095822012540448,0.09490438650518161,0.0940234824813924,0.09301954037294201,0.0921754360782972,0.0915381819734864,0.090835133279884,0.09023840720514881,0.089497979755548,0.08880351957668761,0.0881202955220384,0.0873728824064516,0.08648608023591839,0.0857073699029436,0.0848439739627136,0.0838680206482004,0.08281757728453719,0.08166607896671761,0.08045052869137401,0.0792738822782884,0.0782498972241092,0.0773417777505744,0.0766011134047492,0.0760952524642336,0.07593034247101921,0.07603610519013959,0.07595067697453879,0.07561631882986561,0.07521517136779801,0.0746645581268224,0.0741955878443496,0.0737578503072396,0.07342356608020639,0.07291969759912681,0.0724821967382568,0.0721889284451104,0.0717847388629156,0.07145698061916281,0.0711900336346608,0.070968757219682,0.07075575034346519,0.0705705967089128,0.0703074568284876,0.0699414222915796,0.06954123847369721,0.06911848030367121,0.06869455929073319,0.06826221394777081,0.0677859411334164,0.0674021779253416,0.0669762101707068,0.0665300126077036,0.0660239701364356,0.0656933565259892,0.06536495746540559,0.0650818105197864,0.0648558926285412,0.0644628100888044,0.0639196784996388,0.06341494939824399,0.06295827899635441,0.062356366486577997,0.061841816017108,0.061279611324645204,0.060758106242109595,0.0603879535683608,0.0600223379297136,0.0594083744511588,0.0588774487719496,0.0584562990632692,0.0580322555001064,0.0575685658336024,0.0570479207566828,0.0563833134929804,0.0556905231190436,0.054957115871514396,0.054127725072458,0.053213863197498,0.052370075033991596,0.0514213432069972,0.0504232457871188,0.049407584246419604,0.0483924344644172,0.0473938108428472,0.0465208577655596,0.0457158216729132,0.045048217499762004,0.044329445355224796,0.0437453971115876,0.043141799453646004,0.0425486017760704,0.042081767779406,0.041545768410144,0.0410199459524128,0.0405319491578492,0.04012140503436,0.03974030115736868,0.03943556244876676,0.03921233142857284,0.03907747295417272,0.03895263669020428,0.03877684618107056,0.038516552206147754,0.03822936559825888,0.03784409151961244,0.037438842939040276,0.03695257217011304,0.03651633187356824,0.035988368767295595,0.03557248496864804,0.03510395858565228,0.03453829149800568,0.03399537993821908,0.033389673046953,0.0328539403683642,0.03236862877420976,0.031929798364124996,0.03148757172946372,0.03096332519420168,0.03036840368595432,0.02985922960343596,0.029247493008650798,0.028638323478788683,0.02806184283278444,0.027437058149596162,0.02688719763000096,0.026336650352904917,0.02589266329277276,0.02545161284519228,0.02507937195385096,0.02474831080835536,0.02444204713357296,32
Cl-29,0.2205706573081468,0.2310459572475864,0.24202063009575162,0.2530579630718872,0.26451268273701284,0.27635735136129436,0.2876424162209088,0.2967834979530148,0.30328494073198603,0.3065554036254388,0.3069958593769324,0.30751220217695036,0.3095573249277356,0.31151868762796603,0.31408740812861324,0.31635645330251877,0.3185416213671388,0.3217240575145924,0.3254650620373696,0.32799463042815397,0.3275824580795448,0.3228537089080892,0.314458308768846,0.306509777993956,0.3000133231178724,0.294050764553184,0.2883253630198112,0.2838458774893316,0.2801271905286344,0.2765603068659648,0.2727423699854208,0.26865773675171317,0.26356572579205156,0.2573663693435344,0.24955835660923759,0.240098775585654,0.2282233812799472,0.2126621317808208,0.1917454099603764,0.1590847810683612,0.0818556720367688,0.03031687932256188,0.023760401308677237,0.02223126101508116,0.02145154180448884,0.02079285773815604,0.02016999235539044,0.01966903891825228,0.01924591405521624,0.01884112219352144,0.018561710802534877,0.01813919843977584,0.017809645805501317,0.0174216696604774,0.0169736502474412,0.016598563503471157,0.01625473391652076,0.01599121320432292,0.01565039440116068,0.015421784360568961,0.015199105494366441,0.01496418825544684,0.01475315029056904,0.01457329731444804,0.01435901679075452,0.014182368042853801,0.0140974932279218,0.0139047626180698,0.013675585531585441,0.0134518369665356,0.01318436844007972,0.01293745842007948,0.01277652161428752,0.01246609516295692,0.012172462217323,0.01209236011812268,0.011866532003789001,0.011704183348993761,0.01155934480353768,0.011459201631280919,0.01130771193956392,0.01123509619852436,0.01107106136251568,0.01087354630391588,0.0106875819866874,0.01044057413003472,0.01019487144374648,0.01006195642958044,0.00988565629326092,0.0096390113325798,0.00948827212958628,0.0093205815389914,0.0091343730239522,0.00899573537293556,0.00889125445819828,0.0087382506388904,0.008586762795082682,0.00840559414847232,0.008164252447003402,0.00793325102918576,0.0076761769009861605,0.0074284557194606,0.0071676679214172,0.00690657228961932,0.00664092421058904,0.00635680560738684,0.00604004999616308,0.005827311560256241,0.00561309852264172,0.0053830909833401195,0.0050859815654039605,0.00487340343028832,0.00465620625817368,0.00435248079116668,0.004080111970377959,0.0038030997435044723,0.003248972233082108,0.0026332162121800243,0.002423066664129336,0.002286038408130648,0.002148189423690216,0.00205690425410734,0.001883542054584148,0.00180583590467522,0.001688728071326264,0.00162773961374906,0.00157128681226908,0.0015160790489531079,0.00138809931119414,0.0012342348496305919,0.001071779357581408,0.000911261877071348,0.000700762866838624,0.000503264825890784,0.0002829286190796228,0.00018075000546948001,6.39273922679832e-05,4.83574475737348e-05,-1.366653498948592e-05,-4.5538411333338e-05,-2.231257816316476e-05,2.499586145524024e-05,4.4928093020196e-05,0.0001257447320834628,0.0002213413095898164,0.000258643529069636,0.000257537055774966,0.0002449205598064072,0.0002681384488213052,0.000292404065610704,0.0003701384597946092,0.00040360062822302,0.000433379282705464,0.000484222889819708,0.000575832922391996,0.000666197919933448,0.0007473767329475241,0.0007682613813692,0.000798439117880856,0.0007014820490731681,0.0006890528062376839,0.00053302493052516,0.000434925744276132,0.0003203228596837848,0.000180902533581216,6.04905493700888e-05,4.4003759230756e-05,-8.072553056149839e-05,-0.000210411139756042,-0.0003097264191197956,-0.0003576888739904096,-0.00041090827962683203,-0.000486752204917052,-0.000576009676575516,-0.000675971535572092,-0.000799553391084392,-0.000910059925495924,-0.00104658666834666,-0.001151360038502704,-0.001312429755580272,-0.001391359850384896,-0.0014056183095817161,-0.001408467670847704,-0.0014050984805052081,-0.0013477667232203161,-0.001290265531739496,-0.001212045915095152,8
Cl-29,0.2432603319562044,0.2532699417354968,0.264371239433404,0.2760651564204196,0.2883945236516364,0.3007859850347532,0.3124558580114928,0.32098032936501,0.32504061361595765,0.325577909540754,0.3274170714621928,0.33080527199764,0.3353641911576924,0.338802608990954,0.3427667164314652,0.3483518424801848,0.35436221430740317,0.35978870624784876,0.3642005253711484,0.365155605815162,0.363075057300766,0.3551885983619732,0.3438973873325604,0.3316159606362532,0.3197088260077512,0.3102012320232736,0.3039258293008904,0.300345750480148,0.29759994118544236,0.294893795933762,0.29162092361976,0.2877210104000084,0.282627853546906,0.2768088698028264,0.26991451694817237,0.26168803855848605,0.251721980636324,0.2390488770362964,0.222617914045782,0.19885697696488402,0.16360156441404838,0.0916557607091052,0.03026521812102504,0.020595226964406202,0.0180547592598164,0.016304502395139402,0.0146303152652814,0.01352215662400736,0.012675065551359041,0.01192611612080408,0.01133729829673476,0.01070764209971936,0.01011925820890424,0.009535138413180719,0.00899356901119036,0.00852516183629856,0.008040696866895519,0.0076344160906745605,0.00728103488497012,0.0069723702539933605,0.0066977905378396,0.0065295804664160404,0.00626451059822768,0.006169421037744521,0.0059729203149493605,0.00582677433353508,0.00574275455209556,0.005674554634589079,0.005536092890486161,0.00534718403040152,0.00511901099038156,0.004922321751896721,0.00476942787317764,0.00446984936161884,0.004504598609609,0.00445082833610224,0.004299859108105679,0.00430028319740972,0.00431076247139604,0.004291897251437361,0.004271865749643801,0.004263615027822081,0.00418060338079416,0.00403565006569492,0.003946191727372456,0.003812768326683316,0.0035166212336496597,0.003372696926899376,0.003328932204934984,0.003163118443777416,0.0024539467898157443,0.00232874518629214,0.002219980087830788,0.00222582246764954,0.00221947725215626,0.0021398994681604997,0.002049327913580852,0.001932413822415572,0.001770716338869048,0.0015452061368144481,0.0012846884542036122,0.00099004849566994,0.0007257469534413959,0.000419369276342736,8.55056620185404e-05,-0.0003567961950681876,-0.000811206604504348,-0.001126695473323808,-0.0013976097124590561,-0.001619780806709828,-0.001662623246694528,-0.0017587091047658401,-0.0018226980597690322,-0.001957314002568556,-0.00202151179063072,-0.002118221884651876,-0.002253674245559968,-0.002318366646685348,-0.0023835513806334282,-0.002410600593948568,-0.002444260382540212,-0.002383181632664824,-0.002381214470323628,-0.002389046796628344,-0.0023275638026638078,-0.002301515454018852,-0.0022999957472320397,-0.002288649880217088,-0.002309998967332544,-0.0023877785955003523,-0.002520669079413064,-0.0026760163796853,-0.002819213404609716,-0.002921710421675476,-0.003065770710654324,-0.003196014599328408,-0.003206935935421324,-0.003181387856205688,-0.00319018403842106,-0.003153092376183924,-0.0030370575169192883,-0.002951641879854128,-0.00284534580123074,-0.0026623165559952642,-0.0025471718601121716,-0.0024362735193423483,-0.0023869292110798883,-0.002300526595173324,-0.002194074377835112,-0.0021515630185032883,-0.00205712326142288,-0.001963071948592888,-0.0018526668771278601,-0.0017417737101069238,-0.001629162981659644,-0.001488361786224748,-0.0013834974834576038,-0.001282148468268836,-0.00124719120620922,-0.001251499805087232,-0.00129921406513826,-0.001376554281808348,-0.0014340292433858359,-0.001531659653500676,-0.001678294610656904,-0.0017786559059299002,-0.001865262884507408,-0.001954030296192892,-0.00204514870817456,-0.002093815789434068,-0.0021360135761823358,-0.002170339122667752,-0.002136033659378,-0.002224588838785252,-0.002313731981641196,-0.002390748076569932,-0.0024716696637662,-0.002601199272711688,-0.0026989366808870237,-0.002807925069238504,-0.0028413189476768877,-0.0028673308162002276,-0.002849475526771532,-0.0027512224542869837,-0.0026857168682802,-0.002595219519610592,-0.002381213303318492,8
Cl-30,0.2482941175733624,0.2590309082778572,0.27079752165766885,0.2829680226158648,0.29523165220824515,0.3068237459829604,0.3164992026531564,0.322841088246648,0.3239412198137528,0.31946686680696923,0.31339666540243477,0.30880578489647836,0.3060746258645368,0.3041591293972952,0.3033269301380056,0.3031713115897312,0.30349267721018075,0.3040841943975276,0.3047496669136852,0.30571468703604,0.3068612367704948,0.308481836189344,0.31025330363486436,0.3124482175211604,0.31497377393231396,0.318121343625548,0.321776855522966,0.3261808113688972,0.33068691626151836,0.3353464686008252,0.3407667034243488,0.3461540911562796,0.35105556461732157,0.35471342647082243,0.35650431679345124,0.3554437128855836,0.3506189022661124,0.3385705948695956,0.3163337738511448,0.27611058746847483,0.2031849321766192,0.1011285043657048,0.0408170751465844,0.03088345765509672,0.026589323784549878,0.02181848504174732,0.01660665737258568,0.01294530499087092,0.0116657156567998,0.011026380118222922,0.01051813646527472,0.010051675796501802,0.009610161394017038,0.00921700733599012,0.00881704850328936,0.008442439193390999,0.0080804843988222,0.00775384675585196,0.00746904892195552,0.00722612087045064,0.00705016941492324,0.00692528464990712,0.00677427945929416,0.00660736623083692,0.0065054970799777595,0.0064074027596236795,0.00631766102991388,0.00621033721758964,0.006036331400692719,0.00585252861180796,0.00567891466089448,0.005522414084120839,0.0053328398200788805,0.00518679431006828,0.00506847564484724,0.00491723641885928,0.00485692412236476,0.004763762662560161,0.0047505995834527205,0.00470414332174344,0.00468139198384708,0.004626725211434,0.004510644736282319,0.00439077245439624,0.0042595741015674,0.00410134574604708,0.00400322893084336,0.003879332585969212,0.003778176363783468,0.003663718538091408,0.003596427615325708,0.003562794634654512,0.003486869645035224,0.0034449587763653684,0.0034504127947150402,0.0034182756238653198,0.003397591419172172,0.003310902949985016,0.003247856109746524,0.003121532988259632,0.002936163209723556,0.0028437423253925118,0.00268804171454694,0.0025222565338683077,0.002438451690836872,0.002307121684028032,0.002150875218128948,0.002018845120018432,0.001955589422543956,0.001926336444327084,0.001900869346435164,0.001889920978874228,0.00185393869824214,0.001752649437748428,0.001661830488459516,0.0015299473207019121,0.001430957521278596,0.00134775089124896,0.0012739993306028561,0.001295145744435336,0.001239217743706,0.001217413393258648,0.001235707228843844,0.001252179136698312,0.001251653992312848,0.001288970522329556,0.001308834757401028,0.0012256285692128761,0.0011678272205798961,0.001055795375559368,0.0008983045903668641,0.000752871165820832,0.0005389962802631239,0.00044943859530448797,0.00027108344499219677,0.0001457424161829152,0.0001227821412749824,0.00013906774170251878,0.00011423272410322959,0.0001263959169668528,0.00018991249440644,0.00032218997576125756,0.0003832560183693828,0.0005311207690989361,0.000618873224284036,0.000681001975783088,0.000698884194092156,0.00075829492164312,0.000808746914855732,0.000851568346017332,0.000918958743216552,0.001042401400026992,0.0011210222640902039,0.001174316083788784,0.001262186463566748,0.0013854168892768319,0.001422865079846956,0.001461926077952316,0.001478554018083804,0.00151104037326742,0.001445183824346328,0.001367183338892896,0.0012290814002379,0.001111531647960212,0.000966603579746096,0.000882648298107864,0.000750731180404284,0.000636292523668364,0.000540263884217816,0.00048235069182718396,0.000414133430423288,0.00039646508125167003,0.00037631903415708,0.0002843259190174484,0.0001629884256197668,9.75374240452196e-05,7.99174705796332e-06,-0.0001792846306377896,-0.00032413050516054843,-0.0003620872610919224,-0.0005012807730001561,-0.000541063899219744,-0.0005395157125891559,-0.00044938630119812,-0.00037952591603417876,-0.00030771805152900677,-0.00018814343078032438,16
Cl-30,0.2425483906526948,0.2515197504884232,0.2618402672104048,0.2725112763310884,0.2834291005575748,0.2941276917170872,0.3040740354910788,0.3103268518192168,0.3094810530995836,0.3009604685884668,0.2921698485747892,0.2855239332350788,0.2787356369988608,0.2729374257621416,0.2691638304377548,0.2666874729774936,0.2650394678803084,0.2638448310386088,0.2631549499684312,0.2631179122946216,0.26335259245179204,0.2642395657891476,0.2652117434658312,0.26670392431602236,0.2683045933845076,0.2699624683288228,0.2717288800108288,0.274392836567086,0.27686310434242883,0.2799133559296804,0.2831923637096148,0.2870131469258208,0.29147477435850444,0.29605300321189837,0.301352461111726,0.3065112351228816,0.3114443964867688,0.3159392131330188,0.31877371462998044,0.31932255712068963,0.316383915254486,0.30874248716746,0.2968231427612812,0.27767691459796323,0.24032921828334441,0.1731795147399932,0.08171278363343121,0.026840960496784843,0.017167536572136922,0.01491863832695592,0.01354270035240184,0.01235859762932656,0.01130249852827836,0.01042201283975288,0.00952978916816248,0.00872125075376232,0.007999407574603599,0.00735445640538008,0.0067651557311068,0.00623492480535956,0.0058016906027756,0.00539740769765884,0.00506742862267236,0.00475320052226588,0.004547305590814721,0.00432954266848968,0.00408738446488424,0.003842231738034292,0.003635558490056848,0.00332721655293876,0.0030382427849496756,0.002775760994549284,0.0024985223205424203,0.0023010732748482,0.002084453239838016,0.001957508468374904,0.0018208290210523159,0.0016827352246814799,0.001573805048285736,0.0014938107621638478,0.00146197844028478,0.001386422404349676,0.0012990736105833042,0.0011438676300222922,0.000968152844845344,0.000803049352036828,0.000671821389613104,0.000529716577373756,0.0003984003811623884,0.00026993605590511997,0.0002515275145390388,0.0001968361349514204,0.00013569351613683682,0.0001230398547810404,0.0001429192803265344,0.000152753735857594,0.0001315002326100776,0.0001266530539981472,-1.81033649440724e-06,-0.0001213395686144912,-0.0002130813816077268,-0.0003285583609266196,-0.000448390217772816,-0.000539216525684564,-0.000560338945480852,-0.00066613633048288,-0.0007129292842667279,-0.000747057389884212,-0.000712389121170068,-0.000716961325107192,-0.0006895220064373801,-0.0007039777425472,-0.000747785431477212,-0.000839249101462676,-0.00091241940837914,-0.00100835637741926,-0.001139329125829364,-0.001226567475061552,-0.0013096159745368079,-0.001345185708260516,-0.001350129579265956,-0.001322567827506292,-0.001302967844114848,-0.001282948110349412,-0.001262959536053804,-0.0012514916365890321,-0.0011810416068083,-0.0011932085647303038,-0.0012539286813231761,-0.001385280975313088,-0.001541140063000804,-0.001739952463084288,-0.001963678707556276,-0.0021284168124240323,-0.002267897274515708,-0.002403981117969132,-0.002428393541831104,-0.002432161147206824,-0.0024461303819459357,-0.002476213022661988,-0.002401737026288604,-0.00223550081214026,-0.0020776471215826642,-0.001930311688082056,-0.001818938537613668,-0.001736838901736204,-0.001649011864802532,-0.001609948594561188,-0.0015998147031316562,-0.0015018128041401919,-0.001449629630915828,-0.0013460364276526439,-0.0012274651895012921,-0.001102928369501668,-0.000977979894185788,-0.000881151134496324,-0.000766507565101724,-0.0006510105403928241,-0.000636588154439964,-0.00065357455511174,-0.000683164767943196,-0.000804205213570776,-0.000884571407034072,-0.000999971946927472,-0.0011847315831048958,-0.00131352027441092,-0.001411942017446328,-0.001505088581585408,-0.0015897900841665559,-0.0016408941706194,-0.001729832022424364,-0.001718109353939344,-0.0017972938024168482,-0.0018322875335248202,-0.001933428152504116,-0.002035170975785984,-0.002143335358966556,-0.00230507994653602,-0.002441603885469036,-0.002556565253372248,-0.002599693433139524,-0.002653094670000976,-0.0026694895817939643,-0.002574412301377,-0.002477764927993124,-0.0023833588625578363,-0.0022336631712958363,16
